,question
0,q010
1,q015
2,q016
3,q022
4,q023
5,q024
6,q025
7,q037
8,q038
9,q039
10,q040
11,q082
12,q083
13,q084
14,q087
15,q088
16,q089
17,q090
18,q091
19,q092
20,q093
21,q094
22,q095
23,q096
24,q097
25,q098
26,q099
27,q100
28,q101
29,q102
30,q103
31,q104
32,q105
33,q106
34,q107
35,q108
36,q109
37,q110
38,q111
39,q112
40,q119
41,q120
42,q121
43,q122
44,q123
45,q124
46,q125
47,q126
48,q127
49,q128
50,q129
51,q130
52,q131
53,q132
54,q133
55,q134
56,q135
57,q136
58,q137
59,q138
60,q139
61,q140
62,q141
63,q142
64,q143
65,q144
66,q145
67,q146
68,q147
69,q148
70,q149
71,q150
72,q151
73,q152
74,q153
75,q154
76,q155
77,q156
78,q157
79,q158
80,q159
81,q160
82,q161
83,q162
84,q163
85,q164
86,q165
87,q166
88,q167
89,q168
90,q169
91,q170
92,q171
93,q172
94,q173
95,q174
96,q175
97,q176
98,q177
99,q185
100,q186
101,q187
102,q188
103,q189
104,q190
105,q191
106,q192
107,q193
108,q194
109,q195
110,q208
111,q209
112,q210
113,q211
114,q212
115,q213
116,q214
117,q215
118,q216
119,q217
120,q218
121,q219
122,q220
123,q227
124,q228
125,q229
126,q230
127,q231
128,q232
129,q233
130,q234
131,q235
132,q236
133,q237
134,q238
135,q239
136,q240
137,q241
