,county,sex,xiang,d001,d002,d003,d004,d005,d006,d007,d008,d009,d010,d011,d012,d013,d014,d015,d016,d017,d018,d019,d020,d021,d022,d023,d024,d025,d026,d027,d028,d029,d030,d031,d032,d033,d034,d035,d036,d037,d038,d039,d040,d041,d042,d043,d044,d045,d046,d047,d048,d049,d050,d051,d052,d053,d054,d055,d056,d057,d058,d059,d060,d061,d062,d063,d064,d065,d066,d067,d068,d069,d070,d071,d072,d073,d074,d075,d076,d077,d078,d079,d080,d081,d082,d083,d084,d085,d086,d087,d088,d089,d090,d091,d092,d093,d094,d095,d096,d097,d098,d099,d100,d101,d102,d103,d104,d105,d106,d107,d108,d109,d110,d111,d112,d113,d114,d115,d116,d117,d118,d119,d120,d121,d122,d123,d124,d125,d126,d127,d128,d129,d130,d131,d132,d133,d134,d135,d136,d137,d138,d139,d140,d141,d142,d143,d144,d145,d146,d147,d148,d149,d150,d151,d152,d153,d154,d155,d156,d157,d158,d159,d160,d161,g001,g002,g003,g004,g005
8,AA,T,3,2658.0,78.5,65.4,415.0,26.5,9.9,2.6,7.4,62.5,121.7,415.0,536.0,42.8,88.3,1.6,0.8,15.7,604.0,34.7,1.81,1538.0,386.0,8.3,9.93,5.19,36.1,12.72,1005.0,160.2,1165.0,86.0,13.9,47.9,17.5,74.5,25.6,492.4,21.7,0.8,18.4,32.9,199.9,128.7,7.3,4.5,1.3,0.6,18.0,74.8,60.5,14.3,63.6,3.3,35.2,38.5,8.5,12.1,24.3,8.2,0.0,10.0,4.8,3.6,4.67,6.14,1.35,13.06,2.94,1.55,3.01,5.19,3.33,1.33,2.69,3.31,3.12,2.99,2.43,1.01,2.66,3.58,27.05,29.61,19.85,202.7,0.71,34.0,39.0,24.8,1.69,0.97,3.3,26.12,25.59,4.4,34.4,32.0,0.81,1.0,25.3,4.23,131.9,0.93,0.5,5.8,12.1,2.02,13.51,1.44,127.0,13.2,14.0,5.11,25.11,26.02,3.24,47.73,257.4,124.8,52.1,1.43,78.1,23.6,236.6,357.0,10.0,13.8,10.81,35.2,0.001,0.001,0.028,0.007,0.147,0.001,0.6,0.01,0.019,0.003,16.96,1.8,0.139,0.021,0.022,6.24,31.42,34.22,4.33,0.056,0.333,0.153,0.058,0.0019,0.095,0.034,0.311,0.493,0.016,0.022,0.015,0.038,31.1,121.4,50.0,1.0,4.0
17,AB,T,3,2711.0,65.0,66.0,460.0,21.4,9.8,1.9,8.0,67.9,208.3,1145.0,1354.0,41.7,137.9,1.3,0.8,13.1,679.0,29.1,2.32,1338.0,303.0,7.9,11.38,5.62,33.5,11.14,1026.0,146.6,1172.0,87.5,12.6,53.1,12.9,80.5,19.5,557.6,8.9,0.0,9.4,41.8,35.7,253.5,33.5,0.3,3.5,0.0,11.3,49.0,38.2,10.8,83.2,3.1,30.6,33.8,6.6,14.7,21.3,6.8,0.0,3.9,4.5,3.39,4.67,5.57,1.26,11.71,2.85,1.43,2.62,4.92,3.05,1.31,2.56,3.14,2.79,2.95,2.35,1.06,2.45,3.42,21.63,25.63,16.16,146.6,0.65,32.4,41.5,23.9,1.93,0.93,3.08,22.4,20.42,5.2,36.2,30.5,0.65,0.7,18.8,2.13,99.4,0.67,0.4,6.0,9.9,1.19,11.02,1.19,92.9,12.9,13.3,4.15,20.07,22.32,3.06,44.01,209.0,106.2,40.5,1.52,58.7,13.5,199.8,242.0,9.6,10.45,4.09,12.5,0.001,0.001,0.024,0.004,0.131,0.001,0.549,0.011,0.019,0.003,16.47,1.8,0.117,0.02,0.021,5.95,29.94,36.05,5.11,0.066,0.329,0.155,0.053,0.0031,0.085,0.03,0.332,0.405,0.018,0.019,0.009,0.028,31.2,121.1,50.0,1.0,4.0
26,AC,T,3,2590.0,65.9,62.5,434.0,22.0,9.8,2.0,7.8,67.7,104.1,444.0,548.0,36.3,87.0,1.8,0.9,15.0,607.0,28.4,1.92,1289.0,301.0,8.7,9.26,4.5,32.1,10.77,1021.0,142.8,1164.0,87.3,12.7,49.2,13.2,79.8,20.3,532.7,2.0,0.7,37.5,48.7,170.0,147.1,17.6,0.0,0.8,0.0,7.8,51.5,44.5,7.0,83.0,0.6,26.1,26.6,6.6,12.1,16.1,6.5,0.0,0.0,2.3,3.26,4.36,5.46,1.22,10.88,2.73,1.32,2.75,4.6,2.88,1.22,2.42,3.04,2.63,2.71,2.15,0.99,2.47,3.24,22.77,24.16,17.1,130.8,0.65,32.9,40.6,24.2,1.85,0.94,2.77,21.21,21.55,4.9,35.5,31.1,0.66,0.7,23.6,3.23,123.2,0.67,0.47,7.0,12.7,0.95,11.7,1.2,116.8,12.6,10.2,4.33,21.27,21.12,2.71,35.01,215.6,93.5,51.4,1.48,63.4,31.3,171.0,196.0,13.2,17.4,8.09,35.0,0.001,0.001,0.024,0.007,0.129,0.001,0.586,0.013,0.027,0.002,17.0,1.74,0.116,0.027,0.02,5.7,30.61,35.41,4.7,0.047,0.33,0.133,0.056,0.0029,0.093,0.079,0.301,0.349,0.028,0.037,0.021,0.085,31.0,121.2,50.0,1.0,4.0
35,BA,T,3,2293.0,22.6,63.5,459.0,9.2,11.0,0.1,10.9,79.8,5.5,414.0,420.0,20.2,68.7,2.9,0.6,16.3,421.0,33.5,2.47,1848.0,399.0,9.2,6.34,2.64,31.4,11.49,1133.0,4.8,1138.0,99.1,1.0,63.0,0.5,98.7,1.4,19.4,451.9,145.0,73.6,7.4,297.4,120.6,1.9,0.0,0.0,0.0,0.0,4.8,4.8,0.0,0.0,0.0,5.0,5.0,1.2,9.4,0.0,20.4,0.0,0.0,0.0,2.92,3.16,4.08,1.55,20.46,2.62,1.44,2.55,5.24,1.98,0.98,2.52,3.21,6.46,3.09,2.05,0.85,2.14,3.29,6.14,10.49,5.63,3.9,0.63,26.1,47.4,25.5,1.95,0.64,1.1,9.36,5.85,4.8,42.5,24.9,0.23,0.3,3.0,0.23,15.6,0.23,0.13,0.3,8.3,16.44,4.49,0.26,14.6,8.3,8.3,0.91,5.77,9.36,1.1,4.38,36.9,51.6,5.9,0.23,5.9,0.3,32.3,36.0,0.3,0.23,0.23,0.3,0.001,0.001,0.008,0.001,0.042,0.001,0.588,0.001,0.048,0.094,21.21,0.98,0.036,0.048,0.048,3.38,24.58,42.5,4.82,0.014,0.092,0.261,0.014,0.001,0.014,0.001,0.08,0.087,0.001,0.001,0.001,0.001,36.3,114.3,100.0,2.0,3.0
44,BB,T,3,2031.0,21.8,56.3,403.0,10.0,11.1,0.1,11.0,79.0,13.0,122.0,135.0,20.3,33.1,2.6,0.6,13.5,352.0,29.9,2.32,1700.0,403.0,7.6,5.94,2.36,28.9,9.43,1010.0,5.6,1015.0,99.4,0.6,55.8,0.6,98.9,1.2,3.7,377.2,147.2,29.9,1.1,425.4,8.4,0.2,0.0,0.0,0.0,2.8,2.5,2.5,0.0,0.0,0.3,6.9,7.2,0.3,9.2,0.0,15.7,0.0,0.0,0.0,2.69,2.62,3.49,1.34,17.52,2.21,1.24,2.23,4.75,1.63,0.93,2.27,2.8,5.59,2.69,1.81,0.78,1.81,2.85,5.69,10.34,5.54,16.1,0.62,25.1,47.1,26.9,1.89,0.59,1.36,8.96,5.4,6.7,40.5,23.8,0.22,1.8,1.7,1.03,9.3,2.63,0.1,0.2,7.4,13.71,4.42,0.27,7.8,8.6,8.1,0.89,5.25,8.96,1.36,2.12,42.5,66.1,3.2,0.22,4.8,0.2,50.2,89.0,0.2,2.14,0.22,0.2,0.001,0.006,0.005,0.007,0.033,0.008,0.496,0.001,0.043,0.08,22.05,1.17,0.024,0.05,0.045,3.87,23.07,40.44,6.63,0.008,0.13,0.296,0.009,0.001,0.021,0.001,0.153,0.424,0.001,0.014,0.001,0.001,38.0,114.0,300.0,2.0,3.0
53,BC,T,3,2527.0,38.7,70.0,475.0,13.3,11.2,1.0,10.2,75.5,87.5,84.0,172.0,22.2,28.9,3.1,0.6,19.8,389.0,35.5,2.73,1713.0,376.0,9.8,4.69,2.08,40.7,11.49,873.0,49.7,922.0,94.4,5.6,64.0,6.0,91.5,8.6,8.0,562.8,60.1,63.5,2.4,143.2,13.0,3.5,0.0,0.0,0.0,15.3,26.4,25.8,0.6,7.8,0.2,9.2,9.3,0.0,6.6,0.8,15.5,0.0,0.0,0.0,2.89,3.41,4.15,1.66,22.88,2.93,1.56,2.78,5.41,2.21,1.05,2.71,3.45,7.29,3.4,2.21,0.94,2.31,3.53,12.97,13.29,11.41,109.2,0.65,32.4,35.5,29.8,1.34,1.11,1.24,11.93,12.21,3.1,32.0,30.4,0.39,2.1,19.4,5.5,86.5,0.39,0.36,4.8,16.4,21.15,8.16,0.73,81.5,18.7,13.6,2.58,12.05,11.88,1.24,16.32,84.3,90.4,30.4,0.42,41.6,5.8,55.4,66.0,1.6,13.4,1.02,3.2,0.001,0.01,0.055,0.017,0.208,0.001,0.983,0.022,0.06,0.072,21.88,1.83,0.178,0.06,0.046,6.11,30.0,31.9,3.15,0.038,0.185,0.259,0.069,0.0011,0.097,0.019,0.113,0.138,0.009,0.044,0.004,0.013,38.4,117.4,50.0,2.0,3.0
62,CB,T,3,2675.0,33.2,73.2,520.0,11.2,10.9,0.0,10.9,77.8,0.0,143.0,143.0,30.3,97.4,3.7,0.9,16.4,439.0,33.7,3.17,2576.0,722.0,9.2,5.62,2.28,33.8,14.67,1106.0,0.0,1106.0,100.0,0.0,73.2,0.0,100.0,0.0,0.0,188.9,492.3,0.0,0.0,407.2,0.0,0.0,0.0,0.0,0.0,0.0,0.0,0.0,0.0,0.0,0.0,8.5,8.5,0.0,8.5,0.0,30.8,0.0,0.0,0.0,4.5,3.33,5.08,1.76,17.45,2.57,1.56,2.86,7.18,2.08,1.51,3.26,3.62,5.92,3.29,2.43,1.05,2.29,3.69,8.78,16.35,7.9,0.0,0.62,25.8,50.3,23.6,2.15,0.54,2.58,13.77,8.54,7.9,42.3,25.0,0.33,16.1,0.4,0.33,0.4,23.95,0.05,0.4,4.0,7.3,6.48,0.24,0.6,3.8,3.8,1.08,8.26,13.77,2.58,0.33,117.6,211.7,0.4,0.33,0.4,0.4,130.3,60.0,0.4,0.33,0.33,0.4,0.001,0.038,0.001,0.001,0.001,0.057,0.138,0.001,0.013,0.024,19.4,0.75,0.002,0.013,0.013,3.29,24.26,42.32,7.93,0.001,0.302,0.52,0.001,0.001,0.001,0.001,0.344,0.185,0.001,0.001,0.001,0.001,36.0,113.6,1250.0,3.0,3.0
71,CC,T,3,2118.0,32.3,58.1,400.0,13.8,11.0,0.3,10.7,75.4,36.5,297.0,333.0,28.0,66.7,2.5,0.5,15.7,418.0,31.6,2.05,1755.0,371.0,9.2,8.63,4.18,47.5,9.39,1022.0,13.9,1035.0,98.7,1.4,56.6,1.6,97.4,2.6,0.0,529.6,45.0,141.3,30.4,126.4,63.3,17.4,22.8,4.4,0.3,7.8,5.2,5.2,0.0,0.0,0.6,15.3,15.9,2.9,11.3,10.3,14.7,0.0,0.0,0.0,2.71,3.21,4.0,1.48,22.38,2.67,1.45,2.71,5.19,2.06,1.08,2.56,3.5,6.58,3.18,2.02,0.92,2.1,3.35,8.86,15.32,7.63,45.8,0.65,26.6,48.8,23.3,2.17,0.58,1.68,13.61,8.36,5.4,43.3,25.1,0.84,1.1,5.3,2.77,22.1,0.32,0.16,1.9,12.0,16.63,5.67,0.47,25.9,15.9,11.7,1.51,8.19,13.59,1.67,9.61,89.1,66.8,5.1,0.32,14.1,5.4,128.0,110.0,0.3,5.58,0.32,1.0,0.003,0.004,0.015,0.008,0.057,0.001,0.469,0.006,0.039,0.056,17.64,1.4,0.061,0.048,0.036,4.38,24.53,43.25,5.4,0.031,0.265,0.21,0.011,0.001,0.035,0.015,0.382,0.338,0.001,0.016,0.001,0.003,35.5,111.6,350.0,3.0,3.0
80,CD,T,3,2372.0,31.6,66.8,456.0,12.0,11.3,0.2,11.2,76.8,9.8,1601.0,1611.0,29.9,166.3,2.9,0.7,16.5,653.0,37.5,2.68,2294.0,406.0,9.3,10.17,4.55,32.1,10.5,1141.0,9.9,1151.0,99.3,0.8,66.0,0.8,98.7,1.3,5.2,445.1,65.3,263.7,13.0,37.8,245.1,20.3,0.0,0.0,2.5,0.4,7.0,7.0,0.0,0.0,0.0,11.9,11.9,1.1,14.3,18.5,18.4,0.0,0.0,0.0,2.77,3.17,4.25,1.48,20.21,2.6,1.39,2.54,4.96,2.12,0.92,2.39,3.19,6.26,3.06,2.02,0.85,2.06,3.25,8.44,15.21,7.37,8.1,0.67,25.7,49.5,23.4,2.22,0.55,1.87,13.31,8.01,6.2,43.3,24.4,0.42,1.6,5.3,0.43,28.8,1.59,0.16,2.2,9.8,16.77,5.6,0.4,23.8,10.0,9.0,1.38,7.86,13.3,1.86,4.0,73.5,74.4,7.7,0.32,9.3,2.3,86.9,85.0,0.4,0.59,0.32,0.6,0.002,0.006,0.012,0.001,0.072,0.006,0.5,0.007,0.037,0.066,18.36,1.23,0.05,0.038,0.035,3.94,23.82,43.21,6.16,0.008,0.215,0.264,0.015,0.001,0.019,0.007,0.27,0.264,0.001,0.002,0.001,0.002,37.0,111.9,1000.0,3.0,3.0
89,DA,T,3,2953.0,30.2,82.8,588.0,9.1,11.2,0.4,10.8,79.7,8.1,551.0,560.0,27.3,122.0,3.4,0.7,19.9,564.0,40.9,3.47,2449.0,475.0,11.8,8.09,3.72,42.8,13.63,1260.0,16.1,1276.0,98.6,1.4,79.3,3.5,96.5,3.6,7.2,617.8,61.0,195.6,29.6,294.2,15.3,0.0,0.3,0.0,0.0,0.0,12.5,6.3,6.2,2.1,1.6,9.9,11.5,0.0,11.1,12.4,23.1,0.0,0.0,0.3,3.42,4.2,5.22,1.9,26.76,3.45,1.89,3.29,6.37,2.85,1.19,3.1,4.19,8.31,3.99,2.6,1.07,2.72,4.19,8.49,13.63,7.53,24.1,0.67,26.7,47.0,24.9,1.99,0.65,1.21,12.4,8.04,4.1,42.8,25.3,0.3,0.3,3.3,0.68,20.4,0.3,0.18,0.3,12.1,22.2,5.79,0.41,17.1,16.9,16.0,1.38,7.83,12.39,1.21,7.15,53.4,88.7,6.5,0.3,6.9,2.9,62.6,132.0,0.4,2.25,0.52,1.6,0.001,0.001,0.006,0.002,0.051,0.001,0.602,0.001,0.049,0.093,19.9,1.27,0.036,0.058,0.056,3.88,24.51,42.78,4.11,0.027,0.16,0.305,0.011,0.001,0.015,0.004,0.195,0.487,0.001,0.004,0.002,0.003,33.6,114.6,50.0,3.0,3.0
98,DB,T,3,2267.0,27.3,63.0,442.0,10.8,11.1,0.1,11.0,78.0,10.5,714.0,725.0,27.7,57.9,3.1,0.8,19.8,456.0,41.9,2.49,1640.0,350.0,13.2,9.85,4.11,28.0,15.76,1107.0,3.3,1110.0,99.7,0.3,62.6,0.4,99.4,0.6,21.4,364.4,184.1,6.8,8.8,277.7,205.8,0.0,0.0,0.2,0.0,2.6,0.6,0.6,0.0,0.0,0.0,11.4,11.4,0.8,14.6,9.4,38.8,0.0,0.0,0.0,3.3,3.15,4.41,1.5,18.57,2.52,1.46,2.62,5.59,2.03,1.06,2.57,3.22,6.03,3.1,2.16,0.9,2.12,3.29,6.74,14.16,6.15,14.2,0.64,24.4,52.1,22.8,2.31,0.48,1.77,12.39,6.41,6.5,45.5,23.3,0.27,0.3,0.7,2.75,3.4,0.27,0.08,0.3,7.5,13.73,4.96,0.3,2.3,7.7,7.2,0.97,6.29,12.38,1.77,0.78,49.5,46.3,1.0,0.27,2.5,0.3,70.3,80.0,0.3,2.09,0.27,0.3,0.001,0.001,0.002,0.007,0.009,0.001,0.296,0.001,0.029,0.054,18.57,1.06,0.006,0.029,0.028,3.45,22.83,45.49,6.57,0.003,0.168,0.175,0.003,0.001,0.006,0.001,0.24,0.274,0.001,0.005,0.001,0.001,36.0,113.8,900.0,3.0,3.0
107,DC,T,3,2493.0,20.1,65.3,513.0,7.4,10.5,0.1,10.4,82.2,6.6,833.0,840.0,16.9,111.4,2.8,0.6,16.1,475.0,37.2,2.65,1958.0,486.0,8.8,10.78,4.65,34.6,10.56,1083.0,5.1,1089.0,99.6,0.5,64.8,0.4,99.5,0.6,0.0,453.4,161.0,233.2,6.5,65.7,127.6,8.0,3.7,1.1,0.3,0.6,2.6,2.6,0.0,0.0,1.6,2.3,3.9,2.9,15.6,1.4,21.9,0.0,0.0,0.0,2.99,3.2,4.0,1.6,20.38,2.66,1.5,2.59,5.48,2.06,0.98,2.58,3.31,6.69,3.12,2.04,0.83,2.2,3.33,5.83,8.76,5.18,7.0,0.64,27.6,45.9,25.3,1.9,0.64,0.65,8.1,5.59,3.3,42.6,26.5,0.6,0.9,4.0,0.58,18.7,0.23,0.14,0.7,8.9,15.9,4.05,0.22,8.9,13.1,12.9,0.9,5.51,8.1,0.64,2.5,27.4,62.9,3.4,0.2,4.0,0.2,25.7,17.0,0.2,0.6,0.2,0.2,0.003,0.004,0.012,0.003,0.076,0.001,0.642,0.004,0.051,0.093,20.4,0.97,0.019,0.066,0.065,3.75,26.07,42.52,3.3,0.008,0.107,0.316,0.007,0.001,0.01,0.001,0.109,0.07,0.001,0.003,0.001,0.001,34.0,112.0,750.0,3.0,3.0
116,EA,T,3,2339.0,38.6,66.9,430.0,14.8,11.3,1.2,10.1,73.8,54.7,441.0,495.0,17.5,98.5,2.1,0.9,13.6,620.0,34.0,2.02,2127.0,496.0,7.3,10.34,4.97,32.5,10.72,1185.0,71.6,1256.0,94.7,5.3,58.7,8.2,89.9,10.1,279.9,92.0,136.4,133.3,49.9,197.9,149.5,55.1,37.2,0.0,0.0,10.7,40.3,37.5,2.9,10.8,9.9,2.3,12.2,11.3,13.7,11.1,16.2,0.0,0.0,1.4,3.43,3.8,5.73,1.34,15.42,2.55,1.49,2.98,5.34,2.99,1.13,2.47,3.35,3.68,2.89,2.24,0.94,2.48,3.47,15.6,9.65,12.52,106.7,0.76,39.4,27.3,31.5,0.98,1.72,0.92,8.68,14.94,2.8,24.3,37.9,0.39,1.6,10.2,18.66,57.6,2.11,0.34,2.0,5.5,3.69,8.56,0.63,49.8,34.6,33.6,3.38,14.73,8.63,0.88,19.92,58.3,154.4,21.3,0.39,29.4,8.8,41.8,56.0,3.1,8.68,2.49,20.1,0.001,0.005,0.024,0.037,0.129,0.006,0.807,0.005,0.014,0.011,22.17,1.43,0.114,0.08,0.079,8.01,37.44,24.2,2.78,0.047,0.13,0.369,0.049,0.001,0.065,0.017,0.083,0.08,0.008,0.018,0.005,0.036,40.3,123.3,200.0,1.0,3.0
125,FA,T,3,2412.0,36.5,58.1,463.0,13.7,9.7,0.0,9.7,76.6,0.8,339.0,339.0,19.6,74.4,2.1,0.7,12.4,402.0,30.4,2.02,2310.0,610.0,4.3,5.77,2.33,23.7,9.69,1047.0,17.5,1065.0,98.2,1.8,58.0,0.1,99.9,0.1,34.8,84.6,477.6,254.6,0.0,93.0,86.3,0.0,0.0,0.0,0.0,0.0,0.7,0.7,0.0,0.0,16.8,0.0,16.8,7.2,8.8,0.0,28.2,0.0,0.0,0.0,3.62,2.64,4.33,1.42,12.43,2.02,1.31,2.19,5.95,1.88,1.03,2.44,2.83,4.35,2.42,1.8,0.66,1.92,2.95,13.39,12.02,11.01,16.2,0.71,35.5,35.6,28.6,1.38,1.18,0.8,11.21,12.9,2.5,33.1,34.3,0.36,0.4,0.8,0.36,5.8,0.36,0.23,0.4,2.7,4.85,7.61,0.43,2.5,52.3,52.3,3.1,12.7,11.21,0.8,0.79,2.0,195.2,1.2,0.36,1.2,0.4,0.6,1.0,0.4,0.36,0.36,0.4,0.001,0.001,0.002,0.001,0.015,0.001,0.553,0.001,0.007,0.011,20.17,1.06,0.004,0.128,0.128,7.76,33.82,33.09,2.5,0.002,0.004,0.473,0.002,0.001,0.002,0.001,0.002,0.001,0.001,0.001,0.001,0.001,44.3,123.9,350.0,1.0,2.0
134,GA,T,3,2785.0,70.0,75.5,462.0,23.0,10.8,0.9,9.9,66.0,83.0,290.0,373.0,53.6,109.5,1.8,0.7,13.8,555.0,29.9,2.6,2082.0,448.0,6.9,5.54,2.4,49.0,10.34,1253.0,69.0,1322.0,95.4,4.7,67.8,7.7,91.8,8.3,99.9,381.4,79.8,200.7,39.5,247.4,98.0,2.9,44.0,1.4,0.0,15.2,34.0,25.1,8.9,19.7,0.0,44.1,44.1,3.5,8.0,1.5,14.4,0.0,0.0,0.6,3.17,3.69,5.03,1.51,19.8,2.78,1.63,2.83,5.45,2.59,1.25,2.77,3.49,5.96,3.2,2.23,0.95,2.43,3.4,20.45,33.15,15.16,113.5,0.69,27.4,50.2,20.9,2.56,0.59,3.6,29.46,19.25,5.4,44.8,25.9,0.7,0.9,12.7,4.59,70.2,0.94,0.28,1.3,9.3,13.04,10.66,1.18,61.1,12.1,8.7,3.55,18.84,29.41,3.6,55.07,236.4,99.5,24.6,1.94,40.1,7.5,272.7,316.0,0.7,9.8,1.94,3.8,0.001,0.002,0.009,0.006,0.064,0.003,0.339,0.002,0.019,0.031,15.29,1.54,0.043,0.024,0.018,4.27,25.25,44.71,5.36,0.097,0.311,0.163,0.018,0.0034,0.038,0.014,0.387,0.443,0.001,0.012,0.004,0.007,46.3,132.2,100.0,1.0,2.0
143,HA,T,3,2141.0,68.9,62.7,312.0,27.6,11.6,1.1,10.6,59.9,88.6,401.0,490.0,33.0,84.5,2.4,0.7,21.9,452.0,26.9,1.86,1723.0,342.0,7.7,7.84,4.12,52.3,8.51,1029.0,74.5,1104.0,93.9,6.1,56.4,6.3,91.3,8.7,55.0,342.7,33.1,171.9,23.1,197.0,83.9,1.5,1.5,52.4,3.5,12.7,16.4,16.0,0.4,34.9,6.9,22.4,29.3,1.2,9.5,18.4,13.1,1.4,0.0,6.3,2.94,4.23,5.33,1.31,19.36,2.94,1.5,2.74,5.13,2.5,1.13,2.44,3.48,5.22,3.15,2.1,0.91,2.27,3.29,23.73,26.83,16.86,108.3,0.63,32.6,41.6,24.1,1.9,0.91,2.23,24.52,22.81,3.6,37.9,31.2,0.84,0.9,9.8,11.19,55.1,0.69,0.35,1.8,10.9,9.69,11.35,0.89,43.2,31.3,27.5,4.06,22.42,24.47,2.19,14.66,317.5,153.5,18.4,0.76,31.6,13.4,651.1,236.0,1.5,12.62,6.79,34.0,0.001,0.001,0.009,0.015,0.066,0.001,0.462,0.002,0.022,0.026,16.86,1.28,0.042,0.047,0.042,5.35,30.65,37.84,3.56,0.016,0.391,0.23,0.018,0.0013,0.035,0.018,0.778,0.307,0.002,0.018,0.009,0.043,36.2,120.4,50.0,1.0,3.0
152,IA,T,3,2724.0,39.9,67.2,524.0,13.5,10.0,0.1,9.9,76.5,3.4,892.0,895.0,31.2,133.9,2.6,0.9,19.3,686.0,37.6,2.37,1441.0,325.0,11.5,4.42,1.97,26.0,13.61,1078.0,10.9,1089.0,99.0,0.9,66.6,0.7,99.3,0.8,307.1,254.8,123.0,24.2,15.9,41.1,286.0,0.0,0.0,0.0,0.0,0.0,2.5,2.5,0.0,3.5,4.8,14.4,19.3,0.0,6.3,4.7,26.3,0.0,0.0,0.0,3.26,3.85,4.49,1.53,16.81,2.67,1.43,2.66,5.33,2.18,1.08,2.62,3.28,5.0,2.99,2.08,0.96,2.4,3.42,12.03,18.15,9.3,8.6,0.57,29.5,47.0,22.6,2.25,0.72,1.83,16.3,11.57,4.8,42.2,28.4,0.4,0.5,2.8,0.4,15.4,0.4,0.17,0.6,5.2,9.53,7.0,0.44,12.3,16.6,16.7,1.93,11.38,16.3,1.83,4.41,72.3,84.8,5.4,0.5,5.7,0.6,87.3,102.0,0.4,0.4,0.5,1.0,0.001,0.001,0.004,0.001,0.022,0.001,0.371,0.001,0.013,0.026,17.32,1.01,0.013,0.04,0.04,4.43,27.95,42.21,4.75,0.007,0.17,0.202,0.006,0.0011,0.007,0.001,0.227,0.264,0.001,0.001,0.001,0.002,34.1,118.9,50.0,1.0,3.0
161,IB,T,3,2341.0,48.0,48.7,425.0,17.9,8.3,0.5,7.9,73.0,25.9,589.0,615.0,29.7,109.2,1.1,0.6,11.5,519.0,32.0,1.69,1428.0,421.0,6.8,9.96,4.74,24.1,10.21,968.0,38.0,1006.0,96.3,3.7,45.7,3.0,94.6,5.5,391.2,37.6,102.8,15.5,39.3,117.6,195.5,10.6,1.7,0.0,0.0,2.6,21.2,18.0,3.1,5.8,8.5,19.4,27.9,3.2,13.3,15.9,12.9,0.0,0.0,2.3,2.99,3.72,4.68,1.33,11.26,2.24,1.26,2.25,4.58,2.21,1.04,2.37,2.78,3.14,2.44,1.83,0.76,2.1,2.94,16.16,19.01,12.19,40.3,0.59,31.7,43.9,23.2,2.22,0.95,1.93,17.02,15.4,4.5,39.3,30.3,0.48,0.5,8.4,4.13,41.9,0.48,0.25,0.9,2.0,1.94,8.25,0.74,40.7,27.2,26.9,3.32,15.1,17.0,1.93,34.12,124.4,131.5,16.8,0.6,18.7,0.9,123.4,181.0,0.8,2.52,0.6,1.1,0.001,0.001,0.013,0.006,0.061,0.001,0.401,0.002,0.005,0.006,16.25,1.33,0.06,0.043,0.042,5.83,29.7,39.25,4.5,0.073,0.263,0.217,0.025,0.0012,0.028,0.002,0.276,0.373,0.002,0.005,0.001,0.002,33.5,119.2,50.0,1.0,3.0
170,IC,T,3,2289.0,59.8,58.0,374.0,23.0,10.2,1.1,9.1,65.8,53.3,306.0,359.0,37.5,54.4,2.0,0.7,18.1,414.0,29.6,1.99,1363.0,266.0,7.4,11.2,5.06,27.8,10.12,931.0,70.1,1001.0,93.0,7.0,51.5,6.4,89.4,10.6,407.1,39.5,0.0,55.0,52.6,223.5,52.1,28.1,2.8,4.5,0.0,5.9,36.4,30.5,5.9,24.8,3.1,27.4,30.5,4.7,15.7,11.2,9.5,0.7,0.0,5.3,2.77,3.79,4.86,1.02,11.01,2.33,1.21,2.39,4.08,2.44,0.98,2.0,2.67,2.65,2.43,1.89,0.86,2.12,2.86,20.08,23.73,14.68,72.4,0.63,32.7,41.9,23.5,1.95,0.9,2.52,21.09,19.12,4.5,37.3,31.2,0.6,0.7,15.5,1.97,79.7,0.6,0.34,2.4,6.0,2.15,10.19,0.95,81.5,10.7,9.2,3.64,18.84,21.04,2.5,40.25,181.8,84.7,31.6,0.85,39.0,9.2,179.8,201.0,3.0,6.0,2.0,9.6,0.001,0.001,0.02,0.004,0.104,0.001,0.482,0.004,0.011,0.005,16.68,1.46,0.106,0.014,0.012,5.5,30.74,37.24,4.41,0.063,0.298,0.121,0.041,0.0015,0.054,0.014,0.318,0.352,0.006,0.011,0.003,0.012,33.4,120.2,50.0,1.0,4.0
179,ID,T,3,2593.0,53.3,51.1,477.0,18.4,7.9,0.4,7.5,73.7,36.1,714.0,751.0,35.4,116.5,2.5,0.9,18.6,548.0,24.7,1.48,1170.0,265.0,9.5,8.22,3.52,20.4,10.13,1022.0,33.3,1055.0,96.9,3.1,48.3,2.8,94.9,5.2,599.5,8.7,0.0,67.0,1.9,16.9,281.4,6.7,0.0,0.0,0.0,4.7,19.4,15.2,4.3,9.3,0.0,28.2,28.2,0.0,12.0,0.0,6.5,0.0,0.0,0.0,2.79,3.5,4.47,1.15,9.61,2.14,1.01,2.68,3.77,1.88,1.01,2.15,2.75,2.25,2.16,1.64,0.91,2.44,2.79,17.23,22.98,12.12,42.1,0.54,31.6,44.9,21.9,2.15,0.76,2.52,20.39,16.54,4.9,39.9,30.4,0.53,0.6,9.5,1.74,48.8,0.53,0.21,0.6,1.5,0.83,8.86,0.69,46.1,2.0,1.1,2.66,16.29,20.37,2.52,9.96,141.5,48.0,18.6,0.61,22.4,1.2,169.7,199.0,0.6,3.43,0.7,1.0,0.001,0.001,0.012,0.003,0.061,0.001,0.33,0.001,0.003,0.002,16.34,1.17,0.057,0.004,0.002,4.53,29.98,39.88,4.92,0.013,0.256,0.081,0.023,0.0011,0.03,0.003,0.331,0.387,0.001,0.006,0.001,0.002,33.5,119.8,50.0,1.0,4.0
188,IE,T,3,2198.0,55.2,56.9,366.0,23.1,10.4,1.0,9.4,66.0,41.3,887.0,928.0,35.8,133.1,1.9,0.8,38.0,654.0,30.7,2.19,1953.0,361.0,7.7,9.37,4.68,27.3,10.5,1174.0,53.4,1227.0,95.4,4.7,51.6,5.4,90.5,9.6,354.6,14.7,82.1,133.1,19.7,280.3,184.8,19.7,1.5,16.6,0.0,7.0,14.0,11.4,2.6,32.4,0.0,27.2,27.2,9.7,11.9,13.7,14.5,0.0,3.0,1.1,2.94,3.54,4.98,1.09,9.64,2.33,1.18,2.47,4.3,2.25,0.94,2.02,2.72,2.6,2.38,1.84,0.83,2.23,2.81,17.38,25.48,11.33,59.6,0.65,30.9,47.3,20.2,2.45,0.69,2.62,22.82,16.71,5.0,42.2,29.6,0.56,0.6,6.3,2.37,41.5,0.56,0.17,2.1,5.1,1.19,8.11,0.66,29.8,4.7,4.7,2.44,16.18,22.78,2.59,14.0,210.6,59.5,13.0,0.68,20.9,11.0,335.4,482.0,3.3,7.02,6.62,19.9,0.001,0.001,0.009,0.005,0.066,0.001,0.275,0.004,0.009,0.002,14.62,1.17,0.042,0.01,0.009,4.21,28.67,42.14,4.94,0.021,0.355,0.101,0.019,0.0012,0.035,0.022,0.548,0.89,0.006,0.015,0.012,0.042,31.8,121.7,50.0,1.0,4.0
197,IF,T,3,2503.0,69.1,60.4,398.0,24.3,9.7,1.3,8.4,64.3,54.1,794.0,848.0,47.1,158.5,1.9,0.9,36.4,615.0,27.2,2.46,2015.0,333.0,8.0,10.76,5.47,29.0,10.63,1199.0,71.9,1271.0,94.1,5.9,52.0,8.3,87.1,12.9,425.2,11.3,3.3,194.8,36.0,181.9,224.8,20.7,0.0,7.8,0.0,7.7,34.2,31.6,2.6,29.9,0.1,38.9,39.0,12.4,13.5,12.8,11.0,0.0,4.9,10.7,3.04,4.09,5.47,1.1,10.67,2.54,1.27,2.55,4.36,2.69,1.03,2.13,2.88,2.87,2.6,2.03,0.96,2.31,3.06,21.65,30.82,15.32,84.8,0.65,30.6,46.5,21.2,2.33,0.7,3.56,27.14,20.57,5.4,41.0,29.1,0.7,0.8,10.6,2.94,60.0,0.7,0.31,9.7,14.8,2.91,10.59,1.05,92.3,17.1,9.2,3.72,20.13,27.08,3.52,23.49,248.5,65.4,23.2,0.73,42.5,26.4,327.7,378.0,8.5,11.92,2.87,14.1,0.001,0.001,0.011,0.005,0.067,0.001,0.369,0.013,0.019,0.003,14.92,1.45,0.088,0.018,0.011,4.85,28.42,40.85,5.39,0.031,0.36,0.089,0.026,0.0011,0.045,0.028,0.493,0.579,0.014,0.019,0.003,0.015,32.0,121.2,50.0,1.0,4.0
206,IG,T,3,2780.0,52.5,62.3,515.0,16.8,9.0,0.5,8.5,74.2,33.8,1941.0,1975.0,37.9,250.6,2.1,0.8,33.4,691.0,31.3,3.29,2246.0,426.0,8.1,10.37,4.66,31.2,11.44,1391.0,41.5,1433.0,96.7,3.3,58.5,3.9,94.6,5.4,271.1,125.7,83.0,575.4,19.7,60.7,203.0,0.0,0.0,1.5,0.0,4.2,22.6,17.5,5.1,10.1,4.6,27.4,32.0,0.7,14.5,8.8,19.2,0.0,0.0,0.0,2.88,3.62,4.98,1.25,12.35,2.47,1.29,2.27,4.54,2.33,1.01,2.25,2.92,3.71,2.76,2.02,0.92,2.08,3.04,16.41,22.76,12.24,45.8,0.64,30.1,45.6,22.5,2.29,0.83,2.48,20.22,15.59,5.1,40.4,28.6,0.53,1.9,8.3,1.78,59.6,2.58,0.24,1.4,5.7,6.44,8.51,0.8,40.5,19.6,18.7,3.04,15.26,20.2,2.47,12.46,155.8,127.7,17.2,0.73,19.5,4.9,190.3,194.0,4.0,5.31,1.08,2.4,0.001,0.003,0.009,0.004,0.095,0.004,0.379,0.003,0.013,0.015,15.9,1.43,0.043,0.044,0.041,5.33,28.01,40.34,5.04,0.021,0.284,0.244,0.02,0.0016,0.024,0.021,0.374,0.38,0.011,0.013,0.004,0.011,32.1,120.0,50.0,1.0,4.0
215,JA,T,3,2411.0,53.6,60.2,421.0,19.7,10.0,0.5,9.5,70.3,48.6,826.0,874.0,25.3,135.0,2.3,0.8,17.3,820.0,31.6,2.25,1691.0,309.0,8.4,10.92,5.78,18.2,10.46,1125.0,47.6,1173.0,96.0,4.0,56.8,3.4,95.0,5.0,467.3,30.9,0.0,148.0,44.9,100.3,221.2,72.2,0.0,1.3,0.0,3.9,27.7,19.9,7.8,6.4,9.6,15.3,24.9,0.3,13.1,9.6,11.1,0.0,0.0,0.0,2.8,3.9,4.69,1.04,10.13,2.23,1.14,2.18,3.93,2.21,0.99,2.02,2.58,2.48,2.46,1.92,0.91,2.04,2.83,19.54,18.05,15.09,51.4,0.56,35.3,36.4,26.8,1.48,1.11,2.04,15.92,18.71,4.2,32.1,33.9,0.54,1.9,12.9,1.67,62.7,0.54,0.36,0.7,2.2,1.41,10.39,0.79,57.0,30.6,30.0,3.97,18.45,15.89,2.04,24.48,130.2,148.5,22.9,0.57,27.1,1.0,113.3,117.0,0.9,3.41,0.61,0.8,0.001,0.004,0.018,0.003,0.083,0.001,0.568,0.002,0.004,0.003,18.88,1.32,0.071,0.053,0.052,6.68,33.37,32.05,4.18,0.037,0.24,0.252,0.029,0.0011,0.036,0.002,0.229,0.238,0.002,0.006,0.001,0.002,30.7,117.2,50.0,1.0,4.0
224,JB,T,3,2594.0,53.3,67.5,460.0,18.5,10.4,0.5,9.9,70.9,58.5,896.0,954.0,27.5,159.6,2.5,1.0,22.8,901.0,34.7,2.45,1901.0,339.0,9.3,12.01,6.02,19.8,11.61,1265.0,42.4,1307.0,96.5,3.5,64.3,3.2,95.4,4.6,540.6,17.4,0.0,109.2,38.3,136.9,311.2,63.9,0.0,0.2,0.0,5.3,19.5,15.8,3.6,8.4,9.2,15.7,25.0,0.0,15.2,16.2,13.1,0.0,0.0,0.0,3.16,4.42,5.33,1.15,11.28,2.5,1.28,2.46,4.41,2.49,1.09,2.24,2.9,2.63,2.78,2.13,1.02,2.26,3.19,18.88,19.16,14.42,54.8,0.55,35.0,37.2,26.4,1.52,1.06,2.22,16.88,18.14,4.3,32.8,33.6,0.53,1.3,9.2,2.16,45.8,0.53,0.31,0.9,2.7,1.02,10.08,0.72,40.4,29.9,28.9,3.66,17.89,16.85,2.22,14.58,144.4,134.6,16.6,0.59,22.7,1.3,109.3,114.0,1.2,4.76,0.65,0.9,0.001,0.003,0.015,0.004,0.072,0.001,0.54,0.002,0.005,0.002,18.76,1.26,0.061,0.051,0.05,6.46,33.19,32.73,4.33,0.023,0.257,0.232,0.025,0.0011,0.035,0.003,0.214,0.226,0.002,0.009,0.001,0.002,30.6,116.6,50.0,1.0,4.0
233,KB,T,3,2513.0,53.7,70.9,417.0,19.1,11.4,4.3,7.0,66.6,147.1,1165.0,1312.0,30.6,185.0,1.4,0.9,24.8,679.0,44.5,2.65,2264.0,422.0,6.6,11.37,6.8,64.4,10.46,1342.0,186.6,1529.0,87.4,12.6,41.6,29.4,61.8,38.2,309.1,22.0,0.0,566.4,32.4,168.2,61.9,25.6,16.0,4.0,0.5,9.5,32.9,31.4,1.5,141.2,2.5,20.9,23.4,10.0,11.7,21.3,10.4,1.9,64.4,2.5,3.77,4.95,6.76,1.19,13.47,3.33,1.54,2.96,5.29,3.98,1.51,2.71,3.25,3.19,3.0,2.6,0.99,2.52,3.58,17.88,20.4,14.16,176.4,0.8,32.6,39.7,25.4,1.74,0.97,2.69,17.57,16.68,5.3,34.1,30.4,0.55,0.7,10.2,5.13,98.8,0.66,0.48,11.8,35.1,4.75,9.54,1.16,109.0,49.0,30.9,3.58,16.38,17.39,2.14,20.96,154.0,94.9,23.4,2.59,92.7,194.3,174.3,204.0,8.0,29.43,58.39,353.2,0.001,0.002,0.015,0.009,0.19,0.001,0.819,0.017,0.065,0.006,17.63,2.1,0.115,0.079,0.056,5.87,29.86,33.8,4.18,0.035,0.278,0.176,0.036,0.0047,0.168,0.402,0.341,0.409,0.016,0.058,0.128,0.781,30.3,122.3,50.0,1.0,4.0
242,KC,T,3,2602.0,63.4,66.0,432.0,21.4,10.3,2.4,7.9,66.9,188.4,645.0,833.0,35.0,125.0,2.4,1.2,20.8,701.0,32.5,2.16,1914.0,354.0,13.9,10.23,5.47,36.6,13.15,1200.0,163.3,1363.0,87.3,12.8,50.1,15.9,76.7,23.4,498.1,16.5,0.0,34.6,27.4,68.2,240.4,26.1,197.8,3.1,0.0,13.7,58.6,43.1,15.6,88.3,2.6,23.6,26.1,3.5,12.1,17.9,10.3,6.5,16.3,5.8,3.58,4.49,6.11,1.29,12.2,2.98,1.46,3.3,5.0,3.27,1.3,2.58,3.37,3.32,2.83,2.33,1.07,2.83,3.52,21.45,23.8,15.86,171.8,0.72,33.5,39.6,24.6,1.72,0.92,2.78,20.88,20.31,4.7,34.7,31.7,0.66,0.8,15.8,5.86,87.8,0.63,0.42,9.4,19.6,1.22,11.04,1.1,76.5,31.0,20.7,3.83,20.0,20.77,2.6,41.52,203.1,127.5,36.8,1.0,64.0,89.5,172.4,182.0,20.4,29.74,17.09,94.4,0.001,0.002,0.018,0.011,0.106,0.001,0.611,0.018,0.037,0.002,17.39,1.7,0.085,0.06,0.041,5.63,31.21,34.56,4.34,0.063,0.32,0.219,0.046,0.0019,0.093,0.18,0.286,0.306,0.042,0.057,0.034,0.191,30.9,120.9,50.0,1.0,4.0
251,LA,T,3,2535.0,52.1,49.8,466.0,18.0,8.0,1.5,6.5,73.9,60.8,308.0,369.0,7.4,113.3,1.1,0.5,12.8,401.0,37.8,1.78,1433.0,386.0,7.8,9.55,5.03,30.2,11.68,916.0,117.0,1033.0,88.6,11.4,39.9,9.9,81.3,18.8,540.8,2.6,0.0,41.6,9.5,196.7,27.7,21.7,24.7,1.1,0.0,3.1,62.0,51.8,10.3,30.6,21.2,0.6,21.8,22.9,11.5,13.7,6.7,0.0,0.0,0.0,3.23,4.25,5.09,1.22,10.34,2.54,1.33,2.41,4.48,2.62,1.24,2.46,2.81,2.65,2.54,2.01,0.89,2.25,3.11,23.05,8.46,18.73,103.8,0.61,43.7,18.4,34.8,0.58,2.65,0.71,7.54,21.92,1.8,16.4,41.6,0.52,0.6,28.4,0.94,143.9,0.53,0.64,2.7,4.7,0.75,12.11,1.08,141.7,43.0,41.7,5.61,21.64,7.47,0.68,31.39,103.6,204.6,57.3,1.19,66.6,12.9,19.6,72.0,1.8,2.85,3.48,30.4,0.001,0.001,0.045,0.003,0.234,0.001,1.134,0.006,0.019,0.002,23.0,1.93,0.223,0.085,0.082,9.91,40.81,16.22,1.61,0.054,0.18,0.387,0.093,0.0045,0.115,0.045,0.051,0.475,0.006,0.009,0.013,0.097,24.1,117.6,100.0,1.0,6.0
260,LB,T,3,2013.0,36.1,40.7,377.0,15.8,8.1,1.0,7.1,75.3,32.1,628.0,660.0,19.2,94.3,1.0,0.4,11.8,453.0,32.6,1.64,1393.0,339.0,6.4,5.94,3.25,18.8,8.94,835.0,54.0,889.0,93.8,6.2,34.9,5.9,87.7,12.3,394.7,23.1,0.0,194.8,17.4,23.4,128.0,22.5,0.0,2.0,0.3,1.7,37.7,26.3,11.4,13.7,0.8,12.7,13.5,0.0,6.8,4.2,6.9,0.6,0.0,3.9,2.66,3.6,4.54,0.97,9.25,2.15,1.13,2.01,3.85,2.25,1.04,2.0,2.37,2.55,2.29,1.75,0.75,1.81,2.54,12.77,12.95,9.47,43.2,0.62,34.5,37.9,25.3,1.67,1.08,1.41,11.45,12.18,4.1,33.6,33.1,0.36,0.7,11.6,1.08,62.7,0.39,0.27,4.5,7.2,1.49,6.56,0.58,61.2,12.3,8.5,2.33,12.02,11.42,1.36,13.15,111.8,48.6,21.9,0.43,28.7,15.7,101.0,114.0,1.1,3.87,5.33,29.9,0.001,0.002,0.024,0.003,0.136,0.001,0.628,0.013,0.018,0.004,17.96,1.39,0.129,0.034,0.024,5.85,32.66,33.54,4.0,0.03,0.294,0.121,0.043,0.0012,0.063,0.038,0.27,0.361,0.003,0.011,0.013,0.071,25.0,118.4,50.0,1.0,5.0
269,LC,T,3,1896.0,33.6,52.4,343.0,16.3,11.2,3.6,7.5,71.8,130.7,518.0,649.0,30.5,82.9,1.0,0.7,10.9,355.0,23.4,1.53,1273.0,277.0,5.9,2.95,2.13,43.9,9.43,842.0,149.5,991.0,85.0,15.0,34.6,17.9,67.5,32.6,372.6,26.6,0.0,118.4,8.1,146.2,94.9,2.4,9.6,1.4,0.0,12.8,26.0,21.6,4.4,101.5,9.3,4.8,14.2,1.5,2.1,29.9,6.0,13.2,7.2,0.0,2.89,3.6,4.68,1.02,12.34,2.41,1.14,2.21,4.02,2.65,1.18,2.2,2.48,2.39,2.29,1.9,0.78,2.0,2.74,13.73,8.24,10.69,161.4,0.73,41.1,24.5,31.8,0.87,2.02,1.11,7.08,12.87,3.6,20.9,38.4,0.34,0.4,6.4,2.08,52.8,0.44,0.39,7.2,21.7,2.74,7.21,0.82,32.1,47.5,42.8,2.81,12.19,6.95,0.82,22.66,74.3,129.0,14.9,0.56,63.8,88.9,48.1,545.0,8.3,16.35,46.61,208.8,0.001,0.001,0.015,0.008,0.152,0.002,1.205,0.026,0.074,0.009,21.62,2.48,0.08,0.154,0.137,8.1,36.05,20.42,2.43,0.074,0.209,0.39,0.038,0.0016,0.198,0.327,0.13,1.969,0.031,0.06,0.169,0.78,25.9,119.5,50.0,1.0,5.0
278,LD,T,3,1579.0,36.4,48.5,256.0,19.7,12.6,4.2,8.5,65.5,96.9,1073.0,1170.0,16.9,155.5,1.1,0.8,15.1,540.0,14.7,1.91,1638.0,266.0,5.0,6.47,4.18,35.8,8.7,1055.0,134.1,1189.0,88.4,11.6,30.8,17.8,67.7,32.4,314.2,38.1,0.8,443.4,25.6,51.1,101.4,19.3,7.1,15.4,0.0,7.9,37.3,19.8,17.5,79.7,9.3,9.1,18.3,1.9,5.8,11.5,8.1,0.0,0.0,8.7,2.2,2.92,4.07,0.71,8.86,1.98,1.0,1.78,3.12,2.39,0.82,1.53,1.98,2.06,1.85,1.62,0.6,1.54,2.13,13.55,11.87,9.69,143.6,0.83,35.8,35.4,25.3,1.58,1.24,1.43,10.35,12.79,4.8,30.3,33.8,0.36,0.5,10.3,3.24,72.2,0.52,0.29,3.7,14.1,1.53,6.46,0.74,60.8,22.7,19.1,2.39,12.27,10.23,1.14,22.51,161.8,88.5,21.1,0.52,59.0,86.1,238.9,434.0,12.9,18.29,32.45,199.5,0.001,0.001,0.019,0.011,0.181,0.001,0.73,0.011,0.044,0.006,17.1,2.02,0.114,0.075,0.067,5.98,31.76,30.05,3.75,0.051,0.425,0.297,0.041,0.0016,0.143,0.311,0.642,1.677,0.071,0.057,0.106,0.702,25.0,118.8,50.0,1.0,5.0
287,MB,T,3,2593.0,39.4,51.4,497.0,13.4,8.0,0.5,7.5,76.7,59.1,586.0,645.0,15.1,157.7,0.9,0.6,21.2,506.0,35.7,2.0,1643.0,463.0,8.0,10.95,4.95,24.4,11.75,1217.0,45.0,1262.0,96.5,3.5,47.8,3.6,93.4,6.7,580.0,0.5,0.3,126.3,60.1,134.9,207.4,25.1,7.4,0.3,0.0,3.5,27.2,26.8,0.4,5.6,8.8,7.0,15.7,0.0,15.3,12.8,8.2,0.0,38.5,0.9,3.25,4.61,5.72,1.48,11.25,2.56,1.36,2.54,4.77,2.56,1.2,2.67,3.1,2.87,2.75,2.1,0.91,2.43,3.36,15.43,10.68,12.32,51.0,0.56,37.2,31.3,29.5,1.27,1.56,1.16,9.42,14.67,3.6,27.6,35.5,0.4,0.5,14.8,1.56,78.0,0.46,0.36,1.3,2.5,0.43,8.06,0.72,72.9,27.3,26.9,3.58,14.49,9.38,1.16,25.96,115.4,131.3,29.8,0.4,34.1,1.4,48.9,51.0,1.9,4.11,0.58,0.7,0.001,0.001,0.027,0.004,0.147,0.001,0.76,0.003,0.006,0.001,19.62,1.65,0.132,0.07,0.069,8.28,35.01,27.5,3.55,0.062,0.289,0.321,0.054,0.0011,0.063,0.004,0.159,0.171,0.005,0.009,0.002,0.002,27.3,115.7,200.0,1.0,5.0
296,MC,T,3,2622.0,40.8,52.0,510.0,13.3,7.9,0.7,7.2,78.5,38.9,574.0,612.0,9.3,161.5,1.0,0.7,16.8,607.0,35.4,1.85,1658.0,442.0,8.3,11.71,5.21,24.8,12.11,1266.0,65.8,1331.0,95.1,4.9,46.8,5.3,91.3,8.7,589.3,8.3,0.0,96.5,39.6,181.0,200.8,10.1,110.8,0.8,0.0,3.6,25.4,25.2,0.2,17.9,18.9,1.2,20.0,0.1,16.5,10.0,7.8,0.0,0.0,1.0,3.28,4.63,5.7,1.51,11.57,2.55,1.37,2.55,4.75,2.59,1.25,2.75,3.1,2.98,2.75,2.12,0.92,2.43,3.39,17.5,7.47,14.71,71.5,0.56,42.9,19.0,36.6,0.56,2.52,0.8,6.58,16.61,2.3,16.6,40.8,0.41,0.4,13.3,1.87,68.9,0.41,0.45,3.5,4.9,0.65,9.4,0.84,65.5,54.6,55.2,4.6,16.37,6.54,0.78,20.62,82.3,222.4,28.4,0.45,29.1,5.3,18.1,20.0,5.7,7.29,1.01,6.5,0.001,0.001,0.019,0.005,0.104,0.001,1.047,0.009,0.013,0.002,23.48,1.98,0.093,0.165,0.167,11.48,40.07,16.56,2.22,0.043,0.17,0.631,0.043,0.0011,0.047,0.013,0.03,0.044,0.015,0.02,0.003,0.016,27.6,116.6,50.0,1.0,5.0
305,MD,T,3,2722.0,53.3,51.9,493.0,17.6,7.6,1.1,6.5,72.6,63.5,935.0,999.0,27.9,166.1,1.1,0.6,19.9,539.0,42.2,1.94,1818.0,432.0,7.8,11.25,4.75,25.8,11.73,1228.0,64.0,1292.0,94.8,5.3,44.6,7.3,85.8,14.3,549.1,1.3,0.0,184.0,12.9,134.3,225.8,2.1,26.8,0.0,0.0,9.0,38.0,33.3,4.7,14.8,2.2,23.8,25.9,0.0,16.5,3.1,9.6,0.6,42.6,4.7,3.27,4.5,5.62,1.31,11.19,2.54,1.37,2.49,4.74,2.69,1.28,2.59,2.99,2.78,2.78,2.12,0.92,2.31,3.23,18.18,20.35,13.48,85.6,0.59,33.9,38.9,25.1,1.74,1.03,2.2,18.03,17.27,4.2,34.5,32.2,0.53,0.7,15.7,3.14,86.3,0.53,0.33,6.1,5.8,1.0,9.21,0.9,78.5,15.4,12.4,3.49,17.0,17.98,2.18,16.44,172.9,85.5,32.1,0.59,40.5,7.7,151.2,182.0,3.3,8.71,2.52,13.5,0.001,0.001,0.025,0.007,0.145,0.001,0.582,0.013,0.012,0.002,17.22,1.64,0.127,0.035,0.028,6.39,31.66,34.43,4.15,0.027,0.319,0.169,0.052,0.0011,0.07,0.015,0.286,0.352,0.007,0.019,0.006,0.028,27.5,115.2,50.0,1.0,5.0
314,,T,3,2560.0,65.5,59.0,433.0,22.4,9.3,1.2,8.1,68.2,57.6,582.0,640.0,15.1,107.5,1.2,0.5,12.8,697.0,42.7,1.78,1541.0,425.0,8.0,9.81,4.63,23.3,11.4,1022.0,92.0,1114.0,91.4,8.6,51.1,7.9,86.7,13.4,495.6,6.0,0.0,123.1,104.6,84.0,156.6,21.9,9.6,0.8,0.0,1.1,50.2,46.1,4.1,18.4,22.4,0.2,22.6,0.0,13.2,3.9,7.7,0.0,1.6,0.0,3.39,4.74,6.02,1.26,11.2,2.69,1.45,2.69,5.01,3.0,1.3,2.56,3.13,2.86,2.95,2.29,0.99,2.43,3.31,27.83,12.85,22.98,78.4,0.63,41.8,21.5,34.6,0.65,2.18,1.17,11.46,26.54,2.1,19.2,40.0,0.66,0.7,29.6,0.84,150.8,0.66,0.73,0.8,2.9,1.18,14.98,1.24,146.6,60.5,59.9,6.85,26.2,11.39,1.13,57.25,112.5,277.3,59.2,0.79,66.0,16.1,12.2,57.0,1.7,2.45,6.4,30.7,0.001,0.001,0.033,0.001,0.167,0.001,1.018,0.001,0.006,0.002,22.85,1.72,0.16,0.111,0.11,10.14,39.4,19.07,1.96,0.092,0.136,0.465,0.065,0.0013,0.079,0.033,0.018,0.13,0.004,0.005,0.013,0.064,25.3,112.4,500.0,1.0,5.0
323,NB,T,3,2605.0,48.8,43.1,497.0,16.3,6.6,0.6,6.0,76.9,39.2,441.0,481.0,24.3,109.7,0.9,0.5,10.6,391.0,31.8,1.71,1443.0,398.0,8.0,9.41,3.94,23.8,11.33,1169.0,44.0,1214.0,96.3,3.6,38.9,4.3,91.7,8.3,583.6,4.8,0.0,74.2,6.0,342.6,52.8,19.4,43.8,0.0,0.0,2.4,34.0,33.7,0.3,1.8,5.9,20.8,26.7,0.2,13.9,5.5,9.1,0.0,0.0,1.5,2.89,4.12,4.81,1.39,9.74,2.24,1.18,2.21,4.17,2.12,1.14,2.53,2.75,2.68,2.35,1.82,0.81,2.16,3.01,17.35,17.02,13.23,46.4,0.51,33.4,39.9,25.0,1.98,1.24,1.8,15.11,16.46,4.3,35.4,31.7,0.49,0.5,16.2,1.14,82.7,0.49,0.34,0.6,0.9,0.66,8.76,0.88,79.7,18.8,18.4,3.73,16.18,15.07,1.79,18.45,134.8,122.6,32.1,0.49,33.8,1.7,125.8,162.0,0.6,2.15,0.76,3.3,0.001,0.001,0.02,0.003,0.106,0.001,0.525,0.002,0.003,0.002,16.86,1.62,0.098,0.042,0.041,6.76,31.02,35.35,4.31,0.024,0.274,0.251,0.04,0.001,0.045,0.003,0.311,0.413,0.002,0.006,0.002,0.004,27.8,109.9,350.0,1.0,4.0
332,NC,T,3,2380.0,55.5,51.3,414.0,21.1,8.7,1.8,6.9,69.3,136.3,343.0,480.0,11.2,85.9,0.9,0.6,17.6,498.0,37.8,1.58,1352.0,390.0,7.0,9.41,4.48,25.3,10.44,951.0,119.8,1070.0,88.5,11.4,40.3,11.0,79.4,20.6,477.2,15.6,0.0,62.4,53.4,89.3,92.4,4.2,105.0,0.7,0.0,12.0,47.5,40.3,7.2,38.9,21.6,1.9,23.6,3.9,12.6,12.1,6.0,0.0,18.7,0.0,3.18,4.33,5.42,1.24,10.54,2.52,1.36,2.45,4.65,2.78,1.27,2.5,2.88,2.79,2.7,2.1,0.9,2.25,3.12,24.14,9.91,20.04,140.9,0.64,43.0,19.2,35.7,0.59,2.56,0.82,8.93,22.87,1.7,17.3,40.8,0.56,0.8,20.8,3.35,108.9,0.56,0.64,8.5,9.2,1.78,12.91,1.2,104.6,71.3,68.9,6.13,22.58,8.86,0.79,36.21,95.6,272.2,43.9,1.09,60.9,11.3,20.1,22.0,5.6,10.62,3.84,16.4,0.001,0.002,0.03,0.006,0.162,0.001,1.096,0.017,0.019,0.004,23.14,2.08,0.153,0.138,0.134,10.83,40.18,17.14,1.6,0.064,0.164,0.51,0.066,0.0021,0.098,0.024,0.044,0.048,0.013,0.021,0.008,0.036,26.7,111.9,200.0,1.0,5.0
341,ND,T,3,2519.0,76.3,58.1,377.0,27.1,9.3,3.6,5.7,59.8,133.1,414.0,547.0,10.7,114.2,1.0,0.6,13.7,482.0,30.6,1.64,1616.0,364.0,6.4,8.25,3.93,36.1,10.88,1043.0,226.0,1269.0,82.0,18.1,34.5,23.6,61.2,38.8,415.4,15.2,7.5,54.6,23.9,289.7,44.1,11.1,125.4,0.0,0.0,2.2,85.3,79.5,5.8,111.2,27.4,2.8,30.1,3.5,11.0,14.0,9.8,0.0,0.9,24.0,3.41,4.49,5.83,1.34,11.89,2.83,1.48,2.6,4.81,3.33,1.39,2.73,2.98,3.06,2.69,2.3,0.89,2.31,3.35,33.58,12.06,28.18,190.5,0.74,43.9,16.2,37.0,0.45,2.96,1.13,10.63,31.52,1.6,14.3,41.1,0.77,0.8,37.8,3.73,191.8,0.77,1.0,18.2,26.2,1.68,17.73,1.95,187.7,86.9,94.1,8.87,31.08,10.51,1.03,48.35,169.7,387.8,85.5,0.96,85.0,40.5,19.1,42.0,30.4,28.25,7.01,62.5,0.001,0.001,0.044,0.006,0.222,0.001,1.296,0.028,0.04,0.002,23.31,2.58,0.216,0.128,0.139,11.66,40.53,14.13,1.38,0.059,0.213,0.547,0.102,0.0013,0.1,0.065,0.026,0.063,0.046,0.043,0.011,0.102,28.8,112.3,50.0,1.0,4.0
350,OA,T,3,2433.0,36.9,60.4,464.0,13.7,10.0,0.2,9.8,76.2,4.1,565.0,569.0,21.9,158.7,2.4,0.8,17.4,613.0,32.3,2.1,1784.0,271.0,9.0,13.21,5.45,19.9,10.91,1209.0,16.4,1226.0,98.5,1.5,59.4,1.0,98.5,1.6,464.3,117.9,0.0,23.9,6.7,420.7,135.1,4.2,0.0,0.0,0.0,0.4,7.4,1.1,6.3,3.0,5.8,15.8,21.6,0.0,19.8,0.1,11.1,0.0,0.0,0.0,2.63,3.61,4.11,1.1,11.5,2.16,1.09,2.06,3.83,1.83,0.96,2.06,2.53,2.98,2.4,1.75,0.89,1.95,2.8,12.04,15.41,8.96,12.5,0.51,31.9,43.6,23.4,2.0,0.85,1.63,13.77,11.6,4.6,39.0,30.8,0.37,0.4,2.1,0.57,10.3,0.37,0.16,0.9,3.3,4.58,6.66,0.42,9.8,14.5,14.5,1.94,11.42,13.76,1.63,3.77,72.7,73.8,4.2,0.37,4.3,0.8,98.9,114.0,1.2,1.34,0.38,0.4,0.001,0.001,0.003,0.002,0.015,0.001,0.381,0.002,0.009,0.014,17.84,1.04,0.015,0.031,0.031,4.66,30.31,38.95,4.58,0.008,0.195,0.168,0.006,0.001,0.007,0.002,0.278,0.315,0.003,0.004,0.001,0.001,32.2,112.8,200.0,1.0,4.0
359,OB,T,3,2787.0,58.9,55.5,508.0,18.8,8.0,0.4,7.6,73.1,17.6,1078.0,1096.0,39.7,171.1,1.4,0.8,14.8,1056.0,48.9,1.88,1900.0,483.0,9.5,8.13,3.75,20.4,13.03,1340.0,25.6,1365.0,98.0,2.0,52.9,2.6,95.6,4.5,564.0,36.9,4.8,53.5,13.4,215.5,360.4,39.6,0.0,0.0,0.0,0.1,17.4,17.4,0.0,8.0,0.0,35.1,35.1,0.0,11.2,4.4,11.7,0.0,0.0,0.5,3.45,4.61,5.65,1.3,12.23,2.6,1.42,2.5,4.88,2.6,1.33,2.63,3.04,3.07,2.98,2.17,0.98,2.31,3.27,17.79,27.59,12.55,21.9,0.56,29.6,48.4,20.7,2.45,0.66,3.3,24.23,16.98,5.9,42.4,28.3,0.59,2.3,9.7,0.78,44.1,1.54,0.2,1.8,3.0,1.92,9.07,0.8,42.0,1.6,2.0,2.79,16.63,24.21,3.3,11.16,196.8,71.2,17.8,0.68,19.4,2.0,219.8,273.0,2.3,2.13,0.84,1.7,0.001,0.005,0.011,0.001,0.045,0.003,0.271,0.003,0.005,0.004,15.34,1.24,0.041,0.003,0.004,4.26,27.7,42.38,5.88,0.013,0.31,0.125,0.018,0.0014,0.022,0.004,0.378,0.506,0.003,0.003,0.002,0.004,30.4,114.9,50.0,1.0,4.0
368,PA,T,3,2196.0,38.4,49.2,412.0,15.2,9.1,1.7,7.3,75.5,84.5,510.0,594.0,5.1,96.1,1.0,0.6,12.3,681.0,34.4,1.36,1397.0,366.0,7.0,,2.68,22.1,10.72,879.0,81.5,960.0,91.7,8.3,39.5,9.7,81.2,18.8,488.0,12.4,2.0,9.2,11.9,24.2,257.5,44.1,23.9,0.1,0.0,9.4,52.3,45.6,6.7,19.7,0.1,0.0,0.1,0.0,,3.8,5.8,0.0,0.0,1.4,3.09,4.07,4.84,1.11,10.0,2.35,1.26,2.21,4.33,2.5,1.25,2.35,2.6,2.51,2.53,1.94,0.85,2.04,2.89,16.03,8.05,12.83,107.1,0.61,40.4,25.6,31.0,0.89,1.83,0.93,6.96,15.29,3.4,21.9,38.8,0.39,0.4,23.3,3.65,123.0,0.39,0.43,2.4,20.6,1.38,8.58,0.73,117.3,9.3,7.5,3.51,15.19,6.79,0.81,24.23,88.0,70.4,47.2,1.03,150.8,35.6,10.5,34.0,1.5,8.98,8.43,81.1,0.001,0.001,0.041,0.014,0.224,0.001,0.937,0.006,0.03,0.004,22.28,1.58,0.207,0.041,0.036,7.11,38.48,21.64,2.69,0.045,0.186,0.224,0.084,0.0032,0.183,0.21,0.018,0.081,0.005,0.037,0.049,0.493,23.4,111.3,50.0,1.0,6.0
377,PC,T,3,1713.0,23.5,47.7,314.0,12.3,11.2,1.7,9.5,73.2,28.1,243.0,271.0,6.1,192.0,1.7,0.5,14.1,379.0,16.4,1.33,1080.0,181.0,6.2,6.78,1.82,16.6,8.71,801.0,68.2,869.0,92.0,8.0,40.0,7.8,84.7,15.3,410.5,1.6,0.0,0.0,15.3,303.5,40.7,6.8,0.0,1.0,0.0,3.0,46.5,38.2,8.3,13.8,5.0,0.8,5.9,0.0,9.6,1.8,6.7,0.0,0.0,14.0,2.43,3.28,3.83,0.83,8.56,1.86,1.07,1.82,3.33,2.05,0.89,1.72,2.08,1.9,1.95,1.62,0.78,1.72,2.41,9.66,5.82,7.49,62.7,0.61,40.7,26.1,31.2,0.88,1.68,0.58,5.2,9.31,2.6,23.3,39.4,0.24,0.3,5.3,0.88,26.4,0.24,0.21,4.3,3.0,0.57,5.3,0.32,28.9,20.8,18.8,1.87,9.24,5.19,0.57,9.34,32.0,66.8,11.5,0.6,16.8,1.3,13.2,8.0,0.3,1.73,0.6,2.5,0.001,0.001,0.021,0.004,0.103,0.001,0.851,0.024,0.016,0.003,22.53,1.22,0.118,0.081,0.069,7.31,39.17,23.18,2.6,0.038,0.131,0.226,0.045,0.0027,0.073,0.007,0.05,0.026,0.001,0.008,0.003,0.012,22.5,107.5,75.0,1.0,6.0
386,PD,T,3,1981.0,54.9,41.4,325.0,24.5,8.4,1.7,6.7,66.0,64.3,513.0,577.0,16.4,84.7,1.0,0.5,11.0,382.0,27.3,1.26,1120.0,281.0,5.9,5.79,2.77,21.3,8.96,732.0,92.3,825.0,88.9,11.1,32.5,8.9,80.0,20.1,392.0,7.8,3.8,24.2,17.0,76.7,156.2,3.6,9.9,4.4,0.0,3.6,48.1,43.0,5.0,27.5,13.1,12.2,25.2,0.3,7.7,10.6,5.3,0.0,0.0,5.4,2.47,3.28,3.96,0.92,7.8,1.98,1.03,1.81,3.47,2.06,0.96,1.86,2.15,2.08,1.99,1.57,0.7,1.68,2.37,21.78,14.52,17.02,85.0,0.63,38.4,29.4,29.6,1.2,1.8,1.44,12.92,20.66,3.0,26.1,36.5,0.55,0.6,23.1,1.55,117.5,0.55,0.52,5.8,7.1,1.35,11.18,1.08,120.5,32.1,30.6,4.85,20.38,12.85,1.42,28.76,146.3,162.5,47.4,1.28,55.6,7.5,116.4,111.0,4.3,5.29,2.08,5.5,0.001,0.001,0.035,0.004,0.18,0.001,0.857,0.015,0.017,0.003,19.77,1.88,0.182,0.058,0.056,8.2,35.95,25.95,2.97,0.048,0.266,0.277,0.073,0.0024,0.087,0.015,0.234,0.238,0.011,0.013,0.004,0.011,22.7,107.9,75.0,1.0,6.0
395,PE,T,3,2045.0,49.9,41.9,355.0,21.3,8.2,1.1,7.0,70.1,65.0,708.0,772.0,20.9,109.3,0.9,0.5,13.7,602.0,36.5,1.42,1344.0,327.0,6.5,7.81,4.41,17.7,9.46,855.0,59.8,915.0,93.2,6.8,36.0,5.9,86.9,13.1,414.8,2.3,0.0,49.6,22.0,43.1,233.6,40.3,11.3,5.3,0.0,8.6,39.8,34.7,5.0,6.1,5.3,15.3,20.5,3.2,8.7,3.2,6.2,0.0,0.0,2.0,2.6,3.53,4.21,0.93,8.22,2.01,1.06,1.9,3.69,2.09,1.0,1.93,2.26,2.1,2.18,1.69,0.74,1.77,2.46,18.23,16.28,14.04,84.9,0.59,36.1,34.2,27.6,1.42,1.3,1.82,14.34,17.36,3.9,30.1,34.5,0.5,0.8,18.0,2.11,93.3,0.5,0.38,2.9,2.8,0.74,9.55,0.84,88.4,18.1,16.3,3.72,17.14,14.28,1.81,19.86,130.3,102.3,35.5,0.88,47.3,2.0,102.5,117.0,1.2,4.89,1.1,3.7,0.001,0.002,0.028,0.005,0.148,0.001,0.685,0.005,0.006,0.002,19.09,1.57,0.135,0.041,0.038,7.04,34.0,29.98,3.91,0.032,0.242,0.214,0.055,0.0015,0.081,0.006,0.209,0.252,0.003,0.011,0.003,0.009,22.9,110.5,100.0,1.0,6.0
404,QA,T,3,2566.0,60.6,63.0,434.0,20.6,9.9,0.4,9.6,68.5,22.1,438.0,460.0,35.0,127.4,2.1,0.7,15.9,548.0,29.1,2.32,1800.0,369.0,8.4,6.86,3.29,23.5,10.98,1119.0,33.2,1153.0,97.4,2.6,60.5,2.5,96.5,3.5,392.6,80.1,59.6,98.0,88.4,186.3,146.0,10.0,1.6,1.6,0.0,1.4,19.4,16.5,2.9,0.6,11.8,23.3,35.0,2.1,9.1,13.0,14.7,0.0,0.0,5.9,3.06,4.05,5.13,1.23,12.88,2.43,1.36,2.44,4.69,2.47,1.07,2.3,2.96,3.35,2.75,2.02,0.93,2.26,3.11,20.72,23.15,15.8,34.4,0.6,33.2,40.7,24.9,1.9,1.02,2.27,20.8,19.82,4.0,36.6,31.9,0.6,0.6,8.8,1.32,46.0,0.6,0.33,0.6,2.3,3.19,10.83,0.86,42.9,37.1,36.8,4.2,19.48,20.79,2.27,22.29,165.2,175.2,17.2,0.6,18.3,0.6,157.5,166.0,0.6,1.58,0.6,0.6,0.001,0.001,0.009,0.002,0.05,0.001,0.463,0.001,0.004,0.006,17.53,1.25,0.044,0.053,0.052,6.16,31.38,36.62,3.96,0.034,0.27,0.249,0.018,0.001,0.019,0.001,0.274,0.282,0.001,0.003,0.001,0.001,26.5,106.5,1000.0,1.0,5.0
413,QB,T,3,2423.0,39.8,48.1,468.0,14.8,7.9,0.3,7.7,77.1,15.0,1994.0,2009.0,15.8,344.9,2.1,0.8,16.9,613.0,27.2,2.67,2204.0,294.0,6.7,10.46,4.86,16.7,8.62,1656.0,27.7,1684.0,97.9,2.1,46.5,1.6,96.8,3.2,330.4,18.9,0.9,788.5,8.2,249.9,151.5,79.8,0.0,0.0,0.0,0.0,14.4,14.4,0.0,0.0,13.2,8.1,21.3,1.9,14.3,3.4,14.6,0.0,0.0,0.0,1.98,2.67,3.73,0.77,6.67,1.57,0.79,1.5,2.74,1.63,0.7,1.47,1.87,1.77,1.78,1.38,0.68,1.43,2.08,15.56,10.76,12.48,23.8,0.62,38.9,27.4,31.1,1.06,1.81,1.07,9.63,14.89,2.8,24.6,37.3,0.4,1.4,9.0,0.4,62.9,0.88,0.33,1.6,1.1,0.84,8.31,0.64,40.9,40.3,39.7,3.6,14.66,9.62,1.07,9.71,60.6,169.6,16.3,0.4,16.7,0.4,50.5,58.0,0.4,0.4,0.4,0.4,0.001,0.006,0.015,0.001,0.163,0.003,0.754,0.006,0.004,0.002,21.12,1.4,0.056,0.113,0.111,8.75,36.77,24.53,2.77,0.014,0.106,0.442,0.022,0.001,0.024,0.001,0.104,0.115,0.001,0.001,0.001,0.001,28.0,108.6,800.0,1.0,5.0
422,QC,T,3,2258.0,54.1,56.1,381.0,21.5,10.0,1.0,9.0,67.5,64.5,510.0,574.0,15.0,79.7,1.9,0.6,15.5,433.0,25.0,1.89,1258.0,247.0,7.8,7.9,3.7,20.6,10.16,887.0,68.9,956.0,93.0,7.1,50.3,5.8,89.9,10.1,460.5,40.3,0.0,6.2,47.0,173.7,111.2,6.5,0.0,0.1,0.0,2.9,46.0,43.0,3.0,0.6,19.4,5.5,24.9,0.1,10.7,20.9,10.4,0.0,0.0,4.5,2.71,3.74,4.44,1.02,10.18,2.21,1.18,2.12,3.92,2.23,0.97,2.0,2.53,2.49,2.37,1.83,0.88,1.98,2.77,22.39,12.39,18.31,75.5,0.58,41.0,24.0,33.5,0.79,1.97,1.02,11.26,21.39,1.9,21.9,39.3,0.54,0.6,15.8,1.39,79.7,0.54,0.53,0.9,2.2,1.48,12.04,0.94,78.3,59.6,58.8,5.43,21.11,11.21,1.02,25.62,83.8,245.1,31.6,0.56,44.5,0.7,42.0,41.0,0.6,2.53,0.59,0.9,0.001,0.001,0.02,0.003,0.103,0.001,0.915,0.002,0.004,0.004,22.43,1.54,0.101,0.118,0.117,9.61,38.81,21.86,1.93,0.041,0.126,0.461,0.041,0.0011,0.061,0.002,0.066,0.057,0.001,0.005,0.001,0.002,26.2,106.7,1000.0,1.0,5.0
431,RA,T,3,2160.0,44.8,60.5,374.0,18.6,11.3,0.4,10.8,69.4,19.0,64.0,83.0,25.4,125.2,2.3,0.7,12.9,435.0,30.3,2.0,3224.0,479.0,4.6,7.36,3.34,17.7,9.33,1352.0,37.3,1389.0,97.2,2.8,58.3,2.3,96.7,3.3,136.9,3.3,212.7,656.9,90.9,203.5,6.8,22.6,2.8,0.0,0.0,0.5,19.6,19.6,0.0,0.0,17.2,0.2,17.4,2.4,10.2,1.4,22.9,0.0,0.0,1.5,3.08,3.52,6.38,1.17,10.64,2.27,1.35,2.56,4.96,2.71,0.91,2.08,2.88,3.14,2.55,2.01,0.81,2.13,3.02,17.84,12.11,14.13,33.6,0.77,39.0,29.4,30.6,1.1,1.55,0.72,11.32,17.15,1.8,27.6,37.5,0.45,1.8,9.6,0.65,55.0,2.47,0.36,0.5,0.6,0.56,9.41,0.64,46.4,51.4,51.3,4.16,16.93,11.3,0.72,19.84,48.0,221.6,18.8,0.45,19.2,0.5,17.2,4.0,0.5,0.78,0.45,0.5,0.001,0.005,0.012,0.002,0.081,0.007,0.709,0.001,0.001,0.002,20.64,1.24,0.058,0.122,0.122,8.79,37.05,27.54,1.75,0.037,0.089,0.515,0.024,0.001,0.024,0.001,0.047,0.01,0.001,0.002,0.001,0.001,26.3,104.0,1200.0,2.0,5.0
440,SA,T,3,3066.0,77.8,58.1,526.0,22.0,7.5,0.6,6.9,69.6,94.5,745.0,840.0,36.9,140.2,1.4,0.7,16.2,655.0,50.6,2.04,1969.0,510.0,9.8,9.99,4.98,28.6,14.22,1364.0,54.5,1418.0,95.9,4.1,53.2,4.8,92.2,7.8,572.0,35.9,0.0,90.3,30.4,424.8,105.0,28.5,0.8,0.6,0.0,0.7,47.6,47.6,0.0,0.0,6.2,32.1,38.3,4.9,12.8,17.9,11.0,0.0,0.0,7.8,3.63,4.98,6.05,1.36,12.56,2.86,1.53,2.74,5.3,2.91,1.4,2.76,3.27,3.31,3.13,2.34,1.04,2.52,3.54,27.27,28.09,20.6,52.0,0.58,33.8,39.2,25.3,1.79,1.1,2.99,24.93,25.98,4.2,34.9,32.3,0.78,0.9,24.6,0.97,124.0,0.78,0.52,2.9,3.7,2.16,13.93,1.26,121.3,22.8,21.7,5.52,25.6,24.87,2.99,27.04,230.3,152.4,49.3,0.78,55.8,1.4,205.8,228.0,0.8,1.23,0.78,0.9,0.001,0.001,0.019,0.001,0.099,0.001,0.565,0.011,0.01,0.007,17.79,1.37,0.095,0.039,0.034,6.17,31.85,34.79,4.17,0.021,0.257,0.18,0.038,0.001,0.048,0.002,0.269,0.302,0.001,0.002,0.001,0.001,30.8,103.7,750.0,1.0,4.0
449,SB,T,3,3022.0,51.7,64.9,572.0,14.9,8.6,0.2,8.5,76.2,14.0,1267.0,1280.0,41.1,173.0,2.0,0.8,14.3,475.0,33.1,3.01,1885.0,363.0,9.6,10.31,4.21,30.7,10.95,1427.0,18.9,1446.0,98.6,1.4,63.4,1.5,97.8,2.2,411.0,199.4,50.8,191.5,5.5,191.1,270.0,41.9,0.0,6.7,0.0,0.8,12.8,12.8,0.0,0.0,5.3,28.8,34.1,0.7,15.5,11.7,15.8,0.0,0.0,2.1,3.1,4.07,4.71,1.44,15.03,2.66,1.39,2.42,4.9,2.25,1.11,2.56,3.13,4.33,2.98,2.1,0.99,2.32,3.28,15.95,23.07,11.84,18.9,0.56,29.6,47.2,21.7,2.38,0.76,2.31,20.71,15.16,4.8,42.4,28.3,0.52,0.6,6.4,0.76,36.1,0.52,0.21,0.6,4.2,7.61,8.24,0.75,30.1,19.9,19.8,2.94,14.8,20.7,2.31,7.47,156.1,129.4,12.3,0.52,12.8,0.6,221.9,236.0,0.6,1.08,0.52,0.6,0.001,0.001,0.007,0.002,0.066,0.001,0.331,0.001,0.009,0.018,15.69,1.27,0.034,0.03,0.03,4.84,27.54,42.33,4.71,0.009,0.274,0.233,0.014,0.001,0.015,0.001,0.404,0.516,0.001,0.002,0.001,0.001,31.8,105.9,500.0,1.0,4.0
458,SC,T,3,2854.0,39.7,62.1,552.0,12.3,8.7,0.4,8.3,77.6,46.8,1554.0,1601.0,18.4,230.3,2.6,0.9,25.4,639.0,32.5,2.71,2166.0,400.0,9.6,10.79,4.83,35.6,10.32,1512.0,36.9,1549.0,97.6,2.4,58.6,3.5,95.7,4.4,392.1,143.2,0.0,569.5,9.2,89.0,222.8,25.4,0.0,9.0,0.0,8.7,17.5,16.0,1.5,2.4,8.3,7.0,15.3,5.0,15.1,3.1,13.6,0.0,14.5,6.7,2.91,3.7,5.1,1.28,12.93,2.43,1.25,2.72,4.25,2.25,1.07,2.36,3.04,3.75,2.61,1.89,0.93,2.5,3.0,15.21,11.7,11.81,68.3,0.6,37.0,32.3,28.4,1.26,1.34,0.98,10.65,14.61,2.9,29.4,35.8,0.4,0.4,7.9,2.6,54.6,0.4,0.3,0.9,4.2,5.24,8.21,0.57,38.6,29.4,28.1,3.02,14.38,10.63,0.98,8.36,78.4,137.1,15.7,0.4,22.2,0.8,107.0,82.0,1.3,6.08,0.4,0.4,0.001,0.001,0.009,0.007,0.111,0.001,0.636,0.003,0.013,0.017,20.61,1.15,0.042,0.072,0.07,6.58,35.18,29.35,2.83,0.01,0.146,0.339,0.018,0.001,0.032,0.003,0.224,0.27,0.005,0.015,0.001,0.001,30.8,107.0,350.0,1.0,4.0
467,TA,T,3,2348.0,38.8,57.1,443.0,15.1,9.7,0.1,9.6,75.3,10.2,802.0,813.0,29.5,167.4,2.3,0.6,12.8,837.0,42.8,2.48,2145.0,489.0,7.4,12.79,6.52,29.0,9.95,1214.0,13.8,1228.0,98.5,1.5,56.2,0.8,98.5,1.6,34.5,290.0,152.3,341.4,19.5,165.4,63.5,98.9,0.0,0.0,0.0,0.1,8.6,8.6,0.0,0.0,5.2,17.4,22.6,0.9,15.9,13.9,18.8,0.0,0.0,0.0,2.66,2.75,3.86,1.31,15.41,2.2,1.25,2.15,4.58,1.88,0.84,2.16,2.71,5.02,2.55,1.75,0.71,1.86,2.83,11.83,16.75,9.56,12.2,0.69,28.4,46.9,23.4,2.27,0.77,1.95,14.76,11.19,5.8,41.1,26.9,0.39,3.0,8.1,0.42,35.9,0.39,0.2,0.4,5.5,10.66,6.76,0.61,25.9,20.8,20.8,2.33,10.94,14.75,1.95,11.2,86.0,111.9,10.6,0.39,10.7,0.4,104.7,129.0,0.4,0.47,0.39,0.4,0.001,0.013,0.019,0.001,0.071,0.001,0.429,0.001,0.018,0.036,17.12,1.48,0.03,0.051,0.051,5.1,26.21,41.14,5.73,0.019,0.204,0.275,0.013,0.001,0.013,0.001,0.277,0.353,0.001,0.002,0.001,0.001,33.5,109.9,750.0,3.0,3.0
476,TC,T,3,1648.0,21.8,53.5,309.0,12.0,13.1,0.0,13.0,75.0,1.4,801.0,802.0,15.4,76.0,1.9,0.7,10.1,514.0,28.4,2.03,1891.0,445.0,4.3,7.82,3.21,20.0,8.25,927.0,3.9,931.0,99.5,0.5,53.5,0.1,99.9,0.1,0.1,63.3,303.4,158.4,16.3,213.9,151.0,3.9,0.7,0.0,0.0,0.4,0.0,0.0,0.0,0.0,3.5,1.4,4.9,1.6,11.7,0.8,18.1,0.0,0.0,0.0,3.13,2.19,3.98,1.03,9.99,1.59,1.04,1.96,4.8,1.56,1.0,2.02,2.36,3.41,2.15,1.68,0.71,1.47,2.39,5.66,9.8,6.2,5.2,0.71,25.8,45.5,28.3,1.73,0.61,2.15,7.66,5.45,9.8,35.6,24.8,0.22,1.5,0.2,0.33,3.6,2.17,0.06,0.2,1.7,2.44,4.84,0.19,0.6,13.6,11.7,1.24,5.38,7.65,2.15,0.24,15.0,60.8,0.2,0.22,0.5,0.2,21.4,11.0,0.2,0.48,0.22,0.2,0.001,0.007,0.001,0.002,0.023,0.009,0.262,0.001,0.009,0.013,22.22,0.87,0.003,0.06,0.052,5.54,24.5,35.62,9.84,0.001,0.074,0.272,0.001,0.001,0.003,0.001,0.099,0.052,0.001,0.003,0.001,0.001,38.1,110.6,1000.0,3.0,3.0
485,TD,T,3,2020.0,25.8,56.1,392.0,11.8,11.1,0.0,11.1,77.4,1.5,574.0,576.0,23.6,80.5,2.4,0.5,14.6,438.0,32.6,2.22,1761.0,346.0,10.2,8.07,3.4,33.8,9.91,887.0,1.3,888.0,99.9,0.2,56.1,0.1,99.8,0.2,0.6,499.8,24.3,67.6,4.1,78.6,132.6,1.9,0.0,0.0,0.0,0.2,0.6,0.6,0.0,0.0,0.5,12.8,13.3,0.0,11.9,52.6,16.7,0.0,0.0,0.0,2.3,2.77,3.42,1.4,19.82,2.45,1.28,2.31,4.4,1.73,0.83,2.22,2.92,6.25,2.81,1.8,0.78,1.9,2.94,6.63,13.02,5.5,2.0,0.63,25.2,51.4,22.2,2.4,0.52,1.23,11.79,6.29,4.6,46.8,23.9,0.26,2.1,0.7,0.32,3.5,2.97,0.11,0.3,8.8,17.27,4.33,0.32,2.1,10.1,10.1,0.89,5.81,11.79,1.23,3.52,62.5,85.4,1.0,0.26,1.1,0.3,86.3,396.0,0.3,0.41,0.26,0.3,0.001,0.004,0.002,0.001,0.013,0.006,0.47,0.001,0.042,0.081,17.79,1.22,0.006,0.045,0.045,3.31,22.34,46.8,4.61,0.01,0.201,0.306,0.003,0.001,0.003,0.001,0.286,1.223,0.001,0.002,0.001,0.001,34.8,106.9,1000.0,3.0,3.0
494,UA,T,3,2327.0,67.2,57.1,374.0,25.6,9.7,2.5,7.3,64.6,76.2,963.0,1039.0,26.1,117.5,2.2,0.9,18.2,521.0,24.2,1.3,1240.0,242.0,7.9,8.35,3.58,27.2,9.52,822.0,147.1,969.0,85.9,14.1,41.5,15.7,75.4,24.6,485.4,0.0,0.0,22.4,7.7,20.1,251.2,3.4,0.5,0.3,0.0,2.1,70.1,62.5,7.6,74.6,0.2,18.1,18.4,0.0,12.2,0.0,5.5,0.0,0.0,0.0,3.04,3.65,4.88,1.08,9.37,2.54,1.17,2.73,4.06,2.6,1.07,2.15,2.73,2.49,2.23,1.84,0.89,2.37,2.9,25.78,19.88,19.28,102.4,0.7,37.0,32.9,27.1,1.32,1.27,2.2,17.43,24.46,3.7,28.9,35.1,0.67,1.0,32.8,1.5,166.5,0.67,0.59,5.2,7.2,1.02,13.12,1.3,165.6,8.3,8.0,4.99,24.23,17.34,2.17,37.4,206.8,92.3,70.7,2.45,80.8,12.9,113.9,140.0,3.2,5.54,4.22,24.9,0.001,0.002,0.039,0.002,0.2,0.001,0.764,0.009,0.012,0.002,18.92,1.78,0.197,0.012,0.013,6.65,34.77,28.76,3.64,0.048,0.309,0.125,0.088,0.0043,0.104,0.019,0.197,0.244,0.005,0.008,0.007,0.04,23.4,112.4,50.0,1.0,6.0
503,UB,T,3,1975.0,71.7,49.9,281.0,32.6,10.2,3.8,6.5,56.9,88.9,761.0,850.0,24.3,118.2,1.9,0.8,15.0,479.0,18.3,1.16,1320.0,217.0,6.0,6.02,2.56,23.5,8.36,765.0,174.5,940.0,81.4,18.6,31.4,18.4,63.5,36.5,364.0,0.4,0.0,2.4,0.0,23.8,341.9,1.3,2.2,0.0,0.0,1.4,63.3,63.3,0.0,103.5,6.3,17.5,23.7,0.0,8.8,0.0,5.5,0.0,0.0,2.2,2.73,3.12,4.33,0.9,8.14,2.27,1.08,2.39,3.63,2.6,0.98,1.88,2.33,2.26,1.95,1.7,0.77,2.0,2.6,28.11,19.25,21.61,127.7,0.83,38.1,29.6,28.9,1.12,1.51,2.13,16.84,26.59,3.4,25.9,36.0,0.71,0.7,39.1,0.79,194.7,0.71,0.7,6.4,6.7,0.77,14.37,1.49,194.6,14.8,17.3,5.9,26.33,16.73,2.1,44.63,242.0,130.6,86.2,3.46,98.0,7.1,106.0,130.0,0.8,1.13,3.64,18.9,0.001,0.001,0.048,0.001,0.236,0.001,0.883,0.012,0.012,0.001,19.46,2.02,0.236,0.021,0.026,7.58,35.63,25.73,3.3,0.058,0.357,0.166,0.11,0.006,0.131,0.011,0.173,0.213,0.001,0.002,0.007,0.033,22.9,113.3,50.0,1.0,6.0
512,UC,T,3,2313.0,79.1,61.4,339.0,30.1,10.8,4.2,6.7,59.1,86.0,441.0,527.0,36.3,75.6,2.1,0.9,16.7,416.0,22.8,1.35,1369.0,254.0,7.1,8.6,4.07,28.0,10.29,789.0,210.5,999.0,79.4,20.7,37.0,24.4,61.4,38.7,437.9,0.0,0.0,7.7,2.9,72.3,212.3,14.3,0.0,0.0,0.0,2.1,84.2,79.9,4.3,124.2,0.0,29.5,29.5,0.0,11.5,0.0,5.8,0.0,0.0,0.0,3.28,3.83,5.23,1.09,9.79,2.77,1.33,2.9,4.42,3.17,1.19,2.29,2.83,2.5,2.38,2.08,0.93,2.44,3.15,28.77,26.37,21.37,151.0,0.83,34.9,36.9,25.3,1.58,1.07,2.89,23.22,27.2,4.1,32.5,33.0,0.79,0.8,34.7,0.95,172.3,0.79,0.62,7.2,8.2,0.9,14.5,1.55,171.9,8.0,11.1,5.51,26.88,23.12,2.86,41.52,291.9,105.4,78.6,4.08,94.7,10.2,179.2,216.0,0.9,1.92,4.63,25.7,0.001,0.001,0.034,0.001,0.168,0.001,0.657,0.011,0.013,0.001,17.57,1.86,0.167,0.013,0.017,6.19,32.53,32.38,4.06,0.045,0.381,0.121,0.082,0.0062,0.106,0.015,0.26,0.314,0.001,0.003,0.007,0.04,22.5,113.3,50.0,1.0,6.0
521,UD,T,3,2217.0,70.7,54.3,341.0,28.0,9.8,3.4,6.5,62.1,91.3,397.0,488.0,12.4,88.4,2.1,0.7,15.3,375.0,22.5,1.22,1143.0,224.0,6.9,8.93,3.96,49.3,9.22,709.0,187.9,897.0,78.9,21.2,35.2,19.1,65.3,34.7,435.3,0.0,0.0,35.9,0.6,81.1,118.7,19.9,0.0,0.0,0.0,0.3,79.3,71.8,7.5,97.5,10.9,4.3,15.1,0.0,12.6,1.1,5.0,0.0,0.0,0.0,2.92,3.48,4.62,1.0,8.79,2.43,1.11,2.58,3.91,2.62,1.03,2.02,2.54,2.15,2.11,1.82,0.85,2.23,2.77,30.71,12.82,24.61,120.3,0.75,42.9,19.5,34.1,0.6,2.46,1.21,11.3,29.04,1.9,17.1,40.5,0.71,0.7,43.5,0.82,218.4,0.71,0.87,1.8,9.0,0.9,16.05,1.62,217.5,42.4,39.8,7.13,28.73,11.17,0.99,48.58,161.5,237.3,90.3,1.21,97.3,59.5,27.5,82.0,4.6,10.85,28.32,151.3,0.001,0.001,0.057,0.001,0.285,0.001,1.193,0.004,0.016,0.002,22.53,2.27,0.284,0.064,0.059,9.71,40.08,16.94,1.54,0.066,0.221,0.332,0.12,0.0018,0.131,0.107,0.048,0.126,0.008,0.019,0.051,0.273,21.5,111.8,50.0,1.0,7.0
530,UE,T,3,1884.0,67.8,56.3,262.0,32.1,12.1,5.8,6.4,55.9,79.9,520.0,600.0,27.1,82.5,1.7,0.8,14.5,385.0,19.0,1.11,1362.0,216.0,5.6,6.97,3.0,26.2,8.36,681.0,248.2,930.0,73.8,26.2,28.8,27.6,52.5,47.5,335.7,4.9,0.0,10.3,0.0,59.3,234.3,3.1,2.9,0.0,0.0,0.8,62.7,60.4,2.3,184.7,0.0,20.4,20.4,0.0,10.1,0.0,4.8,0.0,0.0,0.0,3.1,3.46,4.87,0.95,8.98,2.66,1.27,2.65,4.13,3.25,1.15,2.1,2.55,2.42,2.17,1.97,0.8,2.16,2.93,25.71,20.21,19.29,152.3,0.93,36.6,32.9,27.0,1.32,1.24,2.3,17.66,24.19,3.9,28.7,34.4,0.68,0.7,33.6,0.74,166.9,0.68,0.61,10.3,11.2,0.93,13.01,1.49,166.8,11.6,16.3,5.0,23.92,17.55,2.26,43.36,281.4,102.3,81.4,5.58,100.6,13.5,123.2,168.0,0.8,1.86,6.17,35.7,0.001,0.001,0.041,0.001,0.2,0.001,0.798,0.018,0.02,0.002,18.54,2.16,0.2,0.021,0.029,6.65,33.96,28.55,3.76,0.058,0.438,0.141,0.106,0.0099,0.141,0.026,0.211,0.284,0.001,0.004,0.011,0.067,22.8,113.3,50.0,1.0,6.0
539,UF,T,3,2557.0,60.0,45.2,458.0,21.1,7.1,0.2,6.9,71.7,17.7,1129.0,1146.0,7.2,186.9,1.2,0.7,13.9,904.0,42.5,1.44,1469.0,402.0,7.8,8.59,3.65,15.6,10.39,1187.0,54.0,1240.0,95.7,4.4,43.6,1.4,96.9,3.1,528.9,0.0,0.0,130.1,19.9,0.0,434.9,60.2,0.0,0.0,0.0,0.0,15.5,15.5,0.0,0.0,38.5,0.0,38.5,0.0,12.6,0.0,6.2,0.0,0.0,0.0,2.94,3.91,4.71,1.09,9.98,2.11,1.15,2.04,4.04,2.13,1.13,2.21,2.52,2.22,2.46,1.76,0.83,1.94,2.71,26.94,9.25,23.15,48.1,0.55,44.6,16.0,38.4,0.42,2.87,0.9,8.29,25.7,1.6,14.3,42.6,0.6,0.6,9.8,0.6,50.0,0.6,0.65,0.6,0.6,0.6,14.82,1.13,47.0,114.5,114.5,7.45,25.26,8.27,0.9,12.76,40.5,437.6,19.1,0.6,19.1,0.6,0.6,1.0,0.6,0.6,0.6,0.6,0.001,0.001,0.011,0.001,0.059,0.001,1.04,0.001,0.001,0.001,24.74,1.81,0.052,0.197,0.197,12.28,41.94,14.32,1.6,0.016,0.051,0.743,0.022,0.001,0.022,0.001,0.001,0.001,0.001,0.001,0.001,0.001,23.9,115.8,200.0,1.0,6.0
548,VA,T,3,2012.0,32.6,54.4,376.0,14.4,10.9,1.0,9.9,74.8,13.8,145.0,159.0,22.2,125.3,1.4,0.6,14.3,354.0,30.2,1.63,1809.0,258.0,5.4,8.88,4.32,50.5,7.32,1038.0,38.0,1076.0,96.5,3.5,49.1,5.4,91.3,8.7,0.8,508.8,28.4,185.4,2.0,125.4,71.0,25.7,20.9,0.0,0.0,1.1,36.9,36.9,0.0,0.0,0.0,17.1,17.1,1.8,11.7,35.2,12.5,0.0,0.0,0.0,2.71,3.3,4.37,1.46,22.11,2.84,1.5,2.74,5.07,2.4,1.12,2.58,3.46,6.43,3.15,2.13,0.93,2.15,3.42,9.5,13.85,8.85,38.2,0.71,27.6,46.2,25.1,2.06,0.67,1.56,12.15,8.84,5.0,41.0,25.7,0.33,0.4,2.5,0.65,14.5,0.33,0.32,28.2,30.4,17.89,5.7,0.59,133.3,59.8,29.0,2.53,8.66,12.12,1.5,2.78,82.5,49.0,4.7,0.33,44.6,46.8,103.5,132.0,0.4,1.08,0.33,6.0,0.001,0.001,0.005,0.002,0.033,0.001,0.776,0.071,0.077,0.058,17.04,1.68,0.263,0.146,0.079,6.38,25.14,40.84,4.91,0.006,0.256,0.173,0.009,0.001,0.091,0.091,0.345,0.421,0.001,0.004,0.001,0.012,37.3,102.9,2500.0,3.0,3.0
557,VB,T,3,2743.0,56.8,70.4,488.0,18.4,10.3,0.7,9.7,71.5,51.5,171.0,223.0,34.6,166.8,1.8,0.8,16.4,465.0,29.7,2.39,2043.0,314.0,6.9,9.78,4.57,56.5,9.46,1492.0,44.1,1535.0,97.1,2.9,66.2,4.2,94.1,5.9,0.0,639.3,0.0,22.6,4.3,510.6,173.4,0.0,54.8,0.0,4.5,5.7,33.0,32.6,0.5,0.0,0.9,28.5,29.5,0.8,13.3,40.6,11.4,0.0,0.0,0.0,2.84,3.49,4.06,1.58,26.26,3.01,1.63,3.06,5.53,2.35,1.22,2.81,3.95,7.33,3.45,2.21,1.02,2.24,3.74,17.42,23.63,14.43,57.4,0.66,28.7,45.8,23.9,2.11,0.72,2.63,20.85,16.38,5.1,40.5,27.0,1.15,2.2,18.1,2.41,79.6,1.08,0.42,9.2,19.8,19.32,9.8,1.0,127.2,30.9,17.9,3.7,16.07,20.8,2.59,13.94,163.7,105.9,27.1,0.57,48.4,29.1,175.2,207.0,0.6,4.45,0.57,3.5,0.002,0.004,0.023,0.005,0.101,0.002,0.61,0.014,0.036,0.041,16.76,1.65,0.166,0.051,0.032,5.63,26.39,40.41,5.05,0.017,0.284,0.189,0.032,0.001,0.064,0.043,0.341,0.4,0.001,0.008,0.001,0.006,40.1,94.8,1250.0,4.0,3.0
566,VC,T,3,2433.0,32.1,58.3,477.0,11.9,9.7,0.0,9.7,78.4,0.3,288.0,289.0,19.6,111.4,2.5,0.7,17.9,476.0,37.8,2.13,2109.0,348.0,11.3,7.79,3.43,24.5,13.99,1240.0,10.1,1250.0,99.1,0.9,58.3,0.1,100.0,0.1,166.6,270.1,170.3,375.2,0.0,41.0,117.9,77.7,0.0,0.0,0.0,0.0,0.0,0.0,0.0,0.0,10.1,7.8,17.8,0.0,11.2,1.8,30.4,0.0,0.0,0.0,2.71,3.14,4.64,1.36,15.75,2.31,1.23,2.32,4.52,1.95,0.95,2.31,2.87,4.69,2.65,1.81,0.83,2.06,2.97,11.06,11.75,9.08,9.5,0.63,34.8,35.5,28.8,1.45,1.23,1.0,10.75,10.6,3.1,32.4,33.5,0.32,4.3,1.4,0.32,10.9,6.33,0.2,0.3,5.3,10.32,6.52,0.41,5.7,31.6,31.6,2.19,10.37,10.74,1.0,1.39,55.5,178.7,2.4,0.32,2.4,0.3,66.8,55.0,0.3,0.32,0.32,0.3,0.001,0.019,0.004,0.001,0.032,0.029,0.616,0.001,0.018,0.034,20.84,1.23,0.013,0.102,0.102,6.78,32.69,32.39,3.02,0.004,0.183,0.633,0.006,0.001,0.006,0.001,0.211,0.14,0.001,0.001,0.001,0.001,33.5,104.9,1400.0,3.0,3.0
575,WA,T,3,2516.0,62.6,68.4,420.0,22.4,11.0,2.1,8.8,66.6,122.5,55.0,178.0,21.3,57.5,2.1,0.7,19.9,455.0,39.4,2.6,2081.0,324.0,10.8,11.33,4.73,95.3,10.29,901.0,190.9,1092.0,82.1,17.9,55.4,13.1,81.0,19.1,14.4,588.8,7.1,172.7,0.0,45.6,26.0,0.0,0.0,0.0,94.2,0.0,88.3,88.3,0.0,0.0,8.5,14.2,22.7,0.0,16.8,2.3,9.0,0.0,0.0,0.0,3.08,3.58,5.0,1.58,21.09,3.15,1.61,2.78,5.45,3.22,1.25,2.83,3.25,7.4,3.31,2.49,0.97,2.45,4.0,21.04,17.29,23.83,120.5,0.9,32.5,29.2,37.3,0.91,1.35,2.23,14.48,19.29,3.6,24.8,29.8,4.99,104.4,246.0,22.19,293.9,14.83,1.89,238.5,196.8,61.03,13.19,1.36,565.9,205.3,84.1,7.42,18.32,14.33,2.0,5.92,144.3,106.2,2.8,0.63,152.4,199.8,99.3,862.0,0.7,0.63,0.63,25.3,0.01,0.17,0.401,0.035,0.481,0.025,2.976,0.38,0.309,0.102,21.14,2.17,0.799,0.301,0.129,11.01,28.41,24.62,3.25,0.007,0.233,0.175,0.003,0.001,0.212,0.279,0.157,1.161,0.001,0.001,0.001,0.036,46.0,83.7,750.0,3.0,2.0
584,WB,T,3,2669.0,66.1,75.3,443.0,20.9,11.3,2.4,8.9,67.7,309.4,104.0,414.0,28.5,40.2,2.3,1.1,20.2,712.0,39.6,2.52,2066.0,330.0,11.6,9.9,4.12,92.6,10.27,893.0,367.6,1260.0,73.0,27.1,57.3,18.1,78.6,21.5,0.0,644.7,0.0,61.0,0.0,52.3,69.2,0.0,14.5,0.0,292.2,0.6,61.0,61.0,0.0,0.0,13.8,18.3,32.0,3.0,14.7,1.3,9.6,0.0,0.0,0.0,3.0,3.49,4.71,1.66,22.73,3.06,1.68,2.89,5.74,3.23,1.3,2.96,3.41,8.31,3.56,2.54,1.0,2.58,4.19,20.98,19.14,25.45,152.8,0.89,30.3,32.3,36.4,1.01,1.09,2.31,16.45,18.7,3.5,28.4,26.8,12.14,172.8,403.4,28.78,500.8,35.34,2.52,373.7,251.4,65.71,14.0,1.75,378.3,173.8,84.8,7.0,18.42,16.36,2.18,1.76,229.8,107.0,0.7,0.83,92.2,116.5,121.8,183.0,0.7,1.07,0.66,15.1,0.024,0.249,0.573,0.032,0.728,0.069,3.59,0.544,0.345,0.103,21.26,2.71,0.327,0.188,0.109,8.73,26.31,28.31,3.43,0.003,0.395,0.19,0.001,0.0011,0.073,0.088,0.198,0.276,0.001,0.002,0.001,0.011,43.5,82.8,1500.0,3.0,2.0
593,WC,T,3,2262.0,56.1,57.0,382.0,24.0,10.0,0.8,9.1,66.0,27.8,350.0,378.0,40.3,78.2,2.1,0.6,16.3,423.0,36.5,2.23,1799.0,294.0,10.2,11.71,4.77,63.0,9.52,1047.0,49.7,1097.0,95.2,4.8,52.1,4.8,91.4,8.6,6.2,523.9,0.0,61.8,1.9,289.7,91.7,0.0,9.8,1.6,9.7,0.0,37.9,37.9,0.0,0.0,2.2,33.5,35.7,0.0,17.6,0.5,11.3,0.0,0.0,0.0,2.46,2.96,3.8,1.38,19.06,2.58,1.32,2.3,4.42,2.25,0.94,2.32,2.78,6.3,2.82,1.98,0.79,1.98,3.24,15.46,25.84,14.4,44.3,0.76,27.3,46.5,25.4,2.03,0.67,2.98,22.65,14.4,5.3,40.8,25.4,0.84,22.6,54.2,6.08,63.5,1.42,0.61,63.0,64.7,31.71,9.21,0.93,217.8,84.5,37.2,3.92,14.04,22.58,2.89,1.03,157.3,87.8,0.6,0.56,61.7,80.9,209.8,272.0,0.6,0.56,0.56,10.5,0.002,0.04,0.095,0.011,0.112,0.003,1.058,0.106,0.112,0.06,16.61,1.63,0.357,0.142,0.065,6.66,24.75,40.69,5.15,0.002,0.275,0.17,0.001,0.001,0.101,0.132,0.364,0.476,0.001,0.001,0.001,0.017,42.9,89.1,0.0,4.0,2.0
602,XA,T,3,2829.0,50.5,65.8,528.0,16.3,9.3,1.0,8.3,74.4,40.4,629.0,670.0,37.6,228.7,1.5,0.8,13.8,593.0,24.6,2.49,1879.0,308.0,7.6,6.17,3.13,41.6,10.48,1368.0,63.5,1431.0,95.5,4.5,57.5,8.2,89.4,10.7,382.8,227.3,0.8,148.2,6.3,280.5,192.1,32.3,24.0,0.0,5.9,5.5,46.3,31.9,14.3,5.4,0.5,29.9,30.4,14.7,7.7,18.8,9.3,0.0,0.0,0.2,3.18,4.19,5.11,1.36,16.62,2.8,1.48,2.66,5.01,2.72,1.29,2.65,3.33,4.41,3.05,2.26,1.06,2.32,3.48,14.84,22.49,12.56,74.9,0.63,28.3,47.2,23.3,2.27,0.66,2.83,19.48,13.91,5.9,41.1,26.6,1.74,3.2,11.8,2.54,35.1,1.16,0.39,24.5,32.1,14.75,8.21,0.86,166.5,57.3,24.4,3.49,13.63,19.43,2.76,7.0,146.3,58.6,7.5,0.85,57.1,58.7,182.0,227.0,0.5,4.29,0.85,8.3,0.004,0.007,0.021,0.006,0.057,0.003,0.633,0.039,0.054,0.028,15.66,1.64,0.251,0.092,0.04,6.08,25.98,40.93,5.79,0.011,0.296,0.116,0.009,0.0018,0.089,0.092,0.389,0.476,0.001,0.01,0.002,0.013,38.3,106.3,1250.0,4.0,2.0
611,XB,T,3,2862.0,23.9,76.5,586.0,7.6,10.7,0.0,10.7,81.7,0.0,77.0,77.0,19.8,71.9,2.1,0.8,15.9,396.0,34.1,2.53,2512.0,357.0,7.3,7.35,2.98,53.1,9.81,1396.0,0.0,1396.0,100.0,0.0,76.5,0.0,100.0,0.0,0.0,676.3,0.0,495.1,0.0,0.0,17.6,151.5,0.0,0.0,0.0,0.0,0.0,0.0,0.0,0.0,0.0,13.2,13.2,0.0,11.1,30.5,8.7,0.0,0.0,0.0,2.65,3.22,4.65,1.56,26.73,2.9,1.53,3.0,5.5,2.12,1.25,2.8,4.0,7.27,3.4,2.1,1.05,2.21,3.74,5.75,12.38,5.21,0.0,0.66,24.3,52.2,22.3,2.36,0.47,1.28,11.1,5.4,5.4,46.8,22.9,0.24,0.3,0.3,0.24,6.4,0.24,0.1,0.3,9.6,19.07,4.17,0.32,0.3,9.6,9.6,0.79,5.25,11.1,1.28,0.24,52.7,60.5,0.3,0.24,0.3,0.3,79.0,93.0,0.3,0.24,0.24,0.3,0.001,0.001,0.001,0.001,0.028,0.001,0.419,0.001,0.042,0.084,17.87,1.34,0.001,0.042,0.042,3.31,22.21,46.75,5.42,0.001,0.217,0.262,0.001,0.001,0.001,0.001,0.325,0.379,0.001,0.001,0.001,0.001,35.6,106.1,1750.0,3.0,3.0
620,YA,T,3,1992.0,53.3,67.2,309.0,23.9,13.7,4.8,8.8,62.1,233.8,223.0,457.0,15.9,49.1,2.0,1.0,15.5,659.0,37.6,2.81,1909.0,348.0,10.2,10.92,5.72,55.1,12.81,669.0,247.2,917.0,73.1,26.9,41.8,25.4,64.6,35.4,16.4,335.8,45.9,60.9,0.2,95.1,30.7,33.1,0.0,0.0,135.2,0.7,104.4,104.4,0.0,0.0,7.1,0.6,7.6,0.1,13.2,5.8,14.9,0.0,0.0,1.9,3.46,3.72,5.16,1.36,18.77,3.1,1.72,2.94,5.74,3.57,1.27,2.63,3.37,6.02,3.23,2.63,0.97,2.45,3.65,19.05,9.5,24.34,162.7,0.94,34.8,19.0,45.3,0.43,1.95,1.78,7.21,17.55,3.5,14.6,32.0,4.8,64.1,313.1,31.05,462.6,15.05,2.5,170.7,228.8,45.55,12.92,1.22,509.9,172.7,67.3,7.51,16.18,7.06,1.57,8.6,86.0,49.2,1.0,0.54,145.8,192.0,22.1,1327.0,0.6,0.97,0.54,24.3,0.009,0.118,0.546,0.054,0.806,0.03,4.476,0.316,0.409,0.089,24.39,2.27,0.918,0.314,0.124,13.87,29.87,14.29,3.09,0.013,0.17,0.107,0.002,0.001,0.263,0.346,0.042,2.014,0.001,0.002,0.001,0.043,42.4,113.9,1000.0,3.0,2.0
