,county,sex,xiang,m001,m002,m003,m004,m005,m006,m007,m008,m009,m010,m011,m012,m013,m014,m015,m016,m017,m018,m019,m020,m021,m022,m023,m024,m025,m026,m027,m028,m029,m030,m031,m032,m033,m034,m035,m036,m037,m038,m039,m040,m041,m042,m043,m044,m045,m046,m047,m048,m049,m050,m051,m052,m053,m054,m055,m056,m057,m058,m059,m060,m061,m062,m063,m064,m065,m066,m067,m068,m069,m070,m071,m072,m073,m074,m075,m076,m077,m078,m079,m080,m081,m082,m083,m084,m085,m086,m087,m088,m089,m090,m091,m092,m093,m094,m095,m096,m097,m098,m099,m100,m101,m102,m103,m104,m105,m106,m107,m108,m109,m110,m111,m112,m113,m114,m115,m116,m117,m118,m119
5,AA,F,3,2.83,68.53,60.71,94.76,7.49,50.53,58.71,6.91,36.06,58.77,9.79,32.37,0.0,0.56,0.29,6.03,0.0,0.0,1.04,2.95,15.25,6.73,2.75,0.59,3.26,3.26,31.76,62.46,22.58,0.31,57.39,10.72,1.28,0.67,,27.54,10.13,5.91,7.3,5.28,2.36,8.07,0.0,5.17,5.17,0.0,0.0,1.61,5.6,0.0,12.38,2.12,3.59,1.19,0.74,0.62,3.0,1.74,1.61,0.0,16.86,2.99,16.55,0.0,122.77,1.74,37.82,5.37,129.6,3.09,5.58,124.03,2.17,40.68,2.0,1.0,0.0,1.82,26.39,2.13,83.78,11.49,17.29,,17.29,17.29,0.31,0.56,6.53,3.7,0.84,1.28,22.11,38.64,8.59,18.61,9.53,7.87,11.61,18.23,1.89,1.9,6.6,0.1,14.17,11.18,2.99,0.94,0.16,2.68,0.31,0.63,6.14,1.89,2.05,0.31,0.0,0.0,1.57
14,AB,F,3,3.2,32.98,77.51,99.4,8.27,57.23,66.2,7.64,33.21,62.97,13.66,96.79,1.99,0.94,0.34,7.11,0.0,1.31,1.5,9.36,71.67,14.67,2.92,0.0,0.94,0.94,22.83,57.8,38.71,1.82,79.61,9.96,1.31,0.78,,32.0,6.37,9.99,4.35,4.62,2.81,8.84,0.0,8.54,8.54,0.0,0.0,1.34,1.42,1.84,8.73,0.72,2.09,0.0,0.61,0.38,2.09,2.71,1.71,1.31,16.15,6.21,17.08,0.72,131.42,1.99,39.45,6.3,138.81,4.92,3.04,135.77,0.5,21.52,4.34,1.31,3.56,2.0,11.45,3.82,91.06,7.24,20.37,,20.37,20.37,1.02,0.0,1.61,1.92,0.0,1.59,19.99,26.27,7.36,8.23,10.05,8.57,12.87,34.46,0.34,2.25,10.27,0.22,15.99,13.0,2.99,1.58,0.18,3.69,0.7,2.11,6.33,3.16,0.18,1.41,0.0,0.0,2.28
23,AC,F,3,2.72,38.04,61.4,84.8,7.19,63.24,57.37,6.86,27.43,33.65,10.41,28.8,0.33,1.21,0.0,4.71,0.0,1.64,0.0,3.64,10.72,10.92,2.15,0.0,3.94,3.94,17.72,50.1,13.93,0.89,33.75,5.19,0.67,0.0,,27.54,11.97,9.44,7.23,2.55,4.13,13.9,0.0,10.28,10.28,0.0,0.0,0.33,0.0,2.09,9.35,3.03,3.59,0.88,0.0,2.25,2.11,1.67,1.52,0.78,9.98,10.27,27.88,0.0,101.31,1.67,50.26,5.54,177.26,3.98,3.36,170.88,2.0,51.99,4.96,0.0,0.0,0.72,21.26,1.61,55.01,26.14,26.57,,26.57,26.57,0.39,0.0,3.46,2.42,1.32,7.26,17.27,21.6,2.84,5.42,9.08,6.53,9.76,12.05,0.39,0.0,9.17,0.06,13.6,10.82,2.78,1.08,0.31,2.16,0.77,0.46,6.03,2.32,1.85,0.31,0.0,0.0,1.55
32,BA,F,3,3.08,50.13,121.89,127.94,13.29,71.5,102.27,12.97,25.67,32.96,44.64,73.03,2.59,8.16,10.48,35.34,0.72,0.5,0.0,2.73,0.0,8.84,5.27,2.4,0.0,0.0,288.19,75.08,0.0,1.0,32.14,0.89,0.0,0.0,,43.74,7.7,46.96,0.0,0.0,2.36,3.21,0.37,11.37,10.17,0.0,0.0,1.03,7.98,0.77,9.86,1.74,1.86,1.8,0.0,1.31,1.2,10.59,4.52,1.31,8.03,77.62,47.08,2.11,297.05,8.48,154.9,22.18,173.8,20.14,26.29,147.51,3.44,46.22,16.07,1.2,3.82,1.05,22.76,2.04,54.91,0.0,4.96,,4.96,3.47,10.01,6.05,0.0,1.06,2.49,6.46,15.49,19.2,3.23,2.89,3.72,0.66,9.84,12.55,0.34,1.2,9.56,1.86,15.39,13.83,1.56,5.89,0.6,1.56,0.0,1.08,3.97,0.24,1.68,0.0,0.0,0.0,0.24
50,BC,F,3,4.15,46.86,100.88,130.33,8.22,50.28,93.71,7.75,36.61,47.11,30.53,46.11,2.0,3.7,2.76,28.48,1.49,5.47,0.33,1.22,0.0,10.88,2.56,0.0,2.18,2.18,34.88,38.21,9.65,0.95,44.35,6.23,0.7,0.0,,65.06,9.37,12.43,9.54,4.78,4.27,7.19,1.31,7.75,7.75,0.29,0.0,2.77,1.37,1.96,5.64,1.29,0.0,0.86,0.0,0.71,0.0,5.4,2.54,1.84,32.4,9.63,59.97,2.68,149.58,2.72,104.18,21.05,163.64,18.85,4.92,157.34,7.31,29.58,3.81,0.0,0.96,2.0,26.03,2.95,70.38,0.0,8.78,,8.78,8.78,2.42,1.47,0.0,1.92,0.94,3.03,27.17,32.18,6.94,6.7,2.29,2.59,9.16,14.23,0.0,0.7,9.99,0.34,20.75,19.04,1.71,5.94,2.01,3.83,0.3,2.22,4.73,0.91,0.91,1.71,0.0,0.1,0.2
59,CB,F,3,3.93,73.04,125.79,148.92,12.38,68.49,121.79,11.93,27.13,45.14,66.77,79.06,15.26,5.17,9.49,46.34,0.0,14.69,0.0,0.0,0.0,10.09,4.95,5.05,2.64,2.64,161.19,185.91,16.19,1.75,30.05,1.18,1.08,5.42,,21.02,10.61,39.81,3.88,4.76,3.93,1.67,0.0,8.53,7.35,0.0,1.18,0.5,0.0,1.01,7.93,6.34,9.38,3.43,5.2,1.88,4.18,8.64,3.68,4.85,54.48,23.54,37.09,1.07,245.89,7.57,122.12,29.43,142.07,29.43,10.69,129.91,4.66,70.57,16.41,2.45,6.37,2.67,40.14,4.42,70.2,2.54,6.76,,6.76,5.77,14.12,2.7,1.46,7.59,0.55,0.86,18.7,31.32,6.42,0.86,3.19,3.53,8.01,13.82,0.42,0.0,10.77,2.29,19.66,18.62,1.04,9.57,2.09,1.22,0.0,1.22,4.0,0.0,0.17,0.17,0.0,0.0,0.52
68,CC,F,3,1.85,38.8,140.42,117.72,11.84,91.72,84.3,11.31,33.42,53.47,30.08,52.2,0.5,1.89,9.42,33.32,1.85,7.76,0.0,0.0,0.0,10.76,2.77,1.48,0.0,0.0,63.56,74.65,6.13,0.0,29.51,0.0,3.94,1.89,,13.21,12.31,57.59,1.06,1.29,4.6,5.0,2.28,3.94,3.94,0.0,0.0,0.0,1.05,2.15,11.41,3.55,5.65,2.24,2.47,1.5,3.18,9.41,4.97,4.09,28.29,4.94,95.86,0.53,355.28,8.88,141.56,15.74,218.55,13.33,5.65,211.43,5.64,56.06,7.79,4.36,4.84,3.37,31.06,3.37,60.56,2.77,8.12,,8.12,8.12,7.26,0.0,1.89,1.89,0.85,0.0,17.79,40.83,3.5,8.62,2.35,5.25,14.8,12.64,0.83,0.0,4.61,0.89,9.24,8.44,0.8,3.66,0.32,1.91,0.0,1.43,0.8,0.16,0.0,0.32,0.0,0.0,0.16
77,CD,F,3,1.89,25.54,77.98,78.83,9.1,57.57,59.57,8.71,19.26,39.04,14.44,53.56,1.61,1.24,2.99,23.71,0.69,5.04,0.0,2.39,0.0,8.02,2.24,0.0,2.49,2.49,39.15,24.92,11.47,0.42,30.2,3.4,2.88,0.0,,20.39,13.12,39.71,7.51,2.45,2.33,7.17,0.83,16.96,15.2,0.0,0.0,1.09,2.56,2.93,12.15,2.35,6.31,0.94,0.0,1.43,2.88,3.51,3.32,1.65,49.4,22.72,50.73,0.0,205.03,3.51,127.41,8.22,187.77,6.71,17.66,170.12,2.75,43.23,4.52,7.48,3.82,2.14,23.0,2.55,53.2,3.0,6.19,,6.19,4.01,3.87,0.78,0.0,0.51,1.39,1.24,13.29,23.66,4.5,3.85,1.98,0.51,4.54,15.38,1.43,0.0,6.23,0.64,9.44,8.15,1.29,2.15,0.54,2.04,0.75,1.07,2.79,0.97,1.07,0.21,0.0,0.0,0.21
86,DA,F,3,2.35,33.53,119.93,111.7,7.03,48.51,64.61,6.42,47.09,60.85,22.36,67.0,1.0,5.46,1.95,40.68,0.94,7.97,0.0,0.0,0.0,4.31,1.63,0.0,1.62,1.62,43.01,27.21,9.41,1.31,39.2,2.26,0.0,0.0,,8.89,6.54,17.29,2.75,1.4,0.68,1.1,1.61,13.54,3.79,0.0,1.13,0.32,0.0,0.32,2.12,0.96,3.76,0.34,0.0,0.96,0.97,6.93,2.17,1.02,12.54,3.66,37.37,1.91,135.75,5.02,81.64,6.75,118.83,4.71,3.98,114.02,2.91,44.99,1.13,3.49,3.79,1.94,33.08,3.25,72.28,0.0,10.56,,10.56,9.43,4.07,3.57,0.0,0.0,0.32,0.0,12.29,14.71,2.37,7.58,3.19,2.58,34.8,45.01,0.0,0.0,8.79,0.7,11.76,11.3,0.45,1.02,0.57,1.02,0.11,0.68,5.88,0.23,1.13,2.37,0.34,0.0,0.11
95,DB,F,3,2.7,42.36,174.05,150.12,12.15,57.81,97.6,11.6,52.52,55.23,28.96,36.85,2.63,3.3,7.35,27.1,0.35,2.05,0.0,0.0,0.0,9.45,4.4,4.04,0.0,0.0,241.49,123.39,6.45,0.0,18.7,1.09,0.0,1.92,,13.02,6.66,11.19,0.0,0.0,1.72,3.88,2.91,11.57,10.33,0.7,0.0,2.83,2.85,2.17,12.08,5.59,4.59,0.81,0.0,1.77,4.59,8.58,4.25,1.45,19.43,79.05,39.09,1.91,263.06,6.67,162.07,19.74,154.72,15.32,4.39,149.27,9.07,52.57,13.83,1.53,4.12,4.58,25.49,4.58,44.18,1.53,3.5,,3.5,2.98,10.42,1.04,0.0,2.18,2.84,15.5,27.65,22.33,4.27,4.33,5.94,0.52,24.49,31.66,0.38,0.0,6.4,1.15,13.49,9.9,3.59,4.95,0.62,1.24,0.25,0.87,0.99,0.12,0.25,0.0,0.0,0.12,0.87
104,DC,F,3,4.72,34.79,161.43,169.67,10.9,52.25,127.18,10.51,42.49,38.45,38.02,54.54,2.14,1.75,4.88,25.48,0.0,1.01,0.0,0.0,0.0,11.56,4.64,2.05,0.0,0.0,198.68,158.66,7.38,1.0,27.19,1.01,0.0,1.33,,22.43,3.67,22.69,1.71,1.33,1.75,2.13,1.39,12.2,10.87,0.6,1.33,0.0,1.33,2.8,11.3,5.5,3.58,3.3,0.92,3.78,0.92,10.13,2.96,2.73,18.62,27.57,48.01,2.97,193.27,7.16,102.73,19.41,118.16,16.51,12.86,104.26,13.45,69.62,18.58,5.42,0.8,5.63,37.21,6.63,64.4,2.79,8.15,,8.15,8.15,10.73,6.05,0.0,2.79,3.8,14.53,12.29,13.7,4.46,1.8,1.67,0.0,13.57,8.08,2.14,0.0,15.73,1.22,23.62,20.98,2.64,5.6,2.75,2.86,0.55,1.65,6.48,0.66,1.54,1.32,2.09,0.11,0.11
113,EA,F,3,4.41,44.56,120.23,144.39,8.79,37.24,104.01,8.33,40.38,46.36,28.75,26.57,0.4,1.66,3.99,10.13,0.74,4.11,0.0,1.42,0.0,11.5,1.87,0.89,0.0,0.0,7.79,46.6,12.3,0.38,15.2,2.73,1.19,1.19,,50.36,11.12,14.81,6.47,2.46,3.85,3.84,2.05,13.95,10.5,0.67,0.0,0.57,2.35,1.94,9.75,4.51,4.55,2.49,2.19,2.63,0.89,6.99,2.2,1.44,20.27,2.37,28.89,3.67,147.52,3.32,72.69,21.18,315.98,17.13,3.24,312.74,2.97,38.89,3.76,2.73,2.11,1.62,21.36,2.0,36.56,7.45,7.36,,7.36,7.36,2.88,0.92,2.27,0.0,3.03,4.73,19.74,22.04,3.62,9.3,7.8,6.35,19.31,21.14,0.91,3.19,15.44,0.5,22.03,20.5,1.53,5.89,0.47,3.42,0.35,2.47,7.31,1.77,2.0,0.59,0.0,0.24,0.12
122,FA,F,3,5.01,66.01,176.74,191.41,11.99,40.62,136.85,11.51,54.56,47.63,45.16,74.63,2.53,5.02,6.93,37.38,4.28,7.87,0.0,5.27,0.0,19.11,2.04,2.28,1.5,1.5,5.28,56.32,7.32,3.33,44.62,1.54,1.06,5.34,,41.93,8.36,12.49,5.75,0.0,7.44,0.67,0.78,9.26,5.62,0.35,0.0,3.72,1.03,1.34,5.14,4.27,2.25,6.22,1.03,1.38,0.0,9.72,4.05,4.23,30.1,17.38,30.54,3.38,306.31,6.35,98.5,23.1,400.27,17.04,18.03,381.73,5.99,53.76,1.21,1.06,1.5,2.04,52.34,5.36,96.96,0.0,9.59,,9.59,8.52,5.8,2.85,1.21,0.0,2.07,0.0,22.31,21.26,7.64,10.66,3.9,0.51,28.45,23.47,3.81,2.89,14.37,0.89,25.05,22.02,3.02,5.08,1.21,4.48,1.69,1.81,6.17,2.42,1.94,0.36,0.0,0.12,0.6
131,GA,F,3,6.39,57.04,200.45,222.06,11.98,51.82,155.2,11.3,66.87,67.41,62.89,54.22,2.4,5.12,12.1,29.31,6.34,8.28,0.32,0.0,0.0,17.49,2.34,2.65,0.87,0.87,8.36,58.24,5.45,0.32,45.34,1.23,0.0,10.16,,39.47,12.1,15.9,3.1,6.99,6.78,4.94,0.7,8.22,7.72,0.32,0.0,0.0,2.85,3.32,4.42,3.0,6.67,6.0,0.0,1.72,3.52,9.64,3.64,5.51,38.67,9.45,64.59,2.02,243.88,7.62,120.26,32.43,406.86,27.81,5.14,400.69,2.71,36.36,2.57,0.0,0.64,1.97,31.91,2.29,77.24,1.23,9.73,,9.73,9.73,2.34,2.32,1.51,0.87,0.71,3.13,23.31,22.23,7.25,12.92,4.27,1.23,38.66,40.47,3.14,3.68,24.64,0.42,31.93,29.24,2.69,9.07,0.45,5.04,1.79,2.35,10.76,3.14,2.91,1.12,0.0,0.11,0.45
140,HA,F,3,3.27,59.38,136.55,141.72,8.76,82.94,94.14,7.96,47.58,80.44,18.38,27.47,2.88,4.4,1.84,11.86,0.4,0.0,0.0,1.54,0.0,16.33,2.84,0.0,1.54,0.81,12.39,68.73,10.59,3.79,65.24,4.88,1.13,0.0,,54.21,17.28,14.95,10.86,1.61,4.23,8.97,3.38,17.49,16.35,0.8,0.0,0.77,2.28,4.02,9.22,2.91,5.49,1.64,0.0,1.13,2.99,7.9,2.07,4.87,29.66,14.25,41.8,2.28,112.74,5.62,94.06,13.42,187.78,8.4,6.82,175.34,5.56,34.77,1.13,0.0,1.47,2.4,17.77,6.2,83.01,8.94,15.6,,15.6,14.64,1.56,0.48,1.13,0.0,1.6,11.03,22.69,13.29,8.37,5.5,4.12,1.47,23.14,66.42,1.44,0.0,9.75,0.31,16.35,14.26,2.1,2.66,1.54,4.19,0.7,2.8,3.49,0.56,0.98,0.42,0.0,0.28,0.28
149,IA,F,3,3.07,46.77,76.7,100.99,7.05,41.82,54.85,6.58,46.15,47.27,19.35,40.99,1.73,6.88,2.41,19.71,0.0,0.0,0.6,7.86,0.0,6.17,3.04,0.0,1.22,0.0,99.22,72.89,2.59,0.89,46.91,3.67,0.99,0.0,,21.55,9.88,20.83,1.86,4.66,3.78,6.13,1.15,7.94,6.1,0.85,0.99,0.0,0.99,0.58,5.25,2.08,2.94,1.17,0.0,0.56,0.87,4.36,1.44,2.25,14.07,4.28,25.43,0.35,82.64,4.01,61.43,10.1,102.59,8.48,3.44,97.93,4.29,29.1,4.66,0.0,1.86,2.06,22.45,2.95,69.36,1.98,9.48,,9.48,7.52,2.02,0.96,1.96,2.07,1.13,9.11,32.34,23.13,3.28,3.48,11.86,3.08,12.32,22.75,0.0,0.54,9.83,0.39,15.33,9.69,5.64,2.97,0.99,0.59,0.1,0.4,1.98,0.3,1.29,0.2,0.1,0.3,1.29
158,IB,F,3,4.21,54.6,113.51,140.67,12.55,55.97,84.18,12.09,56.49,45.99,30.51,43.91,5.78,1.41,5.26,26.28,1.31,2.87,0.0,9.48,0.0,11.44,6.96,4.02,3.08,2.04,327.23,170.56,10.57,0.0,86.6,4.38,0.76,3.85,,20.51,7.36,8.27,5.39,8.4,2.32,11.25,1.47,8.24,7.59,1.47,0.0,0.58,0.0,1.67,2.94,1.61,4.49,1.18,0.59,0.56,2.33,10.77,2.29,6.56,26.34,11.58,26.55,0.82,158.1,9.95,70.49,16.94,186.85,15.7,2.33,184.52,2.49,24.71,2.83,0.0,0.0,1.37,26.36,1.37,112.96,4.37,6.23,,6.23,5.64,4.8,1.93,2.39,2.43,3.74,1.04,41.67,18.54,1.68,8.42,27.44,7.68,14.53,27.44,0.0,0.0,12.11,0.63,21.07,13.51,7.56,4.94,1.61,1.01,0.1,0.81,2.92,0.0,1.41,0.91,0.0,0.4,4.03
167,IC,F,3,3.73,36.37,103.8,123.0,14.21,76.98,81.8,13.35,41.2,85.39,16.17,67.24,1.89,4.44,1.53,34.88,1.13,1.64,0.0,0.55,18.92,18.96,8.62,2.49,2.45,0.0,276.05,321.59,37.38,0.72,84.59,10.94,2.62,0.0,,19.77,19.3,14.11,8.92,5.54,5.15,17.84,2.42,9.74,8.28,1.23,0.0,0.0,0.0,1.53,12.41,3.6,3.43,0.85,0.0,2.38,2.26,2.78,2.51,0.37,23.55,14.94,26.78,0.8,178.91,1.97,72.13,12.54,71.06,8.84,1.64,69.42,3.42,38.49,6.07,1.64,4.44,0.4,17.71,1.13,102.29,7.55,9.73,,9.73,9.73,1.16,1.11,1.13,0.55,2.68,9.26,28.63,36.58,1.5,6.41,14.32,10.17,12.57,48.81,0.0,0.0,12.41,0.29,18.65,12.57,6.09,2.78,1.32,1.59,0.0,0.93,4.9,1.72,1.46,0.93,0.13,0.26,2.91
176,ID,F,3,6.77,56.02,133.28,188.95,11.42,63.59,106.1,10.76,82.85,65.63,40.46,28.92,6.29,2.61,3.63,10.71,0.63,2.27,0.97,3.03,0.0,13.14,6.03,2.56,4.39,2.29,200.99,221.62,6.48,2.09,63.13,6.57,0.0,1.13,,19.05,13.12,16.75,3.3,7.06,4.17,11.88,1.08,9.03,7.55,0.0,0.0,0.79,3.39,1.42,9.77,3.62,3.01,0.82,1.33,2.04,0.67,5.89,2.17,3.9,20.33,15.41,13.99,1.67,162.64,4.22,54.01,26.63,160.67,24.95,7.08,152.47,3.68,30.98,7.36,0.0,0.0,1.48,20.64,3.57,83.76,3.74,10.2,,10.2,10.2,4.17,1.33,2.18,0.7,2.41,1.48,60.76,21.46,3.72,3.84,44.62,14.15,20.28,44.17,1.81,0.0,18.6,0.55,33.87,20.85,13.03,8.14,2.06,1.85,0.11,1.09,6.95,0.43,4.78,1.74,0.0,0.0,9.01
185,IE,F,3,4.81,44.98,89.13,132.54,7.06,45.45,86.6,6.61,45.95,45.44,26.04,40.26,0.95,0.0,3.46,31.87,0.47,2.98,0.41,0.68,0.0,13.75,2.56,0.0,3.51,1.27,8.14,50.66,22.9,5.44,70.87,7.86,0.0,0.0,,28.99,15.84,15.23,6.6,6.76,1.94,7.78,2.84,12.82,11.17,0.95,0.0,1.51,2.93,1.75,10.07,2.96,4.74,0.95,0.0,1.62,3.47,3.79,1.48,0.0,7.77,5.42,26.51,0.89,104.95,2.9,43.41,19.75,98.72,18.15,3.8,90.18,5.02,66.69,6.65,0.0,0.0,3.81,44.75,9.25,115.62,12.01,14.17,,14.17,14.17,2.63,0.0,1.27,0.98,0.36,7.08,34.61,15.06,3.96,6.54,15.96,3.4,10.97,30.38,0.36,0.0,14.98,0.49,24.07,15.6,8.46,5.97,0.66,3.32,0.0,2.99,3.98,1.49,0.83,0.5,0.0,0.33,3.98
194,IF,F,3,5.31,50.33,81.99,137.06,5.82,37.54,95.98,5.49,41.07,33.12,26.49,26.9,0.85,2.42,1.16,17.85,1.43,0.0,0.0,0.78,0.0,14.89,2.59,0.0,1.69,1.69,9.7,64.34,18.64,4.93,67.87,4.75,0.91,0.0,,41.3,10.34,12.38,5.11,7.72,2.42,5.12,3.27,9.4,8.63,1.65,0.0,1.07,2.27,3.39,7.85,3.99,2.41,1.4,3.18,2.89,0.63,1.62,1.01,0.77,10.97,2.55,22.09,0.85,64.76,0.77,36.51,19.91,77.22,17.97,0.89,75.56,1.15,44.88,1.69,0.78,3.38,0.0,21.69,4.93,89.55,16.87,10.63,,10.63,9.84,3.33,0.95,2.3,1.56,0.85,0.78,33.22,18.43,1.16,5.06,15.85,7.29,7.85,13.91,0.0,0.78,17.33,0.82,26.54,17.89,8.65,6.15,0.38,2.88,0.19,1.54,6.15,1.73,2.69,0.77,0.0,0.58,3.46
203,IG,F,3,2.75,18.08,106.13,105.12,11.78,58.23,63.27,11.04,41.85,73.51,22.12,39.57,1.55,0.82,1.22,23.4,0.5,0.76,0.93,2.21,5.0,14.03,6.7,3.45,4.52,1.93,219.53,208.94,12.96,5.99,111.73,8.99,1.8,1.17,,36.36,9.82,16.81,5.48,8.43,2.3,5.95,0.0,8.0,8.0,0.0,0.0,0.94,1.4,1.62,9.36,4.01,6.6,0.31,1.4,3.08,5.01,3.12,2.07,0.97,33.3,10.57,26.45,0.44,124.03,2.68,82.93,15.96,131.79,13.53,3.58,128.21,1.0,24.8,6.65,0.0,0.0,1.33,15.66,7.33,127.4,3.93,7.25,,7.25,6.08,1.43,0.0,0.62,0.0,0.81,0.0,20.89,29.28,2.71,8.08,7.46,3.76,20.68,43.41,0.28,0.82,9.27,0.14,13.76,10.29,3.47,4.33,0.65,0.33,0.0,0.22,3.25,0.87,0.76,0.43,0.22,0.0,1.52
212,JA,F,3,4.7,94.41,154.47,182.42,11.43,50.12,111.76,10.07,70.66,135.3,38.84,106.84,1.88,6.93,4.25,65.34,1.81,1.55,0.0,0.0,12.99,11.08,3.71,1.1,0.0,0.0,149.94,104.9,12.55,1.37,43.62,0.69,0.0,0.0,,9.65,11.01,19.4,3.91,5.23,3.81,1.99,4.19,12.6,11.68,2.91,0.0,1.87,0.0,3.56,14.65,3.47,4.29,9.75,0.0,2.35,4.29,5.42,2.2,1.82,23.71,15.11,12.55,2.18,163.34,3.24,56.2,12.03,167.38,11.63,2.23,164.22,9.03,51.43,8.57,11.57,7.93,1.9,11.12,3.27,54.75,10.69,19.89,,19.89,17.09,8.58,2.99,4.34,1.55,5.42,32.16,38.36,31.73,2.3,8.32,21.32,12.4,30.78,100.48,1.52,1.55,11.06,1.29,23.51,17.26,6.25,3.5,1.38,1.88,0.13,1.0,3.25,0.75,1.25,0.13,0.0,0.88,3.63
221,JB,F,3,8.64,95.64,164.07,244.46,13.78,64.05,167.71,12.46,76.74,132.11,79.95,107.02,7.49,12.08,6.74,74.26,3.1,2.23,0.0,1.5,2.1,10.36,2.6,3.54,1.5,1.5,43.78,79.01,13.97,1.5,45.79,1.0,0.0,1.62,,12.93,3.23,27.08,1.0,4.9,2.1,4.12,6.46,5.66,3.89,5.32,0.0,1.87,7.15,4.39,14.83,4.46,0.78,8.94,0.0,1.1,0.0,7.14,3.96,1.8,51.27,51.97,54.62,1.04,234.14,6.1,161.91,24.55,338.95,22.66,7.71,329.74,12.2,81.62,17.93,4.17,2.49,3.08,38.96,4.57,84.74,13.17,14.55,,14.55,12.93,6.2,1.13,4.6,0.0,5.93,20.1,44.09,30.12,5.26,5.43,18.96,5.77,32.65,100.99,0.0,1.0,30.86,1.04,43.18,35.98,7.2,7.59,4.19,1.44,0.0,1.18,13.22,2.09,2.22,0.65,0.0,1.7,3.01
230,KB,F,3,7.42,28.59,94.32,168.11,9.32,57.56,109.89,8.82,58.22,50.04,27.11,57.82,3.25,4.79,2.03,27.13,0.0,0.0,0.53,9.12,0.0,12.56,2.93,3.28,1.5,1.5,22.27,78.0,8.12,2.46,74.89,5.78,5.42,0.0,,29.61,9.68,22.48,5.34,8.78,2.96,5.2,1.95,23.23,21.95,1.95,0.0,0.65,0.0,1.4,11.77,5.91,8.34,1.95,1.28,1.59,2.78,3.01,1.57,0.48,10.62,2.72,18.98,0.0,122.82,3.01,34.43,16.14,184.15,15.61,14.0,168.07,9.86,113.73,9.7,5.64,3.35,3.57,49.67,6.03,124.56,50.27,29.82,,29.82,29.82,1.06,0.0,6.64,1.5,0.41,6.0,46.44,24.16,5.61,4.5,8.13,5.42,11.04,23.81,0.74,2.07,22.2,0.17,37.11,26.87,10.25,5.46,2.96,2.5,0.46,1.59,9.79,2.5,5.24,1.59,0.0,0.68,1.37
239,KC,F,3,4.51,38.57,105.12,135.54,8.5,56.3,71.78,7.72,63.75,78.18,20.32,141.26,2.03,2.94,0.4,21.88,0.0,1.71,0.58,12.29,96.89,8.11,2.69,2.1,4.63,4.63,20.68,38.76,44.69,0.29,54.39,11.96,0.58,0.9,,25.4,10.24,18.2,3.36,5.18,1.05,11.3,0.23,11.08,7.95,0.0,0.0,0.0,1.27,1.51,20.38,2.33,1.8,1.16,0.0,1.33,1.8,3.19,1.12,1.91,15.02,3.28,17.66,0.4,74.19,2.79,37.76,13.28,148.74,11.18,3.75,143.4,0.47,39.52,7.82,1.8,1.48,0.58,16.91,0.88,71.3,18.68,21.67,,21.67,21.67,1.22,0.0,1.8,3.69,0.23,2.23,37.67,32.95,2.8,3.6,22.94,13.15,24.33,43.36,1.11,1.41,10.92,0.24,22.56,14.87,7.68,3.43,0.49,4.41,1.31,1.8,5.88,1.47,1.31,1.14,0.0,0.0,5.39
248,LA,F,3,7.07,57.52,165.5,212.03,8.53,50.16,130.09,7.7,81.94,83.2,55.05,114.51,16.82,2.3,3.65,90.87,1.53,4.59,0.62,0.0,0.0,16.11,2.56,0.0,8.6,8.6,76.64,30.49,6.44,4.34,53.36,2.42,0.0,0.0,,25.36,10.67,13.0,0.74,1.89,4.46,10.65,7.71,5.38,5.38,7.17,0.0,0.34,2.99,0.0,10.89,1.29,1.95,1.0,0.0,1.29,0.74,2.19,1.84,0.36,9.54,4.2,32.7,1.21,134.75,0.98,49.14,25.6,117.64,22.9,3.19,112.56,2.14,51.55,16.05,0.0,0.0,0.98,15.66,5.32,69.02,17.96,14.85,,14.85,14.85,4.32,1.7,6.29,1.21,0.97,1.89,26.68,32.71,3.15,12.94,15.83,0.74,53.82,50.5,1.44,0.0,19.53,0.55,35.36,31.32,4.04,7.53,5.67,2.4,0.22,1.09,9.93,0.33,5.13,2.95,0.55,2.51,2.18
257,LB,F,3,8.29,49.24,160.95,224.49,10.01,44.1,144.93,8.99,79.56,101.52,51.09,47.03,3.91,1.27,1.06,32.83,0.9,0.93,0.3,0.0,0.0,13.5,4.35,2.32,4.73,3.46,210.73,73.93,14.22,2.03,65.02,3.32,1.27,0.0,,20.65,6.6,6.87,3.94,8.29,3.78,7.6,3.67,10.46,8.88,2.71,0.0,0.0,1.57,1.98,7.51,1.54,1.66,1.52,1.64,0.92,0.64,4.81,2.62,2.96,22.87,6.73,51.42,0.31,166.16,4.49,95.97,35.37,82.68,34.77,2.84,79.84,7.13,34.72,8.23,1.57,0.0,1.4,13.67,3.42,78.69,8.65,13.58,,13.58,13.58,4.75,1.01,1.27,1.66,0.9,0.0,36.84,36.99,2.29,9.85,20.43,9.89,42.73,63.53,0.0,0.0,26.93,0.56,41.46,35.78,5.68,11.36,2.84,3.26,0.53,1.79,13.99,3.47,6.52,2.21,0.21,0.95,2.95
266,LC,F,3,4.58,61.97,120.94,152.18,10.23,50.05,96.17,9.4,56.02,82.85,38.09,76.31,7.25,4.36,0.82,56.97,0.32,1.29,1.57,4.32,0.0,11.78,4.6,0.0,3.03,3.03,54.1,205.15,17.53,0.44,55.34,4.68,0.0,1.23,,43.74,22.4,29.31,5.29,1.32,6.68,1.07,1.94,17.9,12.75,1.94,0.0,0.34,1.72,4.38,16.13,2.42,3.72,1.75,2.49,0.44,0.0,2.92,1.89,0.82,16.2,3.7,22.58,1.22,141.83,1.7,47.42,22.6,112.11,21.17,3.82,106.97,3.19,40.14,3.8,0.0,0.0,1.89,11.03,2.33,66.36,22.21,6.57,,6.57,6.57,2.2,0.0,0.0,2.94,3.24,12.29,22.42,32.63,3.15,7.31,10.92,2.25,32.38,48.5,1.22,1.72,14.95,0.22,22.88,19.82,3.06,6.12,2.83,1.7,0.11,0.68,4.19,0.79,2.6,0.11,0.0,0.68,1.47
275,LD,F,3,3.45,54.76,214.81,187.61,8.04,49.3,77.08,6.76,110.53,127.49,22.75,64.55,3.11,6.74,2.77,41.59,0.72,5.25,0.0,0.0,0.0,11.63,3.48,3.03,7.85,6.67,130.23,39.23,9.99,1.26,69.93,1.17,0.0,1.93,,31.23,11.8,8.91,1.88,3.57,3.96,3.05,3.07,9.14,9.14,2.73,0.0,0.0,4.3,0.63,3.92,3.49,4.2,1.59,0.95,1.53,1.17,4.32,1.11,3.11,18.86,5.19,7.35,0.63,72.94,3.69,37.77,12.41,64.6,11.72,7.87,56.73,5.48,51.19,6.67,5.19,2.97,0.52,24.36,1.78,94.3,7.17,8.2,,8.2,8.2,4.03,0.0,2.09,1.48,1.22,12.1,37.54,49.51,4.93,8.5,17.1,9.14,71.77,77.06,1.21,0.92,10.01,0.29,17.23,14.18,3.04,4.0,1.74,1.22,0.0,1.04,3.91,0.61,1.13,1.74,0.0,0.96,0.78
284,MB,F,3,7.23,71.17,204.3,240.34,12.51,79.5,153.25,10.22,87.1,228.48,68.81,94.14,8.77,12.12,7.13,66.57,1.62,0.95,0.0,2.56,0.0,12.57,1.54,2.04,6.45,3.23,2.04,42.92,11.45,1.15,21.62,0.0,0.0,0.0,,13.3,5.96,26.51,1.61,2.56,3.04,2.53,7.76,1.61,1.61,7.48,0.0,0.51,4.84,3.78,10.76,5.06,2.53,3.17,0.95,3.38,2.53,6.92,3.04,2.06,20.96,46.26,34.56,0.0,196.21,6.92,108.2,29.78,303.38,27.75,8.92,292.41,18.78,109.1,19.43,12.12,4.84,3.88,56.68,5.03,78.3,12.18,27.2,,27.2,27.2,4.2,1.83,3.91,2.56,3.29,8.49,37.53,51.42,4.43,11.37,8.53,1.61,48.22,174.53,0.65,1.61,20.98,0.34,36.14,31.03,5.11,9.06,6.91,1.88,0.0,1.26,8.07,1.08,1.35,0.63,0.0,2.51,1.61
293,MC,F,3,4.55,73.75,232.5,218.95,13.93,77.51,111.8,11.86,107.16,207.2,37.69,89.88,4.86,3.78,4.67,69.07,0.0,7.49,0.0,0.0,0.0,15.52,3.21,1.32,2.07,2.07,32.28,99.43,26.77,5.3,74.93,0.0,0.0,0.0,,13.58,15.81,15.68,9.24,1.62,6.16,5.27,1.78,5.0,2.93,0.84,0.0,0.0,2.07,3.83,12.76,4.86,1.5,7.21,1.14,2.53,1.5,10.58,3.23,5.4,31.49,15.39,35.75,2.21,230.96,8.37,91.81,21.47,318.78,16.83,0.0,318.78,11.67,75.75,4.14,8.31,0.0,1.23,52.32,6.54,127.25,9.27,18.22,,18.22,16.61,1.74,0.99,4.32,9.12,1.47,4.14,47.27,41.87,5.42,9.14,21.73,3.03,58.41,161.38,1.48,3.95,12.75,0.17,22.76,17.19,5.57,5.57,3.61,1.56,0.1,0.88,3.71,1.76,0.98,0.1,0.0,0.29,2.34
302,MD,F,3,9.01,68.37,150.17,234.11,11.53,67.49,162.34,9.81,71.76,171.78,64.08,118.09,10.54,8.47,2.1,54.56,1.04,0.0,0.0,9.19,0.0,13.32,1.97,3.07,6.79,6.79,0.0,40.06,22.75,4.42,30.22,6.12,7.27,0.0,,26.87,9.34,20.35,3.04,0.0,5.78,3.07,4.06,7.66,2.55,3.44,5.11,0.0,0.0,0.0,11.39,3.07,15.36,3.83,3.07,2.58,10.23,8.99,2.64,4.58,23.92,14.62,36.4,0.0,177.46,8.99,86.86,23.21,288.6,21.77,17.66,267.87,13.55,77.89,19.49,3.07,0.0,2.28,39.75,6.71,69.97,24.78,7.16,,7.16,7.16,4.18,2.06,5.1,0.0,0.49,4.23,38.78,33.0,0.98,11.39,20.38,6.29,32.99,138.78,0.0,0.0,28.32,0.36,45.07,37.33,7.74,7.05,6.36,2.06,0.0,1.89,17.37,1.2,3.44,0.34,0.0,1.2,3.61
347,OA,F,3,6.42,57.17,198.74,221.64,11.99,54.34,132.06,10.59,89.59,139.25,60.43,127.84,6.62,11.36,4.3,68.09,1.57,0.0,1.24,12.38,0.0,11.2,2.05,0.0,5.15,5.15,36.53,64.72,10.03,1.15,29.22,0.0,0.0,0.0,,11.8,11.59,14.92,7.6,3.3,3.05,1.97,1.62,13.89,9.05,0.75,0.0,0.0,1.02,0.42,1.76,2.0,4.63,0.84,1.18,2.0,4.63,10.01,4.59,4.53,41.29,38.32,46.12,2.73,314.87,7.28,143.92,28.29,157.89,26.23,16.81,141.07,7.8,68.36,17.08,8.72,0.0,2.75,46.57,3.89,75.79,6.24,21.09,,21.09,21.09,4.03,4.31,0.0,0.0,3.29,8.2,25.6,12.95,2.04,1.18,13.45,5.04,36.39,82.45,0.82,0.0,20.96,0.85,32.11,25.91,6.2,8.27,2.89,1.93,0.28,1.38,8.41,0.83,2.76,1.24,2.62,0.0,2.07
356,OB,F,3,5.32,90.97,272.18,257.59,15.6,59.22,167.13,13.63,90.46,196.75,40.87,136.83,2.39,17.38,3.53,78.77,3.33,4.53,0.43,8.24,0.0,34.89,4.63,1.96,7.22,6.04,57.87,119.44,32.9,2.33,57.46,1.38,1.38,1.97,,30.18,37.37,60.64,2.67,8.94,4.17,3.34,0.0,7.44,6.86,0.0,0.0,1.14,6.23,2.32,19.13,3.69,4.83,1.78,1.02,2.88,4.83,12.17,4.24,9.74,38.75,55.09,44.63,0.42,275.59,11.75,148.32,22.66,178.15,19.82,17.09,159.35,6.79,96.28,23.17,6.31,1.6,2.45,44.87,4.78,102.33,18.86,18.3,,18.3,14.33,18.14,0.0,0.0,3.88,2.39,8.64,41.01,38.45,6.99,7.57,23.61,8.2,45.33,138.01,0.0,4.52,15.99,2.47,26.62,21.38,5.24,6.21,1.79,1.52,0.0,0.83,8.97,2.35,1.93,2.48,1.38,0.0,3.86
401,QA,F,3,11.19,129.23,276.04,354.48,9.52,61.77,269.26,8.49,85.21,102.34,105.29,112.35,13.01,21.39,7.99,33.41,0.92,0.0,0.28,0.0,0.0,6.97,1.13,0.0,1.0,1.0,1.32,21.56,11.45,0.0,15.9,1.0,1.32,3.14,,21.78,5.55,11.91,0.91,0.0,3.19,8.78,12.17,12.67,5.4,11.37,6.27,3.26,0.0,0.93,9.36,3.03,7.28,4.34,0.0,1.26,3.29,19.39,2.18,17.06,106.44,11.86,18.23,1.74,80.35,17.65,137.85,53.69,289.86,50.96,43.04,246.82,42.66,104.35,32.93,17.52,4.73,4.18,32.21,4.18,48.11,4.32,14.44,,14.44,14.44,22.61,2.97,0.91,2.09,0.28,4.13,53.8,88.62,4.12,19.44,19.2,7.28,27.26,12.81,3.87,0.91,30.1,1.26,55.94,51.6,4.33,14.87,13.98,0.98,0.0,0.39,13.89,0.39,6.79,4.53,1.48,3.84,1.08
410,QB,F,3,7.23,112.64,362.96,342.91,14.26,68.89,276.65,13.11,66.26,114.36,153.57,304.84,9.51,25.53,48.2,184.94,8.98,5.63,1.14,5.75,0.0,9.06,1.11,0.0,10.09,10.09,7.62,29.29,4.96,0.76,10.85,0.0,0.0,1.96,,11.18,11.38,19.97,0.0,0.0,2.31,0.0,3.17,12.66,1.71,3.17,9.87,1.02,4.02,4.82,11.38,4.97,4.03,9.31,2.88,1.25,0.85,19.14,2.31,14.99,66.83,10.91,38.83,1.63,114.59,17.51,116.56,57.78,539.67,56.3,62.07,454.55,26.35,91.08,17.36,7.86,10.27,3.37,41.67,4.13,52.51,6.06,44.26,,44.26,39.13,25.58,8.0,2.01,2.95,1.13,2.01,25.67,53.03,1.94,11.3,6.15,9.3,39.33,60.25,1.25,1.08,17.7,1.7,36.16,33.76,2.4,13.69,7.77,0.28,0.0,0.09,7.95,0.18,3.05,1.29,2.87,1.11,0.37
419,QC,F,3,7.06,86.78,189.98,234.24,9.23,60.2,203.35,8.75,30.89,47.81,104.41,235.18,35.57,52.4,7.18,100.72,0.83,8.35,0.29,0.89,0.0,6.63,0.51,0.0,0.89,0.89,0.0,8.6,2.66,0.0,3.75,0.0,0.0,1.9,,1.78,12.55,3.15,1.02,4.84,2.03,2.79,6.37,10.69,1.85,6.37,7.94,1.84,5.45,0.56,3.91,1.68,2.34,1.58,0.0,0.35,1.17,13.55,1.93,11.76,75.41,4.97,25.95,0.96,85.73,12.59,107.36,41.66,239.26,40.84,53.77,185.49,33.1,142.18,13.56,34.71,20.94,7.47,64.61,7.47,68.36,1.77,32.75,,32.75,30.85,16.4,8.9,0.0,1.77,0.25,1.85,19.23,36.01,2.01,7.56,8.72,4.77,9.67,11.8,1.99,0.0,15.02,1.27,35.31,34.17,1.14,11.27,11.62,0.17,0.0,0.09,6.73,0.09,2.88,1.31,2.27,1.84,0.26
428,RA,F,3,9.32,92.85,241.57,297.7,19.46,95.24,202.56,18.41,95.13,104.82,97.16,169.02,4.08,20.5,3.86,37.57,0.8,6.34,0.0,0.0,0.0,15.35,4.93,0.0,2.08,2.08,1.34,9.56,9.91,2.25,21.1,2.11,2.87,0.0,,393.4,18.62,9.62,12.39,0.0,3.72,2.97,3.43,4.22,4.22,2.51,0.0,0.79,2.69,0.8,16.1,7.41,7.78,1.56,1.52,5.93,0.76,19.26,1.69,9.62,58.19,0.0,19.88,3.85,79.91,15.4,88.97,93.16,863.15,82.49,94.91,760.43,13.34,163.06,67.22,21.68,3.65,1.89,53.74,4.14,74.84,5.08,20.37,,20.37,18.49,14.1,1.8,0.0,21.84,0.72,4.08,53.03,40.69,7.86,6.2,16.9,6.02,39.04,61.52,3.06,2.61,26.61,1.42,46.6,39.66,6.94,27.26,3.59,1.36,0.0,1.12,4.83,1.61,1.36,0.5,0.0,0.74,1.24
437,SA,F,3,5.52,47.19,191.16,201.63,12.07,58.91,123.82,11.32,77.81,75.39,39.78,47.92,0.76,1.83,4.71,29.77,2.26,2.71,0.0,0.69,0.0,8.9,2.37,1.36,5.65,5.65,22.23,64.05,20.56,1.95,34.91,2.09,0.0,0.0,,24.8,11.95,13.02,5.74,5.85,5.14,9.58,5.46,15.17,13.08,3.58,2.09,2.67,0.96,0.86,4.79,7.21,9.53,3.12,3.06,3.36,2.82,5.63,2.22,4.68,72.19,7.05,14.81,0.0,126.17,5.63,96.15,27.16,496.61,20.64,5.75,489.82,12.09,68.24,7.84,3.92,1.83,5.84,32.37,7.79,67.28,20.88,12.88,,12.88,12.88,6.24,0.69,0.0,10.3,3.97,7.51,45.73,37.82,12.4,20.64,21.81,4.14,30.3,33.62,1.79,3.95,17.0,0.63,27.62,19.92,7.7,6.64,1.51,1.21,0.0,0.91,6.04,0.45,2.11,0.45,0.0,0.75,4.83
446,SB,F,3,6.02,48.89,182.27,204.16,12.05,73.76,143.12,11.26,61.04,79.39,57.32,82.02,2.37,2.52,8.71,33.63,1.45,6.11,1.18,16.32,0.0,8.58,4.1,7.93,2.44,2.44,168.76,105.88,4.56,1.5,28.41,1.37,2.44,2.45,,12.72,2.38,49.89,6.04,3.77,2.23,6.27,1.17,5.7,2.83,0.87,0.0,1.31,2.01,0.0,1.67,8.3,8.25,2.4,0.0,6.35,5.79,15.79,2.32,10.85,43.49,5.62,14.73,1.77,161.57,14.02,70.09,36.7,312.51,35.49,17.37,293.77,5.94,62.04,18.83,0.0,5.91,1.68,39.84,3.17,68.25,5.44,15.66,,15.66,15.66,14.1,3.48,0.54,1.61,1.86,4.25,32.89,31.53,1.17,2.44,11.46,6.3,28.15,45.75,0.0,2.1,20.57,1.37,30.11,25.18,4.93,11.33,2.2,2.1,0.0,1.68,6.29,0.63,1.36,1.89,0.0,0.21,1.36
455,SC,F,3,11.01,44.58,146.26,253.56,14.73,65.91,198.39,13.97,55.17,75.62,108.68,116.04,6.94,9.5,14.31,75.38,2.81,5.65,0.81,4.89,0.0,4.68,2.77,5.29,5.41,5.41,122.21,65.64,13.98,0.0,17.74,2.88,0.0,0.0,,14.4,6.69,9.23,0.58,5.19,0.59,3.68,8.79,2.28,1.33,8.79,0.94,1.31,0.94,0.0,3.54,2.4,3.94,7.1,2.39,1.85,3.94,12.75,2.89,10.04,38.91,47.56,16.8,1.63,185.28,11.12,104.21,54.87,630.85,49.46,13.83,612.63,13.88,57.74,18.57,3.24,7.46,4.72,27.82,4.72,45.56,4.1,26.64,,26.64,26.64,8.97,1.16,0.0,0.86,0.49,0.86,41.65,37.12,3.69,10.73,23.55,0.58,13.52,38.5,0.0,0.0,32.27,1.33,55.04,45.98,9.06,16.75,4.61,3.25,0.0,2.73,12.82,2.22,3.76,0.17,0.0,3.08,6.32
464,TA,F,3,7.79,103.28,216.33,264.36,14.8,70.77,193.12,13.34,71.24,145.96,89.71,178.88,9.69,10.35,17.27,127.74,1.11,7.63,0.0,3.57,0.0,6.95,2.81,0.0,0.0,0.0,107.13,58.62,9.91,1.09,19.68,0.0,0.0,0.0,,2.3,11.39,60.26,3.76,1.78,1.14,1.4,1.78,3.21,3.21,1.78,0.0,1.44,1.42,0.83,5.69,1.1,6.91,5.56,3.76,0.55,0.89,10.48,3.4,5.1,46.99,20.4,40.63,1.65,224.38,8.82,116.04,44.93,357.51,38.46,21.54,335.98,36.74,133.16,25.77,8.2,20.43,4.57,64.55,5.66,84.23,8.7,29.3,,29.3,29.3,12.13,8.86,0.0,0.7,0.84,6.24,46.62,85.52,5.68,7.48,8.64,3.19,23.0,55.64,1.61,4.8,20.53,1.46,38.93,34.88,4.05,11.11,10.07,1.35,0.1,1.14,8.2,1.56,1.25,1.45,0.0,0.62,1.35
473,TC,F,3,8.17,44.4,163.0,222.54,12.03,82.03,198.02,11.6,24.52,42.5,83.09,84.73,12.12,10.89,8.48,43.43,0.95,10.54,0.0,0.0,0.0,12.96,3.49,1.71,1.55,1.55,68.82,124.95,14.13,0.46,48.11,5.67,1.55,1.53,,0.0,8.34,58.41,2.74,0.0,4.96,4.1,1.38,4.26,4.26,1.38,0.0,0.0,0.0,1.18,8.22,3.21,14.72,3.25,9.31,1.36,5.24,11.12,2.51,7.74,57.06,18.4,22.09,3.38,150.85,7.74,100.25,40.21,306.11,37.53,17.06,286.95,11.0,108.39,27.56,11.87,6.34,3.94,40.96,4.4,89.07,13.44,25.23,,25.23,19.31,29.88,10.77,0.0,4.79,0.46,1.55,14.06,28.45,4.3,9.72,2.58,2.69,6.56,5.54,0.0,0.0,24.14,3.14,40.85,39.56,1.29,12.59,5.17,1.78,0.65,0.16,16.95,0.48,5.17,3.55,0.16,0.48,0.0
482,TD,F,3,6.91,38.48,166.98,205.11,21.79,134.79,175.03,21.08,30.08,71.23,60.73,147.57,9.1,22.82,10.64,91.23,0.62,9.55,0.0,5.14,0.0,15.13,2.58,3.22,1.2,1.2,13.73,68.88,8.31,2.75,19.63,6.4,1.92,0.0,,14.53,9.51,89.78,3.39,0.0,3.84,0.95,1.55,9.26,4.35,0.83,3.22,0.0,3.9,1.21,17.47,6.55,8.29,3.8,0.95,3.42,5.42,15.45,11.88,7.46,158.18,41.35,161.67,1.8,814.33,13.65,373.58,33.08,322.6,31.06,10.52,309.88,5.02,113.79,22.73,0.0,10.22,1.72,68.3,4.47,87.92,7.12,31.76,,31.76,26.62,16.15,8.33,3.22,3.15,0.41,2.95,10.84,22.52,3.98,8.37,0.83,1.2,16.99,45.99,1.21,2.73,23.16,2.17,34.54,33.39,1.16,10.55,3.76,3.9,2.6,1.01,13.01,1.88,6.94,2.89,0.0,0.29,0.0
491,UA,F,3,6.24,48.14,84.85,151.33,6.5,38.11,122.13,6.01,29.2,48.53,40.34,46.9,1.73,1.0,1.22,20.11,0.35,0.0,0.0,0.0,3.88,12.56,1.4,0.0,24.71,24.71,9.83,15.28,14.12,1.33,26.42,0.87,0.0,1.28,,23.37,9.36,2.52,1.56,1.0,3.63,4.07,1.56,6.93,5.48,0.69,0.0,1.6,4.03,1.62,8.0,2.41,4.9,1.3,0.76,1.52,3.27,6.21,1.25,4.29,14.8,7.55,19.71,0.76,81.44,5.45,43.53,30.55,203.26,29.79,17.35,182.25,9.95,55.94,13.31,5.31,2.45,1.61,21.68,2.94,48.1,12.2,16.08,,16.08,11.74,4.05,0.52,2.67,2.4,1.77,1.87,18.32,25.65,4.12,6.4,8.38,3.32,9.84,22.89,1.04,0.0,21.08,0.59,31.18,27.92,3.26,9.43,2.54,2.05,0.24,0.85,10.76,5.2,1.81,1.57,0.12,0.24,1.33
500,UB,F,3,3.25,34.37,99.22,112.91,7.24,55.5,78.0,6.75,34.91,49.04,10.16,47.61,0.48,1.01,1.0,33.25,0.0,1.34,0.0,2.9,0.0,12.89,2.02,1.16,24.4,24.4,3.05,18.52,9.8,3.21,41.1,1.28,2.55,3.13,,42.64,13.32,15.94,2.89,1.48,3.72,5.89,1.03,7.87,5.64,0.15,0.0,2.05,3.99,1.04,5.52,4.14,2.29,0.74,0.0,2.38,1.73,6.29,1.51,4.78,29.69,3.07,17.41,0.15,97.11,6.15,54.17,8.68,199.72,6.98,5.88,188.33,1.88,37.07,11.22,1.34,1.14,1.0,20.93,4.2,62.03,4.7,12.02,,12.02,11.64,2.46,0.21,0.73,2.97,0.29,4.79,21.74,17.91,3.06,6.31,14.51,3.04,12.15,30.02,0.6,0.66,9.86,0.3,16.24,12.4,3.84,1.74,0.36,1.74,0.31,0.92,7.22,3.18,1.23,1.38,0.0,0.05,3.48
518,UD,F,3,10.81,108.62,173.97,284.89,10.27,58.48,198.58,9.26,86.31,100.66,68.52,91.8,2.91,0.0,0.99,76.19,0.0,0.0,2.58,7.1,0.0,19.51,3.13,0.0,6.62,6.62,17.58,51.72,10.95,3.75,58.79,2.08,0.0,5.87,,63.7,23.1,41.31,8.85,0.92,5.24,1.48,0.48,25.43,22.65,0.48,0.0,1.55,3.15,0.0,4.44,6.95,2.17,6.43,0.0,2.99,2.17,7.61,1.77,5.2,13.3,5.23,40.5,0.0,110.61,7.61,66.46,43.56,206.26,42.16,2.6,200.3,6.37,52.82,10.62,0.0,0.0,2.58,35.89,6.34,94.68,9.33,32.27,,32.27,30.33,16.59,6.12,0.0,0.7,8.14,11.66,58.1,38.97,18.37,8.3,25.23,6.33,24.82,50.37,1.01,0.0,30.22,2.17,54.06,47.01,7.05,13.6,2.01,1.34,0.0,1.18,22.83,0.17,12.76,2.85,0.5,0.17,5.04
536,UF,F,3,9.21,63.28,65.27,187.02,6.27,37.03,146.74,5.87,40.28,40.02,50.97,45.25,1.88,0.0,1.2,22.94,0.63,0.0,0.62,2.77,0.0,6.25,1.76,1.35,5.23,3.03,74.27,24.09,10.6,1.87,21.2,0.46,0.0,0.0,,11.0,2.64,17.95,1.7,0.0,1.02,4.03,1.69,18.03,5.69,0.39,2.17,0.71,0.0,0.31,4.39,1.01,0.0,0.67,0.0,0.35,0.0,2.61,1.93,0.74,14.18,33.2,39.58,0.6,84.84,2.01,107.73,40.42,70.57,38.13,11.85,56.81,14.67,39.92,11.62,0.0,2.45,1.56,17.07,3.43,38.27,3.69,5.42,,5.42,5.42,3.74,1.07,0.0,2.07,3.45,41.99,27.0,19.22,3.29,3.31,13.49,2.37,11.01,18.11,0.69,1.75,30.52,0.54,46.07,40.47,5.61,12.1,3.85,2.86,0.0,1.65,16.93,12.54,3.3,0.0,0.22,0.0,2.64
545,VA,F,3,5.83,54.5,191.99,208.52,15.54,118.96,169.17,14.65,39.35,88.56,64.31,115.44,19.28,16.77,11.41,53.71,3.38,25.63,0.51,1.58,0.0,8.95,3.53,0.0,8.1,8.1,25.52,137.56,6.56,0.47,73.65,12.72,0.0,0.0,,6.29,14.22,52.51,1.58,0.0,2.89,5.73,0.0,0.0,0.0,0.0,0.0,0.0,4.95,0.98,5.29,3.7,0.0,3.3,0.0,1.37,0.0,7.18,4.19,4.19,64.66,25.32,64.13,1.54,226.68,5.64,192.41,26.92,388.24,25.33,16.41,371.82,12.59,133.96,23.09,0.0,11.41,2.93,79.17,3.4,152.82,11.7,40.52,,40.52,40.52,26.55,0.0,0.0,1.34,4.14,20.26,20.01,38.44,11.18,7.2,1.63,0.0,17.24,50.12,0.98,0.0,19.32,2.21,29.13,28.06,1.07,8.22,5.18,2.32,0.54,1.43,9.65,1.79,3.93,1.07,0.0,0.0,0.18
554,VB,F,3,5.48,35.43,130.27,162.83,17.72,121.6,128.11,17.24,34.72,48.07,39.17,109.39,4.55,17.34,4.53,63.54,0.0,22.64,0.0,0.0,0.0,15.91,2.86,0.0,12.46,12.46,37.99,90.46,22.88,1.46,15.94,12.52,0.0,0.0,,26.12,5.63,27.41,2.81,18.2,8.03,9.79,0.0,15.26,15.26,0.0,0.0,0.0,4.82,2.58,12.28,3.5,15.24,1.9,7.69,0.7,7.55,8.43,6.58,2.54,45.03,49.74,119.16,1.46,433.04,6.97,225.04,25.7,538.5,23.53,2.1,536.4,4.69,51.67,17.34,0.0,0.0,3.88,29.51,5.33,45.45,0.0,25.94,,25.94,25.94,7.45,2.1,0.0,2.1,0.0,4.91,26.18,20.96,12.43,2.81,8.64,7.69,8.54,27.11,0.0,0.0,19.25,0.83,27.4,25.68,1.71,7.99,1.43,4.28,0.29,2.85,9.99,3.71,2.28,2.28,0.0,0.0,1.43
563,VC,F,3,3.75,46.77,215.62,190.18,12.41,63.56,143.41,11.08,46.78,132.83,53.06,118.7,6.47,16.64,4.28,39.55,3.59,7.95,1.14,8.96,0.0,12.06,4.12,0.0,1.17,1.17,36.41,168.97,6.42,1.49,36.73,0.0,0.98,0.6,,13.67,16.86,118.15,0.93,2.49,2.13,2.66,0.43,2.97,2.19,0.43,0.0,0.49,4.39,1.17,5.97,8.65,15.02,6.24,0.78,3.78,1.21,9.27,1.75,4.78,41.05,10.48,11.77,1.17,98.62,8.11,76.14,22.47,213.9,18.75,38.36,167.33,9.78,136.76,34.63,9.82,18.67,4.44,59.24,5.94,95.97,11.49,52.53,,52.53,45.96,24.59,1.72,2.76,1.92,1.54,0.78,24.29,60.33,2.89,6.61,2.5,0.78,21.61,70.35,0.88,2.16,11.66,1.61,18.76,17.7,1.06,5.45,2.12,1.06,0.0,0.45,6.13,0.91,1.66,0.08,0.0,0.15,0.15
572,WA,F,3,14.6,130.79,218.7,370.88,8.5,20.93,340.54,8.02,30.34,48.13,176.75,98.22,23.57,2.45,7.42,86.9,6.64,3.21,0.0,0.0,0.0,6.62,2.68,0.0,2.45,0.0,90.5,103.98,4.32,3.19,35.0,0.0,0.0,5.84,,3.21,4.99,12.96,0.0,0.0,1.65,4.32,13.35,0.0,0.0,10.01,0.0,1.65,0.0,3.62,7.22,12.42,0.0,10.58,0.0,1.84,0.0,0.0,3.45,0.0,54.87,43.14,40.78,0.0,188.09,0.0,156.98,135.9,15.42,134.12,0.0,15.42,25.36,14.44,0.0,0.0,0.0,1.84,7.22,5.03,42.22,7.22,19.7,,19.7,19.7,55.82,26.11,0.0,0.0,6.53,8.28,18.32,33.66,9.0,2.45,1.78,0.0,12.01,14.47,0.0,0.0,31.56,8.12,72.99,72.4,0.58,40.29,14.6,1.17,0.58,0.58,5.84,1.75,2.92,0.0,0.0,3.5,0.0
581,WB,F,3,12.12,106.3,274.02,360.08,15.93,60.64,325.17,15.32,34.91,60.3,169.53,162.53,26.13,1.22,30.87,140.4,4.8,1.97,0.0,0.0,0.0,12.07,3.99,0.0,0.0,0.0,182.3,83.63,4.13,2.09,43.23,3.94,6.09,0.0,,13.88,13.79,29.62,6.76,0.0,2.03,10.04,1.92,0.0,0.0,1.92,0.0,1.23,4.51,2.9,7.79,14.09,5.16,11.17,5.16,0.42,0.0,20.28,5.88,16.4,66.33,288.78,45.56,0.0,178.99,20.28,409.4,94.83,235.16,91.7,16.13,219.03,14.47,60.2,15.57,0.0,0.0,4.64,38.63,6.73,81.85,4.03,10.33,,10.33,10.33,39.94,36.02,0.0,3.19,2.48,35.71,18.07,45.56,4.51,20.45,6.5,1.22,13.05,11.93,3.79,2.81,35.74,3.69,60.59,58.58,2.01,30.57,8.71,2.01,0.4,0.8,11.93,1.61,5.76,0.67,0.0,0.67,1.21
590,WC,F,3,6.45,93.71,198.55,232.31,12.9,60.43,192.31,12.55,40.0,35.17,70.33,171.92,21.0,25.93,8.38,104.76,0.75,13.19,0.0,0.0,0.0,14.48,2.01,3.03,4.53,4.53,51.7,47.36,10.08,0.0,26.87,0.0,0.0,1.12,,7.09,0.0,27.84,2.42,3.72,4.45,2.42,6.44,25.92,21.87,5.28,0.93,1.1,14.79,2.63,28.16,12.1,3.54,11.49,2.61,0.89,0.93,15.77,3.71,3.25,16.83,62.34,131.13,5.05,157.37,10.72,213.26,32.63,293.86,30.84,16.66,277.2,15.56,62.84,18.42,16.89,4.53,2.95,9.32,2.95,36.19,12.56,46.0,,46.0,38.44,19.73,11.7,0.0,0.0,6.48,41.99,26.08,28.87,6.19,9.66,4.28,0.0,12.45,6.3,0.74,0.0,13.89,2.08,32.23,28.79,3.43,8.19,6.6,1.58,0.13,0.53,3.57,2.64,0.53,0.26,0.0,1.85,1.32
599,XA,F,3,7.96,62.39,174.09,231.0,14.13,140.82,156.0,13.25,75.0,87.93,61.19,64.06,6.07,4.26,7.88,31.73,1.0,9.48,0.0,0.0,0.0,16.85,3.7,0.0,0.0,0.0,36.02,103.24,20.41,1.0,55.73,4.26,3.67,1.54,,32.71,17.28,54.03,13.62,11.44,7.5,5.29,2.86,5.69,5.69,0.5,0.0,0.0,4.26,0.53,21.74,6.31,3.56,1.86,1.54,3.91,2.01,6.06,4.59,4.28,62.87,19.97,119.44,0.53,249.05,5.53,210.4,44.25,307.9,42.5,18.59,289.3,6.89,80.94,24.4,8.53,0.0,2.23,33.82,3.23,89.55,10.52,13.96,,13.96,13.96,8.88,7.3,0.0,0.0,2.17,4.46,42.14,44.45,6.14,14.92,12.03,3.35,31.19,41.46,1.67,2.01,27.41,0.95,39.79,33.68,6.11,14.31,2.97,1.22,0.0,0.52,13.26,4.54,3.14,2.27,0.0,0.17,2.44
608,XB,F,3,17.07,91.35,259.99,418.57,13.94,126.59,359.37,13.39,59.2,54.82,120.41,121.61,33.91,21.55,7.82,61.69,7.96,10.04,0.0,6.69,0.0,16.48,3.56,0.0,4.47,4.47,17.42,216.23,7.52,0.5,27.49,1.86,3.86,0.0,,13.63,1.58,45.1,0.0,1.58,5.54,5.92,3.34,4.47,4.47,2.05,0.0,1.67,0.0,1.17,4.47,6.35,3.17,4.25,1.86,4.25,1.31,13.28,3.82,7.89,80.35,38.57,18.52,1.27,237.08,12.01,144.74,51.34,247.73,50.07,21.63,217.77,23.49,194.17,42.49,4.47,16.75,4.91,115.93,5.41,143.43,8.56,35.71,,35.71,30.05,24.82,1.31,0.0,8.61,0.0,0.0,28.76,27.27,5.81,1.58,2.27,1.58,29.94,25.68,0.0,1.86,57.35,1.62,85.37,82.21,3.16,14.02,11.04,4.21,1.4,0.18,49.43,4.56,31.38,8.59,0.0,0.53,0.35
617,YA,F,3,3.45,134.49,77.99,132.34,11.52,39.98,91.83,11.39,40.51,12.94,49.74,56.62,0.0,0.0,4.76,13.78,6.59,15.25,0.0,0.0,0.0,8.94,4.77,0.0,0.0,0.0,98.25,127.31,15.84,4.47,58.55,0.0,0.0,0.0,,44.27,44.03,65.27,0.0,15.25,0.0,0.0,4.42,0.0,0.0,0.0,0.0,0.0,0.0,4.42,28.78,0.0,0.0,0.0,0.0,0.0,0.0,0.0,2.89,0.0,15.25,26.08,39.19,0.0,208.17,0.0,80.51,32.9,219.77,32.9,15.25,204.53,0.0,61.49,0.0,0.0,29.82,0.0,0.0,4.47,58.55,0.0,6.59,,6.59,6.59,8.89,0.0,0.0,15.25,0.0,0.0,36.26,0.0,0.0,0.0,0.0,0.0,4.25,12.94,0.0,0.0,5.22,1.29,17.27,15.36,1.92,11.52,0.0,0.0,0.0,0.0,1.92,0.0,0.0,0.0,0.0,0.0,0.0
