,county,sex,xiang,p001,p002,p003,p004,p005,p006,p007,p008,p009,p010,p011,p012,p013,p014,p015,p016,p017,p018,p019,p020,p021,p022,p023,p024,p025,p026,p027,p028,p029,p030,p031,p032,p034,p036,p037,p038,p039,p040,p041,p042,p044,p045,p046,p047,p048,r002,r003,r004,r005,r006,r007,r008,r009,r010,r011,r012,r013,r014,r015,r016,r017,r018,r019,r020,r021,r022,r023,r024,r025,r026,u001,u002,u003,u004,u005,u006,u007,u008,u009,u010,u011,u012,u013,u015,u016,u017,u018,u019,u020,u021,u022,u023,u024,u025,u026,u027,u028,u029,u030
0,ZA,M,1,193.0,44.6,148.4,121.5,79.5,4.5,8.23,2.7,11.5,3.6,4.5,40.6,5.29,415.0,129.0,4.8,23.4,3.6,2.7,8.3,0.0,2.6,3.7,8.8,0.54,34.05,0.096,15.6,2.87,13.6,0.129,0.279,470.0,65.3,15.7,4.0,7.2,2.12,6.57,3.0,82.8,142.0,,53.8,,1.0,48.9,15.6,31.2,4.36,35.6,0.73,0.19,18.7,17.7,0.24,0.94,11.19,0.17,12.0,0.33,0.0,3.1,0.23,1.0,3.13,12.6,0.46,1.6,16.5,3.7,0.82,2.5,0.1,0.44,7.4,0.25,531.0,0.13,5.68,1.24,687.0,753.0,0.04,0.05,4.16,1.0,0.23,0.2,6.12,19.92,0.1,3.16,10.55,21.16,0.04,2.58,0.21,13.02
1,ZA,M,2,191.0,50.8,140.2,127.2,88.2,4.4,8.6,2.83,15.0,4.2,6.9,39.9,4.69,509.0,162.0,7.2,22.3,3.4,2.3,14.6,2.1,4.9,4.7,9.2,0.63,27.0,0.114,15.0,3.73,15.5,0.114,0.265,461.0,101.3,17.7,3.9,7.4,2.01,6.7,10.0,73.3,126.0,,45.8,,1.3,47.9,16.7,28.5,6.86,35.4,0.74,0.23,18.1,16.1,0.35,1.9,11.23,0.2,10.8,0.24,0.22,5.2,0.13,1.28,5.45,10.81,0.36,1.47,15.9,3.7,1.04,3.0,0.12,0.62,7.8,0.51,394.0,0.13,0.0,1.67,707.0,665.0,0.08,0.21,2.78,1.36,1.08,4.06,13.09,8.77,0.1,1.42,17.04,14.4,0.15,2.07,2.57,10.93
2,ZA,M,3,192.0,47.7,144.3,124.4,83.9,4.5,8.42,2.77,13.3,3.9,5.7,40.3,4.99,462.0,146.0,6.0,22.9,3.5,2.5,11.45,1.05,3.75,4.2,9.0,0.59,30.52,0.105,15.3,3.3,14.6,0.122,0.272,466.0,83.3,16.7,4.0,7.3,2.06,6.64,7.0,78.0,134.0,,49.8,,1.15,48.4,16.1,29.9,5.61,35.5,0.73,0.21,18.4,16.9,0.29,1.42,11.21,0.19,11.4,0.29,0.11,4.15,0.18,1.14,4.29,11.71,0.41,1.54,16.2,3.7,0.93,2.8,0.11,0.53,7.6,0.38,463.0,0.13,2.84,1.46,697.0,709.0,0.06,0.13,3.47,1.18,0.66,2.13,9.61,14.35,0.1,2.29,13.79,17.78,0.1,2.33,1.39,11.97
3,ZA,F,1,209.0,46.7,162.3,135.0,87.0,4.3,8.73,6.58,32.7,9.6,8.9,62.1,3.82,960.0,351.0,5.9,53.8,5.3,4.4,20.0,3.2,7.9,5.2,12.8,0.6,30.61,0.117,16.6,3.37,12.9,0.124,0.296,575.0,69.7,15.0,3.7,7.3,1.76,,17.0,82.1,,17.0,,7.4,1.07,47.1,16.0,30.7,6.22,36.9,0.78,0.13,16.5,16.7,0.3,1.52,11.92,0.13,10.9,0.36,0.0,4.54,0.2,1.04,4.98,11.76,0.48,1.5,17.0,,,,,,,,,,,,,,,,,,,,,,,,,,,,,
4,ZA,F,2,198.0,55.3,142.7,144.8,75.4,4.5,8.23,4.67,23.6,5.7,7.1,53.0,4.05,589.0,97.0,5.1,44.6,4.2,2.8,5.8,3.3,3.6,3.8,13.2,0.86,29.66,0.113,14.9,3.67,14.4,0.119,0.237,442.0,100.7,17.7,3.5,7.6,1.42,,17.0,75.9,,3.0,,0.0,1.2,50.2,15.1,28.4,6.33,34.7,0.69,0.18,20.6,16.4,0.35,1.38,11.31,0.17,10.8,0.22,0.0,3.9,0.89,1.39,4.04,10.93,0.38,1.43,15.6,,,,,,,,,,,,,,,,,,,,,,,,,,,,,
5,ZA,F,3,204.0,51.0,152.5,139.9,81.2,4.4,8.48,5.63,28.2,7.65,8.0,57.6,3.94,775.0,224.0,5.5,49.2,4.75,3.6,12.9,3.25,5.75,4.5,13.0,0.73,30.14,0.115,15.8,3.52,13.7,0.121,0.267,509.0,85.2,16.4,3.6,7.5,1.59,,17.0,79.0,,10.0,,3.7,1.14,48.7,15.6,29.6,6.28,35.8,0.73,0.15,18.6,16.6,0.33,1.45,11.62,0.15,10.9,0.29,0.0,4.22,0.55,1.22,4.51,11.35,0.43,1.47,16.3,,,,,,,,,,,,,,,,,,,,,,,,,,,,,
8,ZA,T,3,198.0,49.4,148.4,132.1,82.5,4.4,8.45,4.2,20.7,5.78,6.85,48.9,4.46,618.0,185.0,5.75,36.0,4.13,3.05,12.18,2.15,4.75,4.35,11.0,0.66,30.33,0.11,15.5,3.41,14.1,0.122,0.269,487.0,84.3,16.5,3.8,7.4,1.83,,12.0,78.5,,,,,1.14,48.5,15.8,29.7,5.94,35.7,0.73,0.18,18.5,16.7,0.31,1.44,11.41,0.17,11.1,0.29,0.06,4.19,0.36,1.18,4.4,11.53,0.42,1.5,16.3,,,,,,,,,,,,,,,,,,,,,,,,,,,,,
9,ZB,M,1,183.0,45.3,137.7,127.7,75.6,4.7,8.63,1.7,12.8,5.8,6.5,41.7,5.28,464.0,140.0,4.7,23.8,9.8,3.5,12.3,0.0,5.2,7.0,8.5,0.96,29.55,0.095,15.9,3.47,12.7,0.113,0.302,495.0,95.7,20.3,3.8,7.9,1.96,7.0,10.0,79.3,146.0,,55.6,,1.1,47.0,16.2,30.1,6.72,36.8,0.78,0.11,17.3,16.0,0.42,1.94,11.29,0.23,10.7,0.29,0.0,4.98,0.0,1.04,5.68,11.88,0.44,1.42,16.3,3.7,1.05,2.7,0.11,0.49,7.7,0.27,655.0,0.17,11.23,1.48,837.0,754.0,0.13,0.47,3.72,1.29,1.61,1.38,12.28,7.16,0.15,2.43,17.74,10.3,0.3,2.51,1.49,9.72
10,ZB,M,2,185.0,47.7,137.3,109.7,89.3,4.7,8.2,3.21,16.4,4.7,6.5,48.2,4.9,533.0,103.0,6.9,19.9,3.2,2.6,1.9,2.3,5.1,3.9,8.5,0.65,29.78,0.111,13.4,3.57,14.5,0.111,0.269,452.0,89.7,17.7,,7.1,1.7,6.22,30.0,80.0,91.0,,36.0,,1.12,,,,,,,,,,,,,,,,,,,,,,,,,2.9,0.83,2.3,0.12,0.38,6.7,0.2,694.0,0.23,3.37,1.07,556.0,516.0,0.08,0.03,4.63,0.77,2.54,0.56,13.81,3.25,0.06,3.86,21.06,4.61,0.05,2.7,1.55,8.53
11,ZB,M,3,184.0,46.5,137.5,118.7,82.5,4.7,8.42,2.46,14.6,5.25,6.5,45.0,5.09,499.0,122.0,5.8,21.9,6.5,3.05,7.1,1.15,5.15,5.45,8.5,0.81,29.67,0.103,14.7,3.52,13.6,0.112,0.286,474.0,92.7,19.0,3.8,7.5,1.83,6.61,20.0,79.7,119.0,,45.8,,1.11,47.0,16.2,30.1,6.72,36.8,0.78,0.11,17.3,16.0,0.42,1.94,11.29,0.23,10.7,0.29,0.0,4.98,0.0,1.04,5.68,11.88,0.44,1.42,16.3,3.3,0.94,2.5,0.12,0.43,7.2,0.24,675.0,0.2,7.3,1.28,697.0,635.0,0.11,0.25,4.17,1.03,2.08,0.97,13.04,5.21,0.1,3.15,19.4,7.46,0.17,2.6,1.52,9.13
12,ZB,F,1,208.0,57.6,150.4,143.1,82.9,4.5,8.37,4.2,31.4,7.0,5.9,42.7,3.82,658.0,166.0,5.8,33.5,3.1,2.7,2.1,2.6,5.7,3.3,19.9,1.04,29.84,0.113,15.4,3.47,14.5,0.125,0.242,460.0,95.3,17.0,4.0,7.0,2.17,,21.0,63.3,,14.0,,3.4,1.25,53.5,15.5,22.5,8.49,31.0,0.58,0.2,20.2,19.7,0.42,2.63,10.38,0.1,8.6,0.23,1.13,5.46,1.39,0.75,6.34,8.36,0.37,1.45,12.3,,,,,,,,,,,,,,,,,,,,,,,,,,,,,
13,ZB,F,2,167.0,45.0,122.0,132.8,80.6,4.3,7.87,3.69,31.3,8.4,5.8,42.5,3.38,819.0,160.0,7.1,23.0,4.0,3.0,13.3,2.4,5.0,6.1,16.7,0.46,31.56,0.109,12.9,3.5,10.5,0.123,0.243,427.0,85.7,17.0,3.3,7.4,1.67,,17.0,80.6,,14.0,,6.9,1.1,48.6,16.6,27.8,6.99,34.8,0.72,0.23,18.1,16.8,0.38,1.41,11.61,0.23,11.3,0.33,0.0,4.73,1.4,1.08,4.52,10.45,0.43,1.57,15.4,,,,,,,,,,,,,,,,,,,,,,,,,,,,,
14,ZB,F,3,188.0,51.3,136.2,138.0,81.8,4.4,8.12,3.95,31.4,7.7,5.85,42.6,3.6,739.0,163.0,6.45,28.3,3.55,2.85,7.7,2.5,5.35,4.7,18.3,0.75,30.7,0.111,14.2,3.49,12.5,0.124,0.242,444.0,90.5,17.0,3.6,7.2,1.92,,19.0,72.0,,14.0,,5.2,1.18,51.1,16.1,25.2,7.74,32.9,0.65,0.22,19.2,18.3,0.4,2.02,11.0,0.17,10.0,0.28,0.56,5.1,1.4,0.92,5.43,9.4,0.4,1.51,13.9,,,,,,,,,,,,,,,,,,,,,,,,,,,,,
17,ZB,T,3,186.0,48.9,136.9,128.3,82.1,4.6,8.27,3.2,23.0,6.48,6.18,43.8,4.35,619.0,142.0,6.13,25.1,5.03,2.95,7.4,1.82,5.25,5.08,13.4,0.78,30.18,0.107,14.4,3.5,13.1,0.118,0.264,459.0,91.6,18.0,3.7,7.4,1.88,,20.0,75.8,,,,,1.14,49.0,16.1,27.6,7.23,34.9,0.72,0.16,18.2,17.1,0.41,1.98,11.14,0.2,10.3,0.29,0.28,5.04,0.7,0.98,5.55,10.64,0.42,1.47,15.1,,,,,,,,,,,,,,,,,,,,,,,,,,,,,
18,ZC,M,1,179.0,55.9,123.1,118.7,79.3,4.4,8.5,13.58,36.4,7.5,9.0,55.3,4.38,822.0,194.0,3.3,38.7,3.8,3.5,15.5,4.3,4.5,4.6,14.4,0.53,30.25,0.12,15.8,3.47,12.5,0.117,0.355,548.0,98.7,17.3,3.7,6.8,1.7,7.3,17.0,83.3,128.0,,48.0,,1.15,47.0,16.4,29.6,6.92,36.5,0.78,0.2,18.3,17.2,0.38,1.33,9.67,0.18,11.9,0.29,0.0,4.05,1.93,0.81,4.18,12.7,0.47,1.6,14.9,3.7,0.81,2.6,0.13,0.45,7.8,0.27,699.0,0.14,4.96,1.57,867.0,760.0,0.27,0.05,5.03,1.37,6.58,1.12,13.89,6.72,0.09,3.67,25.77,9.25,0.16,3.2,3.85,10.3
19,ZC,M,2,187.0,44.6,142.4,115.1,77.8,4.5,8.2,4.18,25.5,6.6,9.8,66.9,4.18,831.0,182.0,10.4,29.6,4.1,3.3,11.7,3.1,6.1,5.0,8.4,0.43,28.79,0.104,22.4,3.63,13.2,0.119,0.291,453.0,79.0,18.3,4.0,7.8,1.87,5.96,27.0,70.0,97.0,,42.3,,1.1,49.4,15.1,30.8,4.76,35.6,0.72,0.16,18.7,17.5,0.31,1.04,11.6,0.17,11.6,0.29,0.0,3.0,0.41,1.35,3.0,11.89,0.44,1.6,16.9,3.9,0.82,3.0,0.12,0.46,7.3,0.33,470.0,0.16,3.51,1.13,635.0,663.0,0.06,0.15,1.22,0.91,0.67,1.65,4.83,6.12,0.05,0.3,6.78,8.83,0.1,1.07,1.16,5.48
20,ZC,M,3,183.0,50.3,132.8,116.9,78.5,4.5,8.35,8.88,30.9,7.05,9.4,61.1,4.28,827.0,188.0,6.85,34.2,3.95,3.4,13.6,3.7,5.3,4.8,11.4,0.48,29.52,0.112,19.1,3.55,12.8,0.118,0.323,501.0,88.9,17.8,3.9,7.3,1.79,6.63,22.0,76.7,113.0,,45.1,,1.13,48.2,15.8,30.2,5.84,36.1,0.75,0.18,18.5,17.4,0.35,1.19,10.63,0.18,11.8,0.29,0.0,3.52,1.17,1.08,3.59,12.29,0.46,1.6,15.9,3.8,0.82,2.8,0.13,0.46,7.5,0.3,585.0,0.15,4.24,1.35,751.0,712.0,0.17,0.1,3.13,1.14,3.63,1.39,9.36,6.42,0.07,1.98,16.27,9.04,0.13,2.14,2.5,7.89
21,ZC,F,1,192.0,56.2,135.8,145.8,82.8,4.5,8.37,5.37,26.9,5.9,6.4,39.4,4.31,423.0,205.0,5.0,29.3,4.9,3.4,13.2,2.6,4.3,4.5,14.4,0.83,33.66,0.135,14.7,3.87,14.8,0.107,0.252,504.0,109.7,14.0,3.7,7.1,2.11,,7.0,73.3,,9.0,,6.9,1.18,47.9,18.0,27.3,6.75,34.1,0.71,0.22,22.1,16.5,0.41,1.92,6.72,0.28,11.7,0.36,0.33,5.34,0.18,0.85,5.72,12.35,0.42,1.5,13.0,,,,,,,,,,,,,,,,,,,,,,,,,,,,,
22,ZC,F,2,184.0,41.8,142.2,130.9,67.1,4.4,8.03,8.5,28.4,7.3,6.6,58.4,4.13,746.0,221.0,4.0,37.9,4.2,3.6,18.6,4.2,4.7,4.7,14.9,0.84,34.67,0.096,21.2,3.77,9.3,0.114,0.246,429.0,82.0,15.7,,7.7,1.94,,10.0,83.3,,16.0,,3.3,1.08,48.9,14.9,31.6,4.59,36.2,0.74,0.15,17.5,17.1,0.29,1.01,12.92,0.18,11.2,0.33,0.0,3.17,0.43,1.33,2.83,11.26,0.46,1.53,18.3,,,,,,,,,,,,,,,,,,,,,,,,,,,,,
23,ZC,F,3,188.0,49.0,139.0,138.4,75.0,4.5,8.2,6.94,27.6,6.6,6.5,48.9,4.22,585.0,213.0,4.5,33.6,4.55,3.5,15.9,3.4,4.5,4.6,14.7,0.83,34.16,0.116,17.9,3.82,12.1,0.111,0.249,467.0,95.9,14.8,3.7,7.4,2.02,,9.0,78.3,,13.0,,5.1,1.13,48.4,16.4,29.5,5.67,35.2,0.72,0.18,19.8,16.8,0.35,1.47,9.82,0.23,11.4,0.35,0.17,4.25,0.3,1.09,4.28,11.8,0.44,1.52,15.7,,,,,,,,,,,,,,,,,,,,,,,,,,,,,
26,ZC,T,3,186.0,49.6,135.9,127.6,76.8,4.5,8.28,7.91,29.3,6.83,7.95,55.0,4.25,706.0,201.0,5.68,33.9,4.25,3.45,14.75,3.55,4.9,4.7,13.0,0.66,31.84,0.114,18.5,3.69,12.5,0.114,0.286,484.0,92.4,16.3,3.8,7.4,1.91,,15.0,77.5,,,,,1.13,48.3,16.1,29.8,5.75,35.6,0.74,0.18,19.2,17.1,0.35,1.33,10.23,0.2,11.6,0.32,0.08,3.89,0.74,1.09,3.93,12.05,0.45,1.56,15.8,,,,,,,,,,,,,,,,,,,,,,,,,,,,,
27,ZD,M,1,216.0,40.6,175.4,129.5,75.2,4.6,8.43,4.43,31.5,0.0,5.4,68.8,5.27,653.0,147.0,3.4,53.6,5.2,3.7,10.9,2.8,3.3,0.0,9.8,1.13,33.13,0.113,15.4,3.37,13.6,0.122,0.309,470.0,99.7,16.0,3.8,6.6,1.93,6.27,25.0,65.5,171.0,,70.8,,1.06,46.3,17.5,27.3,8.83,36.2,0.78,0.2,17.1,16.2,0.38,1.68,10.78,0.17,11.3,0.29,0.0,5.78,2.24,0.72,5.87,10.66,0.42,1.04,15.2,3.2,0.83,2.4,0.12,0.54,7.0,0.32,566.0,0.18,8.76,2.34,776.0,759.0,0.27,0.32,3.6,2.98,7.12,1.41,8.02,14.03,0.08,0.62,19.01,18.74,0.3,3.29,4.27,11.02
28,ZD,M,2,170.0,43.7,126.3,124.1,75.9,4.3,8.03,2.53,18.5,4.4,4.5,36.1,4.27,439.0,116.0,1.8,28.0,3.2,2.6,1.7,2.5,2.5,3.0,12.5,,27.12,0.09,14.9,3.3,9.4,0.109,0.271,459.0,93.0,15.3,4.7,6.3,2.09,6.54,13.0,46.7,135.0,,52.0,,1.09,49.1,16.1,28.4,6.35,34.7,0.71,0.36,20.1,18.3,0.38,1.12,8.91,0.2,12.5,0.29,0.0,3.13,2.43,0.7,3.22,11.93,0.43,1.47,14.5,3.5,0.85,2.6,0.15,0.5,7.8,0.21,633.0,0.16,9.23,1.52,657.0,676.0,0.04,0.15,8.13,1.61,0.56,0.73,9.27,8.7,0.09,6.52,18.0,11.19,0.09,4.87,0.64,8.98
29,ZD,M,3,193.0,42.2,150.8,126.8,75.6,4.5,8.23,3.48,25.0,2.2,4.95,52.5,4.77,546.0,132.0,2.6,40.8,4.2,3.15,6.3,2.65,2.9,1.5,11.2,1.13,30.13,0.102,15.2,3.33,11.5,0.116,0.29,465.0,96.4,15.7,4.3,6.5,2.01,6.41,19.0,56.1,153.0,,61.4,,1.08,47.7,16.8,27.9,7.59,35.5,0.74,0.28,18.6,17.3,0.38,1.4,9.85,0.19,11.9,0.29,0.0,4.46,2.34,0.71,4.54,11.29,0.42,1.26,14.8,3.4,0.84,2.5,0.14,0.52,7.4,0.27,600.0,0.17,9.0,1.93,717.0,718.0,0.15,0.24,5.87,2.29,3.84,1.07,8.64,11.37,0.09,3.57,18.51,14.96,0.2,4.08,2.45,10.0
30,ZD,F,1,185.0,43.1,141.9,144.8,74.9,4.5,8.47,3.66,25.5,7.5,6.2,36.8,4.42,547.0,159.0,3.2,32.3,3.8,3.1,1.9,2.9,4.0,3.5,9.2,0.84,33.25,0.112,15.4,3.67,10.5,0.102,0.269,489.0,102.7,15.7,4.4,6.7,1.7,,20.0,62.1,,34.0,,7.4,1.02,47.8,16.4,31.1,4.71,35.8,0.75,0.26,18.1,17.7,0.33,1.29,10.06,0.21,12.0,0.3,0.0,3.89,0.35,0.8,3.57,11.39,0.49,1.67,17.6,,,,,,,,,,,,,,,,,,,,,,,,,,,,,
31,ZD,F,2,170.0,49.6,120.4,136.5,78.2,4.4,8.5,3.83,32.7,7.3,6.9,50.3,4.13,534.0,227.0,2.4,38.0,4.8,3.7,18.6,4.2,2.9,3.7,11.6,1.23,30.61,0.119,15.5,3.87,14.0,0.116,0.264,471.0,104.7,16.0,4.3,6.4,2.02,,7.0,76.7,,4.0,,0.0,1.1,49.5,16.8,23.2,10.48,33.7,0.68,0.65,18.6,16.9,0.71,2.12,10.49,0.32,9.9,0.55,0.0,6.1,3.75,1.1,5.63,8.97,0.41,1.6,12.2,,,,,,,,,,,,,,,,,,,,,,,,,,,,,
32,ZD,F,3,178.0,46.4,131.2,140.7,76.6,4.5,8.49,3.75,29.1,7.4,6.55,43.5,4.28,541.0,193.0,2.8,35.1,4.3,3.4,10.25,3.55,3.45,3.6,10.4,1.03,31.93,0.116,15.5,3.77,12.3,0.109,0.267,480.0,103.7,15.8,4.4,6.6,1.86,,14.0,69.4,,19.0,,3.7,1.06,48.6,16.6,27.2,7.6,34.8,0.72,0.46,18.4,17.3,0.52,1.71,10.28,0.27,11.0,0.43,0.0,5.0,2.05,0.95,4.6,10.18,0.45,1.64,14.9,,,,,,,,,,,,,,,,,,,,,,,,,,,,,
35,ZD,T,3,185.0,44.3,141.0,133.7,76.1,4.5,8.36,3.61,27.1,4.8,5.75,48.0,4.52,543.0,162.0,2.7,38.0,4.25,3.28,8.28,3.1,3.18,2.55,10.8,1.08,31.03,0.109,15.3,3.55,11.9,0.112,0.278,472.0,100.0,15.8,4.3,6.5,1.94,,16.0,62.8,,,,,1.07,48.2,16.7,27.5,7.59,35.1,0.73,0.37,18.5,17.3,0.45,1.55,10.06,0.23,11.4,0.36,0.0,4.73,2.19,0.83,4.57,10.74,0.44,1.45,14.9,,,,,,,,,,,,,,,,,,,,,,,,,,,,,
36,ZE,M,1,169.0,44.1,124.9,119.1,77.6,4.4,8.17,2.89,12.2,4.2,4.1,44.9,4.49,385.0,122.0,1.1,28.6,4.6,2.7,7.4,2.2,3.2,3.9,9.9,0.39,27.92,0.101,15.1,3.5,13.5,0.117,0.295,454.0,101.0,15.7,4.6,6.7,2.3,6.49,28.0,66.7,207.0,,64.0,,1.24,46.1,17.4,28.7,7.88,36.5,0.79,0.24,17.3,16.4,0.36,1.75,9.95,0.21,10.8,0.24,0.0,6.13,1.38,0.67,5.82,10.65,0.4,1.5,16.1,3.9,0.69,4.2,0.08,1.23,6.7,0.95,229.0,0.08,0.0,2.67,764.0,844.0,0.15,0.05,2.1,1.22,0.2,0.22,2.39,3.04,0.05,0.89,4.84,4.52,0.1,1.66,0.21,2.72
37,ZE,M,2,175.0,46.1,128.9,127.0,81.7,4.6,8.53,2.64,17.6,4.1,5.0,45.2,4.98,387.0,113.0,1.6,22.2,3.5,2.4,9.6,2.6,2.6,3.3,6.4,0.31,28.21,0.113,15.9,3.77,14.2,0.128,0.231,431.0,95.3,17.3,4.1,6.4,1.86,6.76,23.0,63.3,99.0,,50.0,,1.0,47.9,17.4,30.4,4.29,34.7,0.72,0.25,22.1,16.8,0.31,1.43,7.05,0.3,12.7,0.24,0.0,4.18,0.15,0.66,3.47,12.87,0.45,1.68,15.4,4.4,0.79,3.5,0.1,0.67,7.3,0.54,308.0,0.13,16.4,1.6,574.0,518.0,0.09,0.05,5.66,1.04,5.48,0.65,17.09,4.36,0.09,4.62,28.32,6.1,0.07,3.35,3.07,10.73
38,ZE,M,3,172.0,45.1,126.9,123.0,79.7,4.5,8.35,2.77,14.9,4.15,4.55,45.1,4.74,386.0,118.0,1.35,25.4,4.05,2.55,8.5,2.4,2.9,3.6,8.2,0.35,28.07,0.107,15.5,3.64,13.8,0.123,0.263,443.0,98.2,16.5,4.3,6.6,2.08,6.63,26.0,65.0,153.0,,57.0,,1.12,47.0,17.4,29.6,6.08,35.6,0.76,0.24,19.7,16.6,0.34,1.59,8.5,0.26,11.8,0.24,0.0,5.16,0.76,0.67,4.65,11.76,0.43,1.59,15.8,4.2,0.74,3.9,0.09,0.95,7.0,0.74,269.0,0.11,8.2,2.14,669.0,681.0,0.12,0.05,3.88,1.13,2.84,0.43,9.74,3.7,0.07,2.75,16.58,5.31,0.09,2.5,1.64,6.73
39,ZE,F,1,180.0,49.8,130.2,125.6,76.3,4.3,8.3,3.77,24.9,4.9,5.4,27.4,3.53,456.0,146.0,1.9,26.4,3.6,2.9,15.6,2.6,3.6,3.5,21.1,0.87,30.31,0.105,14.9,3.7,11.9,0.105,0.257,477.0,98.3,15.7,4.3,6.6,1.8,,33.0,63.3,,3.0,,0.0,1.07,47.3,16.4,31.4,4.89,36.3,0.77,0.19,17.8,17.4,0.33,1.16,10.44,0.22,11.5,0.45,1.05,3.2,0.85,0.76,3.28,11.54,0.45,1.56,17.9,,,,,,,,,,,,,,,,,,,,,,,,,,,,,
40,ZE,F,2,190.0,45.1,144.9,131.4,76.3,4.5,8.37,4.35,25.6,4.9,6.4,28.1,3.57,426.0,130.0,1.4,27.0,3.4,3.2,14.2,3.7,3.4,3.8,10.4,0.43,34.67,0.099,15.0,3.97,13.5,0.108,0.178,396.0,95.7,14.3,4.4,6.5,1.98,,20.0,60.0,,6.0,,3.4,1.0,45.7,18.3,30.2,5.86,36.0,0.79,0.24,17.9,17.0,0.32,1.08,9.22,0.23,12.0,0.38,1.94,3.78,1.65,0.87,3.33,11.77,0.44,1.71,16.3,,,,,,,,,,,,,,,,,,,,,,,,,,,,,
41,ZE,F,3,185.0,47.5,137.6,128.5,76.3,4.4,8.34,4.06,25.3,4.9,5.9,27.8,3.55,441.0,138.0,1.65,26.7,3.5,3.05,14.9,3.15,3.5,3.65,15.8,0.65,32.49,0.102,15.0,3.84,12.7,0.106,0.217,437.0,97.0,15.0,4.4,6.5,1.89,,27.0,61.6,,5.0,,1.7,1.04,46.5,17.4,30.8,5.38,36.1,0.78,0.21,17.9,17.2,0.33,1.12,9.83,0.23,11.8,0.42,1.5,3.49,1.25,0.82,3.31,11.65,0.45,1.64,17.1,,,,,,,,,,,,,,,,,,,,,,,,,,,,,
44,ZE,T,3,179.0,46.3,132.2,125.8,78.0,4.5,8.34,3.41,20.1,4.53,5.23,36.4,4.14,414.0,128.0,1.5,26.1,3.77,2.8,11.7,2.78,3.2,3.63,12.0,0.5,30.28,0.105,15.2,3.74,13.3,0.115,0.24,440.0,97.6,15.8,4.4,6.6,1.99,,26.0,63.3,,,,,1.08,46.8,17.4,30.2,5.73,35.9,0.77,0.23,18.8,16.9,0.33,1.36,9.17,0.24,11.8,0.33,0.75,4.32,1.01,0.74,3.98,11.71,0.44,1.61,16.4,,,,,,,,,,,,,,,,,,,,,,,,,,,,,
45,ZF,M,1,187.0,43.3,143.7,113.7,74.1,4.3,8.27,2.8,14.5,3.8,4.4,58.1,4.89,269.0,122.0,3.2,28.7,3.4,2.7,5.9,2.5,1.0,3.6,9.5,1.04,27.75,0.095,13.8,3.3,15.2,0.116,0.29,475.0,83.3,19.3,3.0,5.5,1.82,6.64,30.0,93.3,150.0,,53.8,,1.1,58.1,13.5,21.1,7.25,28.4,0.49,0.16,26.1,22.3,0.47,2.38,6.78,0.17,7.7,0.28,0.0,5.28,2.01,1.07,4.18,6.95,0.62,2.44,11.1,3.2,0.82,2.4,0.14,0.47,7.2,0.18,600.0,0.23,0.0,1.28,552.0,606.0,0.03,0.04,2.07,0.78,0.56,0.62,7.3,3.41,0.07,1.29,9.97,4.84,0.03,1.43,0.59,5.36
46,ZF,M,2,206.0,42.3,163.7,127.3,85.4,4.4,7.9,4.4,15.8,4.3,7.4,55.4,4.7,628.0,132.0,5.0,33.4,3.8,3.1,12.7,2.7,4.5,3.9,8.9,1.08,33.32,0.137,14.3,3.27,11.9,0.134,0.268,424.0,98.0,18.0,3.6,7.3,1.95,7.91,23.0,90.0,142.0,,61.5,,1.0,48.8,17.7,27.5,5.98,33.5,0.69,0.22,20.0,16.0,0.35,1.72,10.52,0.3,12.1,0.3,0.0,5.02,0.0,1.42,4.56,10.66,0.38,1.38,15.1,3.0,0.93,2.3,0.12,0.53,7.7,0.28,549.0,0.2,4.74,1.59,578.0,707.0,0.12,0.15,1.38,1.22,4.12,1.29,5.96,4.69,0.06,0.16,11.58,7.36,0.13,1.3,2.71,5.32
47,ZF,M,3,197.0,42.8,153.7,120.5,79.8,4.4,8.09,3.6,15.2,4.05,5.9,56.8,4.79,449.0,127.0,4.1,31.1,3.6,2.9,9.3,2.6,2.75,3.75,9.2,1.06,30.54,0.116,14.1,3.29,13.6,0.125,0.279,450.0,90.7,18.7,3.3,6.4,1.89,7.28,27.0,91.7,146.0,,57.6,,1.05,53.5,15.6,24.3,6.62,30.9,0.59,0.19,23.1,19.2,0.41,2.05,8.65,0.24,9.9,0.29,0.0,5.15,1.0,1.25,4.37,8.8,0.5,1.91,13.1,3.1,0.88,2.4,0.13,0.5,7.5,0.23,575.0,0.22,2.37,1.44,565.0,657.0,0.07,0.1,1.72,1.0,2.34,0.96,6.63,4.05,0.07,0.72,10.78,6.1,0.08,1.36,1.65,5.34
48,ZF,F,1,199.0,46.5,152.5,127.9,78.4,4.2,8.3,3.1,28.4,6.3,5.6,43.5,2.6,622.0,117.0,4.0,18.0,3.9,2.4,7.7,2.3,4.4,3.8,14.8,0.57,19.92,0.129,13.8,3.53,12.2,0.125,0.26,479.0,95.0,18.7,3.5,5.7,1.96,,33.0,86.2,,13.0,,3.4,1.2,49.1,16.2,26.3,8.48,34.8,0.71,0.31,17.2,16.8,0.32,1.26,13.21,0.25,10.6,0.32,0.0,5.03,2.68,1.34,4.47,9.22,0.35,1.62,15.1,,,,,,,,,,,,,,,,,,,,,,,,,,,,,
49,ZF,F,2,187.0,50.0,137.0,126.7,76.8,4.5,8.17,7.84,36.4,7.8,9.1,50.9,4.06,594.0,150.0,7.6,31.4,2.8,3.0,18.0,3.8,5.2,3.9,13.6,0.64,33.53,0.149,14.3,3.7,16.4,0.128,0.232,448.0,98.0,18.3,3.7,7.4,1.9,,14.0,83.3,,11.0,,6.7,1.26,47.3,17.7,27.1,7.87,35.0,0.74,0.28,17.3,16.2,0.44,1.39,11.7,0.21,11.0,0.48,1.77,4.19,1.85,1.55,4.48,9.49,0.39,1.46,15.7,,,,,,,,,,,,,,,,,,,,,,,,,,,,,
50,ZF,F,3,193.0,48.3,144.8,127.3,77.6,4.4,8.24,5.47,32.4,7.05,7.35,47.2,3.33,608.0,134.0,5.8,24.7,3.35,2.7,12.85,3.05,4.8,3.85,14.2,0.6,26.73,0.139,14.1,3.62,14.3,0.127,0.246,464.0,96.5,18.5,3.6,6.6,1.93,,24.0,84.8,,12.0,,5.0,1.23,48.2,16.9,26.7,8.18,34.9,0.72,0.3,17.3,16.5,0.38,1.32,12.46,0.23,10.8,0.4,0.89,4.61,2.27,1.45,4.48,9.36,0.37,1.54,15.4,,,,,,,,,,,,,,,,,,,,,,,,,,,,,
53,ZF,T,3,195.0,45.5,149.2,123.9,78.7,4.4,8.16,4.54,23.8,5.55,6.63,52.0,4.06,528.0,130.0,4.95,27.9,3.48,2.8,11.08,2.83,3.78,3.8,11.7,0.83,28.63,0.128,14.1,3.45,13.9,0.126,0.263,457.0,93.6,18.6,3.5,6.5,1.91,,25.0,88.2,,,,,1.14,50.8,16.3,25.5,7.4,32.9,0.66,0.24,20.2,17.8,0.4,1.69,10.55,0.23,10.4,0.35,0.44,4.88,1.64,1.35,4.42,9.08,0.43,1.73,14.3,,,,,,,,,,,,,,,,,,,,,,,,,,,,,
54,ZG,M,1,194.0,50.7,143.3,129.8,77.2,4.4,8.2,4.47,17.9,3.9,5.9,43.3,4.81,479.0,145.0,1.9,17.8,3.3,2.6,9.2,2.6,3.5,3.7,9.5,0.79,29.64,0.111,16.0,3.13,13.5,0.117,0.272,456.0,89.3,19.3,4.0,6.8,1.84,7.38,23.0,86.7,91.0,,40.0,,0.89,48.1,16.0,27.0,8.84,35.9,0.75,0.22,17.9,16.3,0.38,1.76,11.55,0.15,10.2,0.2,0.0,5.46,1.32,1.43,6.09,10.47,0.41,1.31,14.9,3.7,1.04,2.7,0.09,0.47,7.7,0.3,758.0,0.29,1.43,1.18,984.0,734.0,0.06,0.07,3.74,0.64,0.96,1.44,9.64,5.64,0.07,3.1,14.4,7.79,0.07,2.19,1.2,7.64
55,ZG,M,2,177.0,46.8,130.2,119.2,84.5,4.3,7.57,4.12,19.9,6.0,10.0,82.9,5.55,800.0,178.0,8.5,36.8,4.5,3.1,7.6,2.7,4.4,5.6,10.4,0.58,30.19,0.099,14.2,5.0,15.1,0.12,0.281,466.0,67.3,19.0,3.9,6.8,1.65,6.45,17.0,76.7,147.0,,62.5,,1.05,50.8,15.4,27.8,6.01,33.8,0.67,0.32,20.3,16.8,0.39,1.19,11.86,0.25,12.0,0.34,0.0,2.79,0.77,2.17,3.07,10.85,0.39,1.4,15.2,4.5,1.14,3.8,0.09,0.77,8.5,0.53,351.0,0.5,0.0,2.25,512.0,524.0,0.59,0.1,1.37,0.45,0.83,0.36,7.92,6.55,0.04,0.92,10.72,7.46,0.35,0.91,0.6,7.24
56,ZG,M,3,186.0,48.8,136.8,124.5,80.9,4.4,7.88,4.29,18.9,4.95,7.95,63.1,5.18,640.0,162.0,5.2,27.3,3.9,2.85,8.4,2.65,3.95,4.65,10.0,0.69,29.92,0.105,15.1,4.07,14.3,0.119,0.277,461.0,78.3,19.2,4.0,6.8,1.75,6.92,20.0,81.7,119.0,,51.3,,0.97,49.5,15.7,27.4,7.42,34.9,0.71,0.27,19.1,16.6,0.39,1.48,11.71,0.2,11.1,0.27,0.0,4.13,1.05,1.8,4.58,10.66,0.4,1.35,15.1,4.1,1.09,3.3,0.09,0.62,8.1,0.42,555.0,0.4,0.71,1.72,748.0,629.0,0.33,0.09,2.56,0.55,0.9,0.9,8.78,6.09,0.06,2.01,12.56,7.63,0.21,1.55,0.9,7.44
57,ZG,F,1,220.0,49.5,170.5,128.9,85.8,4.5,7.87,16.11,56.7,3.4,9.8,56.6,4.49,943.0,824.0,8.0,38.1,4.1,4.1,15.9,5.1,10.0,10.5,13.0,0.74,34.17,0.117,14.5,3.63,13.3,0.114,0.246,442.0,89.3,18.0,3.4,6.6,1.64,,7.0,63.3,,60.0,,12.9,1.14,48.6,16.0,25.9,9.45,35.3,0.73,0.29,18.7,15.8,0.43,1.99,11.39,0.14,10.2,0.22,0.0,5.48,1.29,1.55,6.61,10.01,0.42,1.29,14.2,,,,,,,,,,,,,,,,,,,,,,,,,,,,,
58,ZG,F,2,175.0,57.1,117.9,131.9,76.0,4.7,8.27,3.59,31.7,8.6,9.8,38.1,4.08,529.0,37.0,5.6,27.7,3.9,2.5,25.8,2.6,5.5,4.8,21.9,0.52,32.74,0.132,13.3,4.3,15.0,0.119,0.263,496.0,72.0,18.3,3.5,6.5,1.52,,13.0,74.2,,3.0,,0.0,1.23,49.5,16.4,25.0,9.07,34.1,0.69,0.18,19.1,15.8,0.49,1.9,12.09,0.22,11.0,0.22,0.0,4.88,1.88,1.41,5.78,10.03,0.41,1.32,13.3,,,,,,,,,,,,,,,,,,,,,,,,,,,,,
59,ZG,F,3,198.0,53.3,144.2,130.4,80.9,4.6,8.07,9.85,44.2,6.0,9.8,47.4,4.29,736.0,431.0,6.8,32.9,4.0,3.3,20.85,3.85,7.75,7.65,17.4,0.63,33.46,0.125,13.9,3.96,14.2,0.117,0.255,469.0,80.7,18.2,3.5,6.5,1.58,,10.0,68.8,,32.0,,6.5,1.19,49.1,16.2,25.4,9.26,34.7,0.71,0.23,18.9,15.8,0.46,1.95,11.74,0.18,10.6,0.22,0.0,5.18,1.58,1.48,6.2,10.02,0.41,1.31,13.8,,,,,,,,,,,,,,,,,,,,,,,,,,,,,
62,ZG,T,3,192.0,51.0,140.5,127.5,80.9,4.5,7.98,7.07,31.6,5.48,8.88,55.2,4.73,688.0,296.0,6.0,30.1,3.95,3.08,14.63,3.25,5.85,6.15,13.7,0.66,31.69,0.115,14.5,4.02,14.2,0.118,0.266,465.0,79.5,18.7,3.7,6.7,1.66,,15.0,75.2,,,,,1.08,49.3,16.0,26.4,8.34,34.8,0.71,0.25,19.0,16.2,0.42,1.71,11.72,0.19,10.8,0.25,0.0,4.65,1.32,1.64,5.39,10.34,0.41,1.33,14.4,,,,,,,,,,,,,,,,,,,,,,,,,,,,,
63,ZH,M,1,188.0,65.2,122.8,139.9,79.4,4.6,8.77,2.92,24.2,4.9,4.5,43.7,4.76,542.0,139.0,2.6,39.3,4.3,2.8,9.8,2.2,1.0,3.8,8.4,0.74,28.79,0.107,88.0,7.53,12.7,0.104,0.294,443.0,28.3,20.3,3.4,4.3,2.05,6.08,,79.3,108.0,,42.9,,1.08,45.9,16.8,32.8,4.49,37.3,0.81,0.21,17.5,15.8,0.27,1.03,11.11,0.35,12.6,0.26,0.0,3.59,0.31,0.96,3.22,13.73,0.48,1.78,16.8,4.2,0.89,3.1,0.11,0.68,9.5,0.76,306.0,0.18,3.82,1.68,691.0,753.0,0.04,0.05,2.96,2.38,5.64,2.3,7.75,11.22,0.13,0.58,16.38,15.95,0.04,2.67,3.97,9.48
64,ZH,M,2,164.0,40.1,123.9,123.2,73.3,4.1,8.53,0.0,11.7,4.5,2.8,89.3,4.75,654.0,219.0,2.3,0.0,4.9,3.6,9.7,2.6,3.7,4.5,12.0,0.3,31.86,0.126,15.1,3.07,11.3,0.114,0.291,461.0,90.3,17.7,4.0,6.1,2.23,7.04,17.0,86.7,172.0,,66.7,,1.0,47.5,17.4,30.1,5.11,35.2,0.74,0.13,18.0,16.7,0.32,1.25,11.04,0.26,12.4,0.27,0.0,4.43,0.15,0.84,4.13,11.29,0.47,1.87,16.4,4.0,0.88,2.7,0.1,0.43,6.9,0.3,526.0,0.4,32.63,1.87,629.0,590.0,0.25,0.04,1.97,0.65,1.98,0.89,4.37,5.3,0.06,1.31,8.57,6.88,0.14,1.31,1.44,4.84
65,ZH,M,3,176.0,52.7,123.4,131.6,76.4,4.3,8.65,1.46,17.9,4.7,3.65,66.5,4.75,598.0,179.0,2.45,19.6,4.6,3.2,9.75,2.4,2.35,4.15,10.2,0.52,30.32,0.117,51.5,5.3,12.0,0.109,0.292,452.0,59.3,19.0,3.7,5.2,2.14,6.56,17.0,83.0,140.0,,54.8,,1.04,46.7,17.1,31.4,4.8,36.3,0.78,0.17,17.8,16.3,0.3,1.14,11.07,0.3,12.5,0.27,0.0,4.01,0.23,0.9,3.68,12.51,0.47,1.83,16.6,4.1,0.89,2.9,0.11,0.56,8.2,0.53,416.0,0.29,18.23,1.78,660.0,672.0,0.14,0.05,2.46,1.51,3.81,1.59,6.06,8.26,0.1,0.95,12.47,11.41,0.09,1.99,2.71,7.16
66,ZH,F,1,178.0,65.5,112.5,145.1,79.0,4.5,8.77,2.74,10.8,3.5,4.8,57.3,4.86,545.0,151.0,2.0,37.7,4.0,3.0,10.6,2.2,1.2,4.0,5.9,0.81,34.73,0.104,68.3,7.73,16.5,0.107,0.285,481.0,29.7,17.0,4.3,5.4,2.05,,,70.4,,33.0,,7.7,1.27,,,,,,,,,,,,,,,,,,,,,,,,,,,,,,,,,,,,,,,,,,,,,,,,,,,,,
67,ZH,F,2,182.0,43.6,138.4,126.8,77.9,4.2,8.47,4.41,34.1,7.4,5.4,39.7,4.66,622.0,330.0,2.5,37.8,4.8,2.9,10.9,2.6,4.5,4.0,9.7,0.63,33.19,0.114,14.1,3.6,15.0,0.114,0.244,442.0,88.3,16.0,2.6,7.4,2.28,,3.0,93.3,,28.0,,13.8,1.0,49.3,19.2,24.2,6.94,31.1,0.63,0.43,22.4,17.3,0.46,1.55,7.11,0.45,13.8,0.36,0.0,4.63,2.29,0.5,4.15,11.0,0.55,1.82,10.8,,,,,,,,,,,,,,,,,,,,,,,,,,,,,
68,ZH,F,3,180.0,54.6,125.5,135.9,78.5,4.4,8.62,3.58,22.5,5.45,5.1,48.5,4.76,584.0,241.0,2.25,37.8,4.4,2.95,10.75,2.4,2.85,4.0,7.8,0.72,33.96,0.109,41.2,5.67,15.8,0.111,0.265,462.0,59.0,16.5,3.5,6.4,2.17,,3.0,81.9,,31.0,,10.8,1.14,49.3,19.2,24.2,6.94,31.1,0.63,0.43,22.4,17.3,0.46,1.55,7.11,0.45,13.8,0.36,0.0,4.63,2.29,0.5,4.15,11.0,0.55,1.82,10.8,,,,,,,,,,,,,,,,,,,,,,,,,,,,,
71,ZH,T,3,178.0,53.6,124.4,133.8,77.4,4.4,8.64,2.52,20.2,5.08,4.38,57.5,4.76,591.0,210.0,2.35,28.7,4.5,3.08,10.25,2.4,2.6,4.08,9.0,0.62,32.14,0.113,46.4,5.48,13.9,0.11,0.279,457.0,59.1,17.8,3.6,5.8,2.15,,10.0,82.4,,,,,1.09,48.0,18.2,27.8,5.87,33.7,0.7,0.3,20.1,16.8,0.38,1.35,9.09,0.38,13.2,0.31,0.0,4.32,1.26,0.7,3.91,11.76,0.51,1.82,13.7,,,,,,,,,,,,,,,,,,,,,,,,,,,,,
72,ZI,M,1,157.0,44.2,112.8,117.8,63.0,4.6,9.1,1.45,5.1,2.7,3.4,81.6,5.66,465.0,118.0,4.0,32.2,3.1,2.4,4.3,1.6,0.2,3.2,15.4,0.97,27.92,0.113,15.4,3.93,13.0,0.109,0.365,545.0,107.0,16.3,3.8,6.4,2.01,7.57,47.0,93.1,115.0,,48.1,,1.01,47.5,17.4,30.2,4.93,35.1,0.74,0.17,18.1,16.9,0.29,1.21,10.83,0.26,12.6,0.26,0.0,4.25,0.16,0.85,3.92,11.44,0.46,1.87,16.4,3.3,0.88,2.3,0.1,0.45,7.3,0.34,489.0,0.18,9.36,1.61,552.0,663.0,0.03,0.15,0.78,0.48,0.5,0.34,1.94,9.81,0.07,0.29,3.25,10.78,0.09,0.63,0.42,5.87
73,ZI,M,2,177.0,40.5,136.5,117.2,77.8,4.4,8.57,5.52,24.1,6.2,5.3,86.5,5.92,850.0,219.0,6.4,57.9,5.0,3.5,11.7,2.0,3.4,4.3,11.9,0.73,35.54,0.125,14.5,3.53,15.2,0.095,0.294,475.0,97.3,18.0,3.9,6.0,2.33,7.51,34.0,83.3,70.0,,29.2,,1.03,46.6,17.1,28.4,7.96,36.3,0.78,0.2,17.3,15.7,0.45,1.58,11.31,0.21,11.1,0.26,0.0,5.53,1.92,0.82,5.22,10.54,0.48,1.58,15.8,2.9,0.84,1.9,0.11,0.43,6.1,0.2,611.0,0.15,0.0,1.02,623.0,767.0,0.16,0.41,1.62,0.83,0.72,0.2,6.85,4.89,0.07,0.79,9.35,6.33,0.29,1.22,0.46,5.87
74,ZI,M,3,167.0,42.4,124.7,117.5,70.4,4.5,8.84,3.48,14.6,4.45,4.35,84.0,5.79,658.0,169.0,5.2,45.1,4.05,2.95,8.0,1.8,1.8,3.75,13.7,0.85,31.73,0.119,15.0,3.73,14.1,0.102,0.33,510.0,102.2,17.2,3.9,6.2,2.17,7.54,41.0,88.2,93.0,,38.6,,1.02,47.1,17.3,29.3,6.45,35.7,0.76,0.19,17.7,16.3,0.37,1.4,11.07,0.24,11.8,0.26,0.0,4.89,1.04,0.83,4.57,10.99,0.47,1.73,16.1,3.1,0.86,2.1,0.11,0.44,6.7,0.27,550.0,0.17,4.68,1.32,588.0,715.0,0.1,0.28,1.2,0.66,0.61,0.27,4.39,7.35,0.07,0.54,6.3,8.55,0.19,0.93,0.44,5.87
75,ZI,F,1,158.0,47.7,110.3,120.7,66.0,4.3,8.93,3.01,10.1,3.2,4.0,52.2,5.96,536.0,114.0,4.4,32.2,3.3,2.5,6.6,1.9,2.3,3.2,23.9,0.4,38.33,0.126,15.8,4.4,14.4,0.108,0.342,564.0,89.0,16.7,3.0,8.6,2.36,,47.0,90.3,,27.0,,6.5,1.16,53.4,18.5,19.0,9.13,28.1,0.53,0.3,23.4,21.1,0.62,1.53,6.42,0.13,9.4,0.27,2.57,6.1,2.3,0.52,6.31,5.35,0.48,1.91,11.2,,,,,,,,,,,,,,,,,,,,,,,,,,,,,
76,ZI,F,2,168.0,48.4,119.6,123.3,76.6,4.2,8.17,6.46,28.0,6.6,6.8,57.3,4.63,692.0,170.0,3.3,50.1,4.7,3.4,9.7,2.3,2.2,4.3,12.4,0.7,32.83,0.123,13.7,3.43,12.8,0.099,0.253,444.0,98.3,17.7,4.2,6.0,2.03,,37.0,86.7,,79.0,,23.3,1.09,47.1,16.6,26.1,10.09,36.2,0.77,0.22,16.1,15.2,0.5,1.69,13.4,0.27,10.3,0.49,0.0,5.54,3.56,1.17,5.36,9.04,0.44,1.68,15.0,,,,,,,,,,,,,,,,,,,,,,,,,,,,,
77,ZI,F,3,163.0,48.1,115.0,122.0,71.3,4.3,8.55,4.74,19.1,4.9,5.4,54.8,5.29,614.0,142.0,3.85,41.2,4.0,2.95,8.15,2.1,2.25,3.75,18.1,0.55,35.58,0.124,14.8,3.92,13.6,0.104,0.298,504.0,93.7,17.2,3.6,7.3,2.19,,42.0,88.5,,53.0,,14.9,1.13,50.3,17.6,22.6,9.61,32.2,0.65,0.26,19.8,18.2,0.56,1.61,9.91,0.2,9.9,0.38,1.28,5.82,2.93,0.84,5.83,7.19,0.46,1.79,13.1,,,,,,,,,,,,,,,,,,,,,,,,,,,,,
80,ZI,T,3,165.0,45.2,119.8,119.8,70.9,4.4,8.69,4.11,16.8,4.68,4.88,69.4,5.54,636.0,155.0,4.53,43.1,4.03,2.95,8.08,1.95,2.02,3.75,15.9,0.7,33.66,0.122,14.9,3.82,13.9,0.103,0.314,507.0,97.9,17.2,3.7,6.8,2.18,,41.0,88.4,,,,,1.07,48.7,17.4,25.9,8.03,33.9,0.71,0.22,18.7,17.2,0.47,1.5,10.49,0.22,10.9,0.32,0.64,5.36,1.99,0.84,5.2,9.09,0.47,1.76,14.6,,,,,,,,,,,,,,,,,,,,,,,,,,,,,
81,ZJ,M,1,157.0,48.0,109.0,131.8,63.3,4.4,7.33,7.08,17.1,4.7,7.2,86.8,4.88,694.0,144.0,5.4,39.1,5.0,3.5,6.9,2.8,1.6,3.9,11.0,0.49,28.91,0.123,18.4,3.47,14.5,0.101,0.217,378.0,70.3,18.3,2.9,6.7,1.99,5.51,17.0,87.1,84.0,,25.8,,1.26,47.8,17.1,31.0,4.11,35.1,0.73,0.17,18.9,17.7,0.3,1.02,9.71,0.28,13.0,0.56,0.0,3.22,0.29,1.08,2.74,12.12,0.63,1.86,16.4,4.5,1.27,3.3,0.08,0.65,8.0,0.2,479.0,0.22,3.63,0.79,528.0,466.0,0.16,0.07,1.17,0.88,1.04,0.36,4.7,4.57,0.03,0.29,7.07,5.88,0.12,1.03,0.7,4.63
82,ZJ,M,2,160.0,50.5,109.5,135.0,62.6,4.4,8.2,2.57,8.0,2.6,4.6,51.8,5.66,569.0,96.0,4.0,30.2,3.2,2.4,4.9,1.8,2.8,3.2,11.5,0.85,33.86,0.122,14.1,3.37,14.0,0.128,0.266,445.0,83.0,16.0,3.3,5.8,2.34,7.22,19.0,92.9,143.0,,60.0,,1.12,48.3,19.2,24.4,7.91,32.3,0.67,0.28,18.7,17.4,0.46,1.81,9.6,0.27,11.0,0.35,1.45,6.14,1.27,1.06,5.58,9.17,0.5,1.64,13.1,3.0,0.82,2.4,0.12,0.41,6.7,0.08,660.0,0.24,10.02,1.22,386.0,411.0,0.04,0.02,2.3,0.36,0.32,1.98,7.01,3.08,0.06,1.94,9.67,5.45,0.03,1.33,1.15,5.05
83,ZJ,M,3,159.0,49.3,109.3,133.4,63.0,4.4,7.76,4.83,12.6,3.65,5.9,69.3,5.27,632.0,120.0,4.7,34.6,4.1,2.95,5.9,2.3,2.2,3.55,11.3,0.67,31.39,0.122,16.3,3.42,14.3,0.115,0.242,412.0,76.7,17.2,3.1,6.3,2.17,6.37,18.0,90.0,114.0,,42.9,,1.19,48.0,18.2,27.7,6.01,33.7,0.7,0.23,18.8,17.6,0.38,1.42,9.66,0.28,12.0,0.46,0.72,4.68,0.78,1.07,4.16,10.64,0.57,1.75,14.8,3.8,1.04,2.9,0.1,0.53,7.4,0.14,570.0,0.23,6.83,1.01,457.0,439.0,0.1,0.05,1.73,0.62,0.68,1.17,5.86,3.83,0.04,1.11,8.37,5.67,0.07,1.18,0.92,4.84
84,ZJ,F,1,169.0,49.1,119.9,129.4,67.9,4.4,7.57,5.8,19.3,5.4,5.5,65.3,4.73,484.0,154.0,4.0,36.9,4.2,3.2,9.5,2.7,0.6,3.9,9.2,0.51,31.38,0.11,17.3,3.53,15.2,0.11,0.219,396.0,68.7,15.7,3.8,6.8,2.07,,14.0,93.3,,36.0,,6.9,1.0,46.7,18.4,26.0,8.89,34.9,0.75,0.31,17.8,16.0,0.42,1.91,10.22,0.35,10.9,0.32,0.0,6.86,1.18,0.67,7.05,9.04,0.47,1.76,14.7,,,,,,,,,,,,,,,,,,,,,,,,,,,,,
85,ZJ,F,2,186.0,56.6,129.4,138.9,71.8,4.2,8.03,2.74,21.2,7.7,12.2,44.0,4.28,420.0,126.0,6.3,37.3,4.4,2.5,6.6,2.9,7.4,5.2,9.8,0.93,31.86,0.131,13.8,3.5,12.0,0.104,0.208,432.0,82.0,17.3,3.3,6.4,1.88,,17.0,86.7,,35.0,,16.7,1.04,52.9,16.3,23.6,7.08,30.7,0.58,0.21,21.3,18.6,0.32,2.04,10.46,0.19,10.5,0.22,0.0,5.4,0.88,0.8,5.4,8.03,0.39,1.68,13.6,,,,,,,,,,,,,,,,,,,,,,,,,,,,,
86,ZJ,F,3,178.0,52.9,124.7,134.2,69.9,4.3,7.8,4.27,20.3,6.55,8.85,54.6,4.51,452.0,140.0,5.15,37.1,4.3,2.85,8.05,2.8,4.0,4.55,9.5,0.72,31.62,0.121,15.6,3.52,13.6,0.107,0.213,414.0,75.4,16.5,3.5,6.6,1.97,,16.0,90.0,,36.0,,11.8,1.02,49.8,17.4,24.8,7.99,32.8,0.67,0.26,19.6,17.3,0.37,1.98,10.34,0.27,10.7,0.27,0.0,6.13,1.03,0.74,6.23,8.54,0.43,1.72,14.2,,,,,,,,,,,,,,,,,,,,,,,,,,,,,
89,ZJ,T,3,168.0,51.1,117.0,133.8,66.4,4.4,7.78,4.55,16.4,5.1,7.38,62.0,4.89,542.0,130.0,4.93,35.9,4.2,2.9,6.98,2.55,3.1,4.05,10.4,0.7,31.5,0.122,15.9,3.47,13.9,0.111,0.228,413.0,76.0,16.8,3.3,6.4,2.07,,17.0,90.0,,,,,1.11,48.9,17.8,26.3,7.0,33.3,0.68,0.24,19.2,17.4,0.38,1.7,10.0,0.27,11.4,0.36,0.36,5.41,0.91,0.9,5.19,9.59,0.5,1.74,14.5,,,,,,,,,,,,,,,,,,,,,,,,,,,,,
90,ZK,M,1,180.0,45.7,134.3,123.0,70.7,4.5,8.8,2.69,12.1,4.7,5.0,51.1,5.12,440.0,170.0,1.1,25.1,4.4,2.9,7.6,1.7,3.8,3.8,8.3,1.02,29.25,0.124,15.6,3.87,14.2,0.127,0.265,491.0,102.7,17.3,4.1,7.0,2.26,6.33,7.0,86.2,194.0,,56.5,,1.2,45.9,18.4,29.9,5.81,35.7,0.78,0.34,22.5,12.7,0.38,1.36,8.66,0.26,13.5,0.43,0.0,4.25,0.27,1.22,4.32,14.45,0.47,1.22,13.7,3.8,0.79,2.8,0.1,0.39,7.4,0.28,487.0,0.18,0.0,2.2,551.0,573.0,0.03,0.1,2.42,0.95,2.08,1.11,4.78,8.12,0.06,1.47,9.31,10.28,0.07,1.69,1.59,6.45
91,ZK,M,2,177.0,44.1,132.9,131.1,78.5,4.6,8.57,2.87,16.0,6.0,6.7,51.0,3.99,493.0,169.0,4.0,32.2,6.7,4.7,11.7,2.8,4.2,6.5,7.6,0.48,22.55,0.107,15.5,3.57,14.0,0.116,0.312,494.0,99.0,17.3,4.1,7.3,2.08,7.8,23.0,90.0,189.0,,62.5,,1.25,48.5,18.3,24.5,8.76,33.3,0.69,0.18,17.8,17.0,0.44,1.79,11.27,0.16,10.7,0.27,1.69,5.47,1.94,1.15,5.67,9.62,0.41,1.43,13.1,3.4,0.82,2.6,0.12,0.48,6.9,0.23,630.0,0.13,0.0,1.67,610.0,652.0,0.16,0.04,3.21,1.86,6.43,2.89,14.84,10.56,0.08,1.35,24.64,15.35,0.1,2.54,4.66,12.7
92,ZK,M,3,179.0,44.9,133.6,127.0,74.6,4.5,8.69,2.78,14.1,5.35,5.85,51.1,4.56,467.0,170.0,2.55,28.7,5.55,3.8,9.65,2.25,4.0,5.15,8.0,0.75,25.9,0.116,15.6,3.72,14.1,0.122,0.289,493.0,100.9,17.3,4.1,7.2,2.17,7.07,15.0,88.1,192.0,,59.5,,1.23,47.2,18.4,27.2,7.29,34.5,0.73,0.26,20.2,14.8,0.41,1.58,9.96,0.21,12.1,0.35,0.84,4.86,1.1,1.19,5.0,12.04,0.44,1.32,13.4,3.6,0.81,2.7,0.11,0.43,7.2,0.26,559.0,0.15,0.0,1.94,581.0,613.0,0.1,0.07,2.81,1.41,4.25,2.0,9.81,9.34,0.07,1.41,16.98,12.81,0.09,2.12,3.13,9.57
93,ZK,F,1,183.0,47.0,136.0,120.9,78.2,4.3,8.17,5.15,28.0,5.6,7.2,43.8,3.91,454.0,192.0,2.4,28.4,3.8,3.4,13.3,2.8,4.7,3.6,8.1,0.6,30.61,0.125,14.6,3.6,12.6,0.116,0.223,469.0,97.0,16.0,3.4,7.4,1.56,,7.0,86.7,,28.0,,13.8,1.25,49.4,17.0,29.3,4.38,33.6,0.68,0.21,21.8,18.0,0.42,1.52,7.4,0.28,12.7,0.31,0.33,3.4,0.16,0.9,3.31,12.82,0.4,1.38,14.7,,,,,,,,,,,,,,,,,,,,,,,,,,,,,
94,ZK,F,2,195.0,48.2,146.8,137.5,79.3,4.5,8.57,3.8,37.6,8.7,7.6,54.1,3.97,611.0,339.0,4.0,64.1,5.6,4.0,24.0,2.4,5.4,5.1,15.4,0.51,33.74,0.122,15.0,3.77,13.6,0.104,0.244,467.0,98.0,15.3,3.4,6.4,1.66,,20.0,83.3,,16.0,,3.4,1.05,46.8,18.7,29.0,5.52,34.5,0.74,0.23,17.8,16.4,0.42,1.6,10.38,0.17,11.1,0.27,2.41,4.75,1.62,1.0,2.9,10.77,0.42,1.44,16.4,,,,,,,,,,,,,,,,,,,,,,,,,,,,,
95,ZK,F,3,189.0,47.6,141.4,129.2,78.8,4.4,8.37,4.48,32.8,7.15,7.4,49.0,3.94,533.0,266.0,3.2,46.3,4.7,3.7,18.65,2.6,5.05,4.35,11.8,0.56,32.18,0.123,14.8,3.69,13.1,0.11,0.234,468.0,97.5,15.7,3.4,6.9,1.61,,14.0,85.0,,22.0,,8.6,1.15,48.1,17.9,29.2,4.95,34.1,0.71,0.22,19.8,17.2,0.42,1.56,8.89,0.23,11.9,0.29,1.37,4.08,0.89,0.95,3.1,11.79,0.41,1.41,15.5,,,,,,,,,,,,,,,,,,,,,,,,,,,,,
98,ZK,T,3,184.0,46.3,137.5,128.1,76.7,4.5,8.53,3.63,23.4,6.25,6.63,50.0,4.25,500.0,218.0,2.88,37.5,5.13,3.75,14.15,2.43,4.53,4.75,9.8,0.65,29.04,0.12,15.2,3.7,13.6,0.116,0.261,480.0,99.2,16.5,3.8,7.0,1.89,,14.0,86.6,,,,,1.19,47.7,18.1,28.2,6.12,34.3,0.72,0.24,20.0,16.0,0.42,1.57,9.43,0.22,12.0,0.32,1.11,4.47,1.0,1.07,4.05,11.92,0.43,1.37,14.5,,,,,,,,,,,,,,,,,,,,,,,,,,,,,
99,ZL,M,1,198.0,43.8,154.2,109.9,81.8,4.6,8.13,3.42,15.3,3.9,4.9,53.0,5.11,492.0,130.0,2.3,23.8,3.7,2.6,9.8,2.9,3.2,3.5,12.0,0.41,32.28,0.107,16.2,3.33,15.6,0.132,0.41,519.0,89.7,18.7,4.9,6.0,2.26,6.9,13.0,73.3,144.0,,66.7,,1.19,,,,,,,,,,,,,,,,,,,,,,,,,3.0,0.86,2.4,0.1,0.48,7.8,0.17,578.0,0.16,13.49,1.6,561.0,636.0,0.06,0.04,1.49,1.42,0.57,0.17,7.25,6.86,0.07,0.06,9.36,8.49,0.05,1.46,0.37,7.05
100,ZL,M,2,190.0,41.4,148.6,123.6,73.6,4.3,8.17,3.02,12.8,3.5,3.5,57.4,6.14,421.0,28.0,3.2,24.5,3.1,2.2,2.7,2.6,0.9,3.2,10.5,0.56,30.9,0.105,13.8,3.87,14.9,0.116,0.283,460.0,82.7,17.7,4.5,9.0,1.64,6.46,13.0,90.0,186.0,,58.3,,1.01,50.3,,30.0,4.14,34.1,0.68,0.15,19.0,17.8,0.25,0.85,12.24,0.22,12.4,,0.0,2.65,0.34,1.25,2.54,12.01,0.45,1.58,15.9,3.5,0.8,2.6,0.14,0.49,6.6,0.23,483.0,0.19,9.21,1.92,558.0,603.0,0.03,0.04,0.96,0.96,0.54,0.16,4.54,4.09,0.07,0.0,6.07,5.24,0.03,0.96,0.35,4.31
101,ZL,M,3,194.0,42.6,151.4,116.8,77.7,4.5,8.15,3.22,14.1,3.7,4.2,55.2,5.63,457.0,79.0,2.75,24.2,3.4,2.4,6.25,2.75,2.05,3.35,11.3,0.49,31.59,0.106,15.0,3.6,15.3,0.124,0.346,490.0,86.2,18.2,4.7,7.5,1.95,6.68,13.0,81.7,165.0,,62.5,,1.1,50.3,,30.0,4.14,34.1,0.68,0.15,19.0,17.8,0.25,0.85,12.24,0.22,12.4,,0.0,2.65,0.34,1.25,2.54,12.01,0.45,1.58,15.9,3.3,0.83,2.5,0.12,0.48,7.2,0.2,531.0,0.18,11.35,1.76,560.0,620.0,0.04,0.04,1.23,1.19,0.56,0.17,5.9,5.48,0.07,0.03,7.71,6.87,0.04,1.21,0.36,5.68
102,ZL,F,1,186.0,44.1,141.9,126.6,77.9,4.4,8.5,2.48,14.2,5.0,4.6,36.9,3.75,332.0,305.0,0.0,27.5,4.6,2.9,10.2,2.9,3.3,4.4,18.1,0.75,32.79,0.101,15.1,3.57,9.8,0.107,0.296,490.0,89.3,17.0,3.3,6.9,2.09,,17.0,76.7,,3.0,,0.0,1.19,,,,,,,,,,,,,,,,,,,,,,,,,,,,,,,,,,,,,,,,,,,,,,,,,,,,,
103,ZL,F,2,178.0,47.4,130.6,126.3,75.9,4.5,8.33,6.38,40.6,9.1,4.8,69.6,4.54,683.0,281.0,4.3,53.1,5.2,3.5,11.0,3.7,2.5,4.5,13.0,1.1,31.32,0.117,14.5,3.83,14.2,0.12,0.247,492.0,93.7,16.0,4.5,9.0,2.04,,10.0,86.2,,14.0,,11.5,1.11,59.1,,20.5,7.6,28.1,0.48,0.2,27.3,21.9,0.46,2.5,6.7,0.2,7.9,,0.0,4.74,2.6,1.02,3.99,7.51,1.52,1.82,9.7,,,,,,,,,,,,,,,,,,,,,,,,,,,,,
104,ZL,F,3,182.0,45.8,136.3,126.5,76.9,4.5,8.42,4.43,27.4,7.05,4.7,53.3,4.15,508.0,293.0,2.15,40.3,4.9,3.2,10.6,3.3,2.9,4.45,15.6,0.93,32.05,0.109,14.8,3.7,12.0,0.114,0.272,491.0,91.5,16.5,3.9,8.0,2.06,,14.0,81.5,,9.0,,5.8,1.15,59.1,,20.5,7.6,28.1,0.48,0.2,27.3,21.9,0.46,2.5,6.7,0.2,7.9,,0.0,4.74,2.6,1.02,3.99,7.51,1.52,1.82,9.7,,,,,,,,,,,,,,,,,,,,,,,,,,,,,
107,ZL,T,3,188.0,44.2,143.8,121.6,77.3,4.5,8.28,3.83,20.7,5.38,4.45,54.2,4.89,482.0,186.0,2.45,32.2,4.15,2.8,8.43,3.03,2.48,3.9,13.4,0.71,31.82,0.108,14.9,3.65,13.6,0.119,0.309,490.0,88.9,17.4,4.3,7.7,2.01,,13.0,81.6,,,,,1.13,54.7,,25.3,5.87,31.1,0.58,0.18,23.2,19.9,0.36,1.68,9.47,0.21,10.2,,0.0,3.7,1.47,1.14,3.27,9.76,0.98,1.7,12.8,,,,,,,,,,,,,,,,,,,,,,,,,,,,,
108,ZM,M,1,165.0,44.8,120.2,130.6,72.0,4.6,8.07,2.73,7.8,3.5,4.7,56.9,5.98,562.0,121.0,3.0,26.2,3.6,2.6,5.9,2.0,1.5,3.4,9.3,0.43,32.58,0.107,22.7,4.2,13.2,0.095,0.292,516.0,74.7,16.7,3.8,5.3,1.72,5.81,14.0,83.3,135.0,,61.5,,1.14,47.9,16.4,30.4,5.24,35.6,0.74,0.19,18.0,17.3,0.22,1.05,11.22,0.23,12.2,0.26,0.0,3.77,1.07,0.87,3.29,11.56,0.48,1.75,16.6,3.0,0.68,1.9,0.1,0.51,6.1,0.63,246.0,0.15,0.0,0.99,530.0,482.0,0.05,0.18,1.09,0.88,0.46,0.49,1.93,4.62,0.04,0.21,3.53,6.18,0.12,0.98,0.47,3.28
109,ZM,M,2,169.0,53.6,115.4,123.1,75.3,4.3,8.27,4.58,23.3,5.9,4.2,67.9,4.93,714.0,217.0,4.6,49.4,5.2,3.7,8.0,2.3,3.7,4.3,9.6,1.24,32.11,0.113,14.6,3.43,13.2,0.11,0.285,466.0,94.7,16.3,4.1,6.9,2.24,6.85,10.0,83.9,62.0,,34.8,,1.15,47.9,18.3,26.6,6.9,33.5,0.7,0.27,19.2,17.5,0.59,1.82,8.54,0.3,12.4,0.5,0.0,5.11,0.73,0.73,5.45,10.89,0.55,1.81,13.3,3.6,0.81,2.4,0.13,0.55,6.2,0.17,407.0,0.21,0.0,1.81,663.0,623.0,0.22,0.8,1.13,3.99,0.39,5.23,6.24,24.64,0.05,0.0,7.98,34.66,0.51,2.56,2.81,15.44
110,ZM,M,3,167.0,49.2,117.8,126.8,73.7,4.5,8.17,3.66,15.6,4.7,4.45,62.4,5.46,638.0,169.0,3.8,37.8,4.4,3.15,6.95,2.15,2.6,3.85,9.5,0.83,32.34,0.11,18.6,3.82,13.2,0.103,0.288,491.0,84.7,16.5,3.9,6.1,1.98,6.33,12.0,83.6,99.0,,48.1,,1.15,47.9,17.4,28.5,6.07,34.6,0.72,0.23,18.6,17.4,0.4,1.44,9.88,0.27,12.3,0.38,0.0,4.44,0.9,0.8,4.37,11.23,0.52,1.78,15.0,3.3,0.75,2.1,0.12,0.53,6.2,0.4,327.0,0.18,0.0,1.4,597.0,553.0,0.14,0.49,1.11,2.44,0.43,2.86,4.08,14.63,0.05,0.1,5.75,20.42,0.32,1.77,1.64,9.36
111,ZM,F,1,161.0,49.1,111.9,139.0,68.9,4.5,7.8,3.55,16.0,3.7,3.5,37.9,5.17,379.0,107.0,1.7,32.0,3.3,2.3,1.9,1.7,0.9,3.2,12.9,0.93,33.13,0.135,16.6,4.27,13.3,0.104,0.257,469.0,87.3,18.0,3.2,5.0,1.52,,17.0,79.3,,6.0,,7.1,1.04,50.2,14.4,31.7,3.79,35.5,0.71,0.16,17.7,16.9,0.32,0.86,14.21,0.2,11.4,0.37,0.0,2.37,0.29,0.94,2.56,11.44,0.48,1.66,18.1,,,,,,,,,,,,,,,,,,,,,,,,,,,,,
112,ZM,F,2,170.0,47.2,122.8,126.5,68.7,4.4,8.13,4.5,39.9,18.1,8.9,65.4,4.28,936.0,310.0,7.8,99.1,8.6,6.8,37.0,7.1,3.1,7.8,8.6,1.35,30.67,0.099,14.2,3.53,13.3,0.105,0.249,432.0,105.7,16.7,3.6,7.1,1.42,,17.0,82.8,,21.0,,7.1,1.08,46.5,19.0,27.5,7.08,34.5,0.74,0.23,17.7,17.4,0.41,1.54,9.21,0.2,12.1,0.4,1.28,4.98,1.2,0.81,5.06,11.11,0.52,1.97,13.9,,,,,,,,,,,,,,,,,,,,,,,,,,,,,
113,ZM,F,3,166.0,48.2,117.4,132.8,68.8,4.5,7.97,4.03,27.9,10.9,6.2,51.7,4.73,658.0,209.0,4.75,65.5,5.95,4.55,19.45,4.4,2.0,5.5,10.8,1.14,31.9,0.117,15.4,3.9,13.3,0.104,0.253,451.0,96.5,17.4,3.4,6.0,1.47,,17.0,81.0,,14.0,,7.1,1.06,48.4,16.7,29.6,5.44,35.0,0.72,0.2,17.7,17.1,0.36,1.2,11.71,0.2,11.8,0.39,0.64,3.68,0.74,0.88,3.81,11.28,0.5,1.81,16.0,,,,,,,,,,,,,,,,,,,,,,,,,,,,,
116,ZM,T,3,166.0,48.7,117.6,129.8,71.2,4.5,8.07,3.84,21.8,7.8,5.33,57.0,5.09,648.0,189.0,4.28,51.7,5.18,3.85,13.2,3.27,2.3,4.67,10.1,0.99,32.12,0.114,17.0,3.86,13.3,0.104,0.271,471.0,90.6,16.9,3.7,6.1,1.73,,15.0,82.3,,,,,1.1,48.1,17.0,29.1,5.75,34.8,0.72,0.21,18.2,17.3,0.39,1.32,10.8,0.23,12.0,0.38,0.32,4.06,0.82,0.84,4.09,11.25,0.51,1.8,15.5,,,,,,,,,,,,,,,,,,,,,,,,,,,,,
117,ZN,M,1,175.0,44.8,130.2,117.0,75.6,4.5,8.17,3.79,16.4,5.2,6.5,63.9,4.66,704.0,339.0,3.0,31.8,4.1,3.6,11.7,2.0,6.1,4.4,,0.87,29.97,0.122,14.6,3.63,13.3,0.122,0.275,453.0,95.7,17.3,3.6,6.1,1.56,6.6,27.0,83.3,98.0,,46.4,,1.05,50.0,18.1,23.3,8.61,31.9,0.64,0.43,19.6,17.6,1.44,1.57,9.35,0.24,12.1,0.33,0.0,5.44,2.77,0.91,4.92,10.17,0.43,1.34,11.4,2.8,0.73,2.1,0.11,0.42,7.0,0.13,737.0,0.19,6.14,1.2,538.0,574.0,0.05,0.03,3.35,1.64,1.16,0.56,9.4,4.66,0.07,1.71,13.97,6.9,0.04,2.5,0.86,7.03
118,ZN,M,2,174.0,45.9,128.1,137.5,77.0,4.3,8.17,2.09,12.9,3.6,4.4,37.7,5.19,395.0,106.0,0.0,21.1,2.6,2.8,1.6,1.8,2.3,3.3,8.3,0.34,29.25,0.104,16.2,4.77,13.8,0.116,0.284,492.0,69.7,18.3,3.7,5.8,1.95,6.1,27.0,90.0,147.0,,60.7,,1.25,48.8,16.3,29.1,5.47,34.6,0.71,0.34,19.6,17.5,0.39,0.27,10.68,0.35,11.8,0.41,0.0,3.75,0.73,1.0,3.74,11.4,0.54,1.56,15.6,3.1,1.05,2.9,0.08,0.53,5.6,0.27,533.0,0.1,0.0,0.72,384.0,435.0,0.23,0.03,3.1,1.09,17.29,17.91,22.64,6.04,0.11,2.01,43.26,25.07,0.13,2.1,17.6,14.34
119,ZN,M,3,175.0,45.4,129.2,127.3,76.3,4.4,8.17,2.94,14.7,4.4,5.45,50.8,4.93,550.0,223.0,1.5,26.5,3.35,3.2,6.65,1.9,4.2,3.85,8.3,0.6,29.61,0.113,15.4,4.2,13.6,0.119,0.28,473.0,82.7,17.8,3.7,6.0,1.76,6.35,27.0,86.7,123.0,,53.6,,1.15,49.4,17.2,26.2,7.04,33.3,0.68,0.39,19.6,17.6,0.92,0.92,10.02,0.29,12.0,0.37,0.0,4.6,1.75,0.96,4.33,10.79,0.49,1.45,13.5,3.0,0.89,2.5,0.1,0.48,6.3,0.2,635.0,0.15,3.07,0.96,461.0,505.0,0.14,0.03,3.23,1.36,9.22,9.23,16.02,5.35,0.09,1.86,28.61,15.99,0.09,2.3,9.23,10.69
120,ZN,F,1,188.0,45.5,142.5,128.6,80.4,4.5,8.53,3.03,24.7,5.7,5.3,41.7,4.24,485.0,167.0,2.9,29.6,3.9,3.2,10.9,2.6,3.3,4.2,,0.58,31.86,0.107,15.0,3.87,12.6,0.101,0.253,479.0,105.7,16.0,3.4,7.3,1.68,,21.0,83.3,,5.0,,6.7,1.1,51.8,16.6,24.1,7.46,31.6,0.61,0.24,21.0,18.5,0.42,1.53,10.12,0.2,12.2,0.23,0.0,3.93,2.29,0.81,4.37,10.1,0.37,1.37,12.3,,,,,,,,,,,,,,,,,,,,,,,,,,,,,
121,ZN,F,2,194.0,40.9,153.1,138.6,76.7,4.4,8.37,3.31,29.4,5.4,5.1,37.1,4.45,385.0,129.0,3.9,30.3,3.2,3.1,1.8,2.4,3.4,3.6,16.4,0.71,33.56,0.114,14.2,4.4,12.7,0.121,0.269,512.0,65.3,16.0,2.9,6.9,1.63,,23.0,90.0,,27.0,,10.3,1.21,51.2,19.4,24.3,5.14,29.4,0.57,0.3,20.9,19.2,0.35,1.96,8.5,0.17,9.2,0.36,4.96,4.69,0.32,0.9,3.91,8.29,0.67,1.44,13.9,,,,,,,,,,,,,,,,,,,,,,,,,,,,,
122,ZN,F,3,191.0,43.2,147.8,133.6,78.6,4.5,8.45,3.17,27.1,5.55,5.2,39.4,4.35,435.0,148.0,3.4,30.0,3.55,3.15,6.35,2.5,3.35,3.9,16.4,0.65,32.71,0.111,14.6,4.14,12.7,0.111,0.261,496.0,85.5,16.0,3.1,7.1,1.66,,22.0,86.7,,16.0,,8.5,1.16,51.5,18.0,24.2,6.3,30.5,0.59,0.27,20.9,18.9,0.39,1.75,9.31,0.19,10.7,0.29,2.48,4.31,1.3,0.86,4.14,9.2,0.52,1.41,13.1,,,,,,,,,,,,,,,,,,,,,,,,,,,,,
125,ZN,T,3,183.0,44.3,138.5,130.4,77.4,4.4,8.31,3.06,20.9,4.98,5.33,45.1,4.64,492.0,185.0,2.45,28.2,3.45,3.18,6.5,2.2,3.78,3.88,12.3,0.63,31.16,0.112,15.0,4.17,13.1,0.115,0.27,484.0,84.1,16.9,3.4,6.5,1.71,,25.0,86.7,,,,,1.15,50.5,17.6,25.2,6.67,31.9,0.63,0.33,20.3,18.2,0.65,1.33,9.66,0.24,11.3,0.33,1.24,4.45,1.53,0.91,4.24,9.99,0.5,1.43,13.3,,,,,,,,,,,,,,,,,,,,,,,,,,,,,
126,ZO,M,1,196.0,49.4,146.6,125.8,76.2,4.4,8.17,3.55,21.4,4.8,6.0,48.4,4.86,591.0,141.0,3.1,28.0,3.4,2.6,10.3,2.8,4.0,3.7,10.5,1.5,27.12,0.11,14.6,3.57,13.0,0.104,0.282,463.0,92.0,18.0,4.3,7.1,1.65,6.8,20.0,73.3,152.0,,52.0,,1.07,46.6,18.6,25.6,9.22,34.9,0.75,0.27,19.8,16.4,0.38,2.15,7.66,0.18,11.7,0.26,0.0,6.45,1.41,0.6,7.21,11.27,0.38,1.48,12.5,3.5,0.92,2.8,0.07,0.44,7.2,0.45,452.0,0.11,4.58,2.25,627.0,583.0,1.35,0.04,3.74,1.49,4.71,0.29,16.83,4.75,0.09,2.25,26.62,6.56,0.69,2.61,2.5,10.79
127,ZO,M,2,154.0,50.8,103.2,119.6,65.8,4.2,8.07,1.8,10.9,4.4,3.7,36.7,4.28,280.0,232.0,1.3,26.1,4.4,2.5,4.8,2.1,1.3,4.0,9.8,0.87,26.43,0.107,17.1,3.33,15.1,0.116,0.297,488.0,71.3,17.7,4.0,6.8,1.8,7.76,10.0,60.0,158.0,,64.0,,1.24,47.9,16.9,27.7,7.48,35.2,0.73,0.12,18.7,17.3,0.46,2.21,9.19,0.13,11.2,0.27,0.0,5.23,0.73,1.21,5.54,11.01,0.51,2.48,13.7,3.9,0.78,3.1,0.14,0.41,6.1,0.32,459.0,0.12,1.13,2.14,518.0,503.0,0.05,0.03,3.17,0.53,0.53,0.13,8.34,2.83,0.08,2.64,12.09,3.52,0.04,1.85,0.33,5.59
128,ZO,M,3,175.0,50.1,124.9,122.7,71.0,4.3,8.12,2.67,16.1,4.6,4.85,42.6,4.57,436.0,187.0,2.2,27.1,3.9,2.55,7.55,2.45,2.65,3.85,10.2,1.19,26.78,0.108,15.9,3.45,14.1,0.11,0.289,476.0,81.7,17.9,4.2,7.0,1.73,7.28,15.0,66.7,155.0,,58.0,,1.16,47.3,17.8,26.7,8.35,35.1,0.74,0.2,19.3,16.9,0.42,2.18,8.43,0.15,11.4,0.27,0.0,5.84,1.07,0.91,6.38,11.14,0.45,1.98,13.1,3.7,0.85,3.0,0.11,0.42,6.7,0.39,456.0,0.12,2.85,2.2,573.0,543.0,0.7,0.04,3.46,1.01,2.62,0.21,12.58,3.79,0.09,2.45,19.36,5.04,0.36,2.23,1.42,8.19
129,ZO,F,1,182.0,51.1,130.9,124.7,72.8,4.4,7.97,3.01,23.2,5.0,5.1,31.6,3.62,379.0,127.0,1.7,21.7,3.5,2.6,10.1,3.1,2.6,3.3,12.8,1.12,29.9,0.11,13.9,3.6,13.6,0.107,0.232,413.0,84.0,15.3,4.4,6.7,2.11,,17.0,76.7,,5.0,,3.6,1.16,47.6,17.5,28.8,6.06,34.9,0.73,0.19,17.5,17.8,0.4,1.27,10.38,0.15,11.5,0.39,1.52,3.96,1.6,0.83,3.63,10.71,0.44,1.57,16.1,,,,,,,,,,,,,,,,,,,,,,,,,,,,,
130,ZO,F,2,171.0,46.5,124.5,123.5,73.9,4.3,7.93,4.75,19.6,5.7,7.0,67.5,3.47,713.0,301.0,3.8,32.4,4.5,3.2,11.2,2.9,2.8,4.1,22.9,1.0,28.38,0.108,13.2,3.27,13.6,0.117,0.245,425.0,72.0,16.7,3.7,6.0,1.66,,7.0,55.2,,3.0,,0.0,1.26,45.4,17.0,27.6,10.03,37.6,0.83,0.18,16.7,15.5,0.46,1.94,10.59,0.15,9.9,0.29,0.0,6.62,2.11,0.68,7.24,10.6,0.44,1.52,15.0,,,,,,,,,,,,,,,,,,,,,,,,,,,,,
131,ZO,F,3,177.0,48.8,127.7,124.1,73.4,4.4,7.95,3.88,21.4,5.35,6.05,49.6,3.55,546.0,214.0,2.75,27.1,4.0,2.9,10.65,3.0,2.7,3.7,17.9,1.06,29.14,0.109,13.6,3.44,13.6,0.112,0.239,419.0,78.0,16.0,4.1,6.4,1.89,,12.0,66.0,,4.0,,1.8,1.21,46.5,17.3,28.2,8.04,36.3,0.78,0.18,17.1,16.7,0.43,1.6,10.49,0.15,10.7,0.34,0.76,5.29,1.85,0.76,5.44,10.66,0.44,1.55,15.6,,,,,,,,,,,,,,,,,,,,,,,,,,,,,
134,ZO,T,3,176.0,49.5,126.3,123.4,72.2,4.3,8.04,3.28,18.8,4.98,5.45,46.1,4.06,491.0,200.0,2.48,27.1,3.95,2.73,9.1,2.73,2.68,3.77,14.0,1.12,27.96,0.109,14.7,3.44,13.8,0.111,0.264,447.0,79.8,16.9,4.1,6.7,1.81,,14.0,66.3,,,,,1.18,46.9,17.5,27.4,8.2,35.7,0.76,0.19,18.2,16.8,0.43,1.89,9.46,0.15,11.1,0.3,0.38,5.57,1.46,0.83,5.91,10.9,0.44,1.76,14.3,,,,,,,,,,,,,,,,,,,,,,,,,,,,,
135,ZP,M,1,181.0,48.5,132.5,126.2,72.1,4.6,8.63,4.26,22.3,5.6,6.5,64.2,5.57,526.0,163.0,6.6,31.1,5.0,3.3,9.7,2.5,0.7,4.6,11.4,0.82,32.71,0.113,15.5,3.63,14.0,0.131,0.318,503.0,98.0,18.0,4.0,8.5,1.63,7.43,20.0,80.0,173.0,,56.5,,1.0,48.6,15.4,31.3,4.73,36.0,0.74,0.15,17.9,17.0,0.3,1.0,12.29,0.21,11.6,0.3,0.0,3.25,0.82,1.26,2.65,11.98,0.68,1.68,16.9,3.4,0.98,2.5,0.11,0.52,5.5,0.16,504.0,0.15,3.23,1.57,652.0,681.0,0.07,0.18,2.05,0.94,0.45,1.55,4.19,3.55,0.06,1.11,6.75,6.21,0.12,1.49,1.0,3.87
136,ZP,M,2,184.0,49.1,134.9,127.6,82.4,4.5,8.17,4.32,22.1,5.3,7.0,58.5,5.06,654.0,233.0,4.7,37.0,4.6,3.3,9.8,2.4,4.0,4.2,15.3,0.37,31.02,0.104,13.7,3.37,14.9,0.104,0.254,405.0,92.0,17.7,3.5,10.9,2.19,7.94,30.0,76.7,177.0,,59.3,,0.98,49.6,15.7,30.7,4.02,34.7,0.7,0.18,20.0,17.5,0.26,0.88,10.82,0.26,12.3,0.27,0.24,2.58,0.34,1.22,2.46,12.37,0.4,1.78,16.2,4.2,0.91,2.8,0.11,0.6,7.5,0.74,94.0,0.15,0.0,1.39,506.0,543.0,0.04,0.03,1.09,0.14,4.18,0.14,3.1,0.15,0.03,0.96,8.41,0.46,0.03,0.61,2.16,1.62
137,ZP,M,3,183.0,48.8,133.7,126.9,77.3,4.5,8.4,4.29,22.2,5.45,6.75,61.4,5.32,590.0,198.0,5.65,34.1,4.8,3.3,9.75,2.45,2.35,4.4,13.4,0.59,31.87,0.108,14.6,3.5,14.5,0.118,0.286,454.0,95.0,17.9,3.8,9.7,1.91,7.69,25.0,78.4,175.0,,57.9,,0.99,49.1,15.6,31.0,4.38,35.4,0.72,0.17,18.9,17.3,0.28,0.94,11.55,0.24,12.0,0.29,0.12,2.92,0.58,1.24,2.56,12.18,0.54,1.73,16.6,3.8,0.95,2.6,0.11,0.56,6.5,0.45,299.0,0.15,1.61,1.48,579.0,612.0,0.06,0.1,1.57,0.54,2.31,0.85,3.65,1.85,0.04,1.04,7.58,3.33,0.07,1.05,1.58,2.75
138,ZP,F,1,176.0,58.8,117.2,138.6,73.9,4.4,8.03,6.52,52.2,9.3,7.4,42.6,3.96,599.0,174.0,7.8,43.7,4.2,3.5,15.8,4.6,6.3,4.9,14.7,0.71,31.53,0.126,14.7,3.7,15.1,0.114,0.24,432.0,102.7,16.3,4.1,8.1,1.82,,7.0,66.7,,11.0,,3.4,1.16,48.2,14.7,31.8,5.09,36.9,0.77,0.28,17.1,17.1,0.44,1.05,12.21,0.22,11.5,0.34,0.0,2.6,1.19,1.26,2.64,11.78,0.51,1.75,17.8,,,,,,,,,,,,,,,,,,,,,,,,,,,,,
139,ZP,F,2,192.0,48.3,143.7,137.1,82.6,4.4,7.87,6.16,46.8,9.2,9.7,52.0,3.9,678.0,180.0,7.1,32.9,4.5,3.7,18.3,6.4,7.2,4.7,9.0,1.51,30.37,0.117,14.1,3.57,15.2,0.145,0.172,371.0,85.7,17.3,4.3,7.6,2.21,,10.0,70.0,,3.0,,0.0,1.17,48.0,16.4,26.0,9.61,35.6,0.74,0.23,18.3,15.8,0.46,1.88,11.32,0.21,10.6,0.24,0.0,5.37,2.45,1.13,6.03,10.21,0.38,1.35,14.0,,,,,,,,,,,,,,,,,,,,,,,,,,,,,
140,ZP,F,3,184.0,53.5,130.4,137.8,78.3,4.4,7.95,6.34,49.5,9.25,8.55,47.3,3.93,639.0,177.0,7.45,38.3,4.35,3.6,17.05,5.5,6.75,4.8,11.8,1.11,30.95,0.122,14.4,3.64,15.2,0.13,0.206,402.0,94.2,16.8,4.2,7.8,2.02,,9.0,68.4,,7.0,,1.7,1.17,48.1,15.5,28.9,7.35,36.3,0.76,0.26,17.7,16.5,0.45,1.47,11.77,0.21,11.1,0.29,0.0,3.99,1.82,1.2,4.33,11.0,0.45,1.55,15.9,,,,,,,,,,,,,,,,,,,,,,,,,,,,,
143,ZP,T,3,183.0,51.2,132.1,132.4,77.8,4.5,8.18,5.32,35.9,7.35,7.65,54.3,4.62,614.0,188.0,6.55,36.2,4.58,3.45,13.4,3.98,4.55,4.6,12.6,0.85,31.41,0.115,14.5,3.57,14.8,0.124,0.246,428.0,94.6,17.3,4.0,8.8,1.96,,17.0,73.4,,,,,1.08,48.6,15.6,30.0,5.86,35.8,0.74,0.21,18.3,16.9,0.37,1.2,11.66,0.23,11.5,0.29,0.06,3.45,1.2,1.22,3.45,11.59,0.49,1.64,16.2,,,,,,,,,,,,,,,,,,,,,,,,,,,,,
