,county,sex,xiang,m001,m002,m003,m004,m005,m006,m007,m008,m009,m010,m011,m012,m015,m016,m017,m018,m021,m022,m023,m025,m027,m028,m029,m030,m031,m033,m035,m036,m037,m038,m039,m040,m041,m042,m043,m044,m045,m048,m049,m058,m059,m060,m061,m062,m063,m064,m065,m066,m067,m068,m069,m070,m071,m072,m073,m074,m075,m077,m086,m087,m088,m103,m104,m105,m106,m107,m113,m117
2,AA,M,3,3.67,72.03,124.01,143.89,14.87,97.1,80.0,13.95,63.9,92.12,16.63,172.86,0.78,103.03,0.26,0.43,28.07,14.0,5.44,5.34,95.11,156.31,18.09,2.83,105.99,5.42,105.56,,,,4.79,7.04,2.67,4.52,0.67,4.99,3.59,1.34,1.35,9.78,2.51,0.45,13.69,10.68,10.72,0.25,176.91,9.53,73.69,9.95,302.49,6.76,15.19,214.69,4.52,80.78,8.73,2.15,15.59,,,14.44,,18.36,10.61,7.75,4.13,0.0
5,AA,F,3,3.2,42.49,74.48,100.46,7.67,59.48,60.57,7.24,39.89,43.23,11.49,82.56,2.41,44.56,0.0,2.2,13.6,10.34,2.42,1.08,24.63,57.72,15.59,1.24,40.03,1.75,,29.18,10.78,12.67,2.08,1.57,3.5,7.37,1.06,5.13,3.95,0.72,5.88,9.17,1.92,1.61,19.89,8.89,9.01,0.92,135.01,8.25,56.51,5.05,106.15,3.31,9.24,77.83,2.41,49.04,2.7,3.16,12.62,1.0,0.0,12.64,0.31,16.02,9.71,6.3,4.73,0.09
8,AA,T,3,3.44,57.26,99.25,122.17,11.27,78.29,70.28,10.6,51.9,67.67,14.06,127.71,1.6,73.8,0.13,1.32,20.84,12.17,3.93,3.21,59.87,107.02,16.84,2.04,73.01,3.58,,,,,3.44,4.3,3.08,5.95,0.87,5.06,3.77,1.03,3.62,9.47,2.21,1.03,16.79,9.79,9.87,0.59,155.96,8.89,65.1,7.5,204.32,5.04,12.21,146.26,3.46,64.91,5.72,2.66,14.11,,,13.54,,17.19,10.16,7.03,4.43,0.04
11,AB,M,3,5.01,67.69,138.61,170.09,16.66,110.54,91.44,15.81,78.66,85.59,29.91,351.65,4.18,195.05,1.01,3.38,91.76,12.92,5.16,5.85,71.07,171.88,45.78,1.85,101.78,0.77,79.23,,,,4.8,3.91,2.58,8.16,1.81,4.61,4.61,0.5,1.09,13.46,2.1,1.53,10.39,7.02,7.58,1.55,148.25,11.91,61.62,14.94,399.23,12.9,20.35,375.96,4.58,58.61,15.45,2.01,21.42,,,13.81,,25.04,14.33,10.71,3.97,0.0
14,AB,F,3,3.84,51.36,101.97,127.78,8.83,65.11,80.46,8.41,47.33,41.93,23.16,149.44,2.8,33.97,0.77,0.84,84.7,15.21,2.81,2.04,31.17,65.81,42.62,0.79,46.65,0.0,,27.54,8.05,20.67,1.66,1.1,3.59,5.4,1.3,4.4,3.6,0.24,1.76,9.52,1.53,1.0,9.76,12.53,3.14,0.86,100.11,8.66,53.3,10.83,157.18,9.02,14.47,141.77,1.0,46.74,5.03,0.8,19.69,1.75,0.4,11.57,0.37,19.19,11.97,7.22,3.75,0.0
17,AB,T,3,4.42,59.52,120.29,148.94,12.75,87.83,85.95,12.11,62.99,63.76,26.54,250.54,3.49,114.51,0.89,2.11,88.23,14.07,3.99,3.94,51.12,118.84,44.2,1.32,74.22,0.39,,,,,3.23,2.51,3.08,6.78,1.56,4.51,4.11,0.37,1.43,11.49,1.82,1.27,10.08,9.78,5.36,1.21,124.18,10.29,57.46,12.88,278.21,10.96,17.41,258.87,2.79,52.68,10.24,1.41,20.56,,,12.69,,22.12,13.15,8.96,3.86,0.0
20,AC,M,3,3.97,77.18,118.0,146.22,15.07,104.73,78.25,14.26,67.97,80.21,25.94,213.13,2.67,129.88,0.38,1.9,49.83,8.63,4.41,3.02,70.71,141.87,24.61,1.03,89.83,3.36,70.33,,,,2.42,1.56,1.86,4.26,0.48,2.97,2.57,0.66,1.46,9.28,2.1,0.38,6.96,7.03,8.17,0.61,133.59,8.66,76.59,12.3,405.19,9.99,11.52,279.48,3.75,80.99,4.13,9.4,11.74,,,9.09,,19.86,11.52,8.34,3.35,0.0
23,AC,F,3,3.13,47.66,71.48,99.12,8.27,67.32,62.52,7.93,36.6,34.09,18.13,87.79,2.08,34.47,0.0,3.11,23.45,9.25,2.22,1.42,17.82,51.55,31.11,0.86,42.51,1.41,,21.76,9.53,12.03,1.8,2.25,1.72,5.12,0.0,2.71,1.65,0.27,4.47,7.5,1.69,1.02,16.19,5.71,6.59,0.27,109.99,7.23,59.35,11.05,201.48,8.67,10.6,148.74,2.88,50.3,0.82,3.29,15.61,2.33,0.0,7.63,0.45,15.63,9.32,6.31,2.31,0.0
26,AC,T,3,3.55,62.42,94.74,122.67,11.67,86.03,70.39,11.1,52.29,57.15,22.04,150.46,2.38,82.17,0.19,2.5,36.64,8.94,3.32,2.22,44.27,96.71,27.86,0.95,66.17,2.38,,,,,2.11,1.91,1.79,4.69,0.24,2.84,2.11,0.47,2.96,8.39,1.9,0.7,11.58,6.37,7.38,0.44,121.79,7.95,67.97,11.68,303.33,9.33,11.06,214.11,3.31,65.64,2.48,6.35,13.68,,,8.36,,17.75,10.42,7.33,2.83,0.0
29,BA,M,3,8.42,113.88,124.89,224.26,20.41,97.38,177.03,19.55,47.23,86.01,88.59,205.66,4.87,101.61,2.88,10.12,0.0,8.87,8.07,5.11,574.98,80.63,14.19,0.0,50.12,0.0,57.93,,,,4.41,1.99,1.83,1.58,1.36,12.51,10.65,2.63,6.87,13.07,3.43,2.45,12.16,61.47,46.42,0.23,206.79,12.84,136.1,37.34,366.03,32.98,22.33,285.1,14.91,156.0,37.08,8.87,23.93,,,31.63,,42.12,38.39,3.73,12.92,6.12
32,BA,F,3,8.45,97.22,127.36,221.32,13.79,97.72,194.89,13.57,26.44,21.6,101.12,136.95,12.14,64.05,3.03,6.83,0.0,6.08,4.93,2.89,308.65,40.51,9.67,0.68,25.0,0.94,,28.55,5.13,48.74,4.7,1.84,1.1,4.84,1.28,4.93,3.99,3.44,3.96,17.59,3.42,3.79,30.88,47.64,50.0,2.08,203.62,15.5,138.34,44.99,254.13,39.76,20.17,213.3,13.84,75.13,12.25,3.56,16.22,9.8,9.26,26.06,3.53,42.27,39.56,2.71,11.02,5.69
35,BA,T,3,8.44,105.55,126.13,222.79,17.1,97.55,185.96,16.56,36.84,53.81,94.86,171.31,8.51,82.83,2.96,8.47,0.0,7.47,6.5,4.0,441.81,60.57,11.93,0.34,37.56,0.47,,,,,4.56,1.92,1.47,3.21,1.32,8.72,7.32,3.04,5.42,15.33,3.43,3.12,21.52,54.55,48.21,1.16,205.21,14.17,137.22,41.17,310.08,36.37,21.25,249.2,14.38,115.56,24.66,6.21,20.07,,,28.84,,42.2,38.98,3.22,11.97,5.91
38,BB,M,3,4.38,112.56,143.68,176.86,14.86,81.19,113.58,13.97,63.28,89.16,53.01,77.44,7.78,45.86,1.85,3.57,0.0,13.49,5.55,3.93,301.26,104.84,12.24,1.92,45.44,2.95,59.51,,,,1.27,3.49,3.71,4.39,2.56,1.73,1.73,2.05,2.5,10.93,3.21,2.68,18.04,47.26,58.38,0.0,183.59,10.93,137.22,17.8,254.64,15.81,15.53,232.62,3.64,108.51,38.49,6.42,26.29,,,9.91,,21.91,18.96,2.95,8.28,4.79
41,BB,F,3,4.28,70.01,99.73,138.1,11.96,59.72,113.14,11.5,24.96,46.29,53.86,86.92,9.31,49.14,3.93,10.95,0.0,6.1,3.19,7.38,96.98,40.6,7.7,0.38,19.33,0.0,,25.73,6.42,83.7,3.81,5.16,2.92,4.66,1.33,10.78,7.2,2.83,5.34,9.92,3.75,4.33,38.45,44.33,38.68,0.82,250.69,9.11,123.88,24.6,220.64,22.53,15.47,200.49,7.3,64.8,12.57,7.29,21.23,5.37,2.41,9.98,1.83,21.39,19.91,1.48,6.78,3.18
44,BB,T,3,4.33,91.29,121.71,157.48,13.41,70.45,113.36,12.74,44.12,67.72,53.44,82.18,8.54,47.5,2.89,7.26,0.0,9.79,4.37,5.66,199.12,72.72,9.97,1.15,32.38,1.48,,,,,2.54,4.33,3.31,4.53,1.95,6.25,4.46,2.44,3.92,10.43,3.48,3.51,28.25,45.8,48.53,0.41,217.14,10.02,130.55,21.2,237.64,19.17,15.5,216.56,5.47,86.66,25.53,6.86,23.76,,,9.95,,21.65,19.44,2.22,7.53,3.99
47,BC,M,3,8.97,51.65,97.48,198.65,9.63,61.6,161.63,9.06,37.01,56.58,63.39,79.4,3.54,49.93,2.48,8.17,0.0,9.76,3.03,3.03,60.17,56.42,22.55,1.55,73.48,1.24,49.84,,,,12.45,3.94,2.75,3.44,2.46,3.91,3.91,2.13,1.51,14.46,2.35,4.51,21.74,15.82,40.86,0.74,149.96,13.72,85.28,14.42,157.36,13.27,6.59,146.33,9.99,103.21,23.76,6.22,11.79,,,47.09,,44.87,40.39,4.48,25.36,8.95
50,BC,F,3,8.18,50.83,88.08,181.77,9.42,54.37,153.52,9.19,28.25,22.48,62.01,77.38,7.0,43.68,3.53,8.53,0.0,9.06,2.37,2.94,43.47,22.94,13.87,0.63,32.41,0.71,,42.89,8.85,19.95,3.63,2.46,3.87,4.7,4.39,7.66,7.66,0.62,1.93,12.07,2.08,5.77,28.13,29.33,30.29,0.63,119.75,11.45,87.75,24.11,302.85,21.1,9.52,290.81,3.28,64.73,10.38,0.0,7.36,3.98,1.47,42.68,0.96,40.92,37.25,3.66,21.86,6.23
53,BC,T,3,8.58,51.24,92.78,190.21,9.53,57.98,157.58,9.13,32.63,39.53,62.7,78.39,5.27,46.8,3.0,8.35,0.0,9.41,2.7,2.98,51.82,39.68,18.21,1.09,52.95,0.97,,,,,8.04,3.2,3.31,4.07,3.42,5.79,5.79,1.38,1.72,13.27,2.22,5.14,24.93,22.57,35.58,0.69,134.86,12.59,86.52,19.27,230.11,17.19,8.05,218.57,6.63,83.97,17.07,3.11,9.57,,,44.89,,42.9,38.82,4.07,23.61,7.59
56,CB,M,3,19.34,186.95,194.21,440.65,23.99,101.65,376.77,22.66,63.87,133.01,181.92,126.35,4.03,54.11,0.74,22.39,0.0,10.25,7.36,7.42,260.52,326.72,14.26,0.58,65.19,0.0,22.83,,,,3.49,5.98,3.35,1.93,2.26,12.79,11.63,3.23,4.29,15.52,4.51,0.58,40.99,71.32,27.69,2.66,282.43,12.85,168.32,112.35,526.09,108.42,26.61,427.83,27.11,262.86,66.63,39.34,81.02,,,68.33,,96.69,91.91,4.78,36.4,3.95
59,CB,F,3,17.01,163.12,198.18,402.82,14.93,114.51,377.26,14.68,25.57,24.08,177.02,142.51,14.75,71.87,4.93,10.99,0.0,10.83,4.1,3.77,143.02,98.6,24.24,0.0,21.74,0.0,,8.75,11.06,82.17,0.91,0.0,3.64,1.02,3.25,11.54,8.73,2.61,12.23,15.57,3.53,4.16,83.61,37.21,18.57,0.43,192.39,15.14,160.73,97.95,339.15,89.95,32.17,247.3,21.23,110.37,23.97,9.57,47.26,17.49,13.26,65.4,5.25,85.04,82.17,2.87,32.57,3.37
62,CB,T,3,18.18,175.03,196.2,421.74,19.46,108.08,377.01,18.67,44.72,78.55,179.47,134.43,9.39,62.99,2.83,16.69,0.0,10.54,5.73,5.59,201.77,212.66,19.25,0.29,43.46,0.0,,,,,2.2,2.99,3.5,1.48,2.75,12.16,10.18,2.92,8.26,15.54,4.02,2.37,62.3,54.27,23.13,1.55,237.41,14.0,164.53,105.15,432.62,99.19,29.39,337.56,24.17,186.62,45.3,24.46,64.14,,,66.87,,90.87,87.04,3.83,34.48,3.66
65,CC,M,3,7.18,133.82,175.84,241.29,20.96,90.82,181.67,19.49,59.62,146.44,91.99,144.68,2.64,57.83,0.43,18.23,0.0,8.09,6.64,5.34,225.69,270.84,35.34,0.0,65.04,5.01,22.87,,,,4.94,1.46,2.52,1.63,0.9,2.09,2.09,3.4,7.44,15.83,3.74,4.56,17.5,53.79,39.7,0.95,248.37,14.88,125.71,51.3,487.38,49.37,41.92,421.0,18.1,204.77,65.78,12.35,37.5,,,22.57,,35.9,34.41,1.5,8.23,4.34
68,CC,F,3,6.35,122.41,149.58,211.11,16.06,75.48,183.58,15.73,27.53,33.01,101.8,127.53,14.22,40.86,8.34,14.53,0.0,8.11,4.15,3.49,102.25,94.96,20.45,0.0,23.37,1.52,,6.2,14.61,113.77,12.8,1.14,0.87,20.1,0.0,2.64,2.64,3.92,13.82,19.49,4.87,10.9,25.88,72.14,43.72,2.4,324.48,17.09,162.89,54.32,330.71,49.66,41.71,257.64,11.77,147.02,35.47,7.39,26.71,10.54,6.91,18.94,1.91,31.73,29.66,2.08,6.82,2.52
71,CC,T,3,6.76,128.12,162.71,226.2,18.51,83.15,182.63,17.61,43.58,89.72,96.89,136.11,8.43,49.34,4.38,16.38,0.0,8.1,5.4,4.42,163.97,182.9,27.9,0.0,44.21,3.27,,,,,8.87,1.3,1.7,10.87,0.45,2.37,2.37,3.66,10.63,17.66,4.31,7.73,21.69,62.97,41.71,1.68,286.43,15.99,144.3,52.81,409.05,49.52,41.82,339.32,14.94,175.9,50.63,9.87,32.11,,,20.76,,33.81,32.03,1.79,7.53,3.43
74,CD,M,3,7.44,105.49,131.49,211.58,13.21,95.63,163.26,12.31,48.32,90.06,71.6,78.54,4.17,43.54,2.69,5.73,0.0,6.7,2.76,2.95,81.33,51.38,27.73,0.83,33.1,1.39,55.15,,,,0.0,4.52,1.68,2.94,3.2,5.91,1.77,0.64,1.05,11.96,3.36,2.41,25.42,30.45,68.59,1.68,200.38,10.28,135.92,33.92,363.62,30.77,15.0,327.74,12.97,101.39,28.47,3.49,27.96,,,24.95,,37.21,35.74,1.47,12.86,3.5
77,CD,F,3,5.79,93.06,118.68,177.08,11.26,75.51,160.39,10.87,16.69,39.62,72.59,88.72,11.26,45.27,5.37,18.8,0.0,9.85,2.29,6.1,31.65,28.89,14.05,0.23,16.09,2.47,,14.93,15.91,76.35,0.0,0.0,3.17,4.14,3.94,5.86,0.73,1.38,3.44,13.57,3.47,5.2,46.96,44.23,34.34,1.03,198.55,12.55,148.4,27.37,266.06,25.32,14.37,236.29,12.96,74.28,16.8,0.76,27.46,9.48,3.72,18.61,1.07,28.94,28.2,0.73,9.13,2.45
80,CD,T,3,6.62,99.28,125.09,194.33,12.24,85.57,161.82,11.59,32.51,64.84,72.09,83.63,7.71,44.41,4.03,12.27,0.0,8.28,2.52,4.53,56.49,40.14,20.89,0.53,24.6,1.93,,,,,0.0,2.26,2.42,3.54,3.57,5.89,1.25,1.01,2.25,12.77,3.42,3.81,36.19,37.34,51.47,1.35,199.47,11.42,142.16,30.65,314.84,28.05,14.69,282.01,12.97,87.84,22.64,2.13,27.71,,,21.78,,33.08,31.97,1.1,11.0,2.98
83,DA,M,3,8.98,223.92,120.97,261.33,13.78,87.29,220.22,13.21,41.1,57.54,153.72,294.79,5.6,164.4,1.18,4.37,0.0,5.58,1.83,2.43,84.29,27.37,10.22,0.68,24.52,0.92,14.55,,,,2.78,1.56,1.51,2.98,0.81,9.15,6.87,2.33,12.23,8.05,2.17,4.11,28.61,30.3,18.14,0.7,123.67,7.34,92.88,37.75,302.79,34.81,40.79,219.96,19.42,254.1,62.83,19.25,34.23,,,26.27,,44.88,41.43,3.44,17.22,14.82
86,DA,F,3,8.13,202.93,114.99,239.85,8.52,61.55,211.85,8.21,28.0,31.8,140.06,187.96,8.23,77.49,1.1,6.96,0.0,4.27,1.38,2.47,41.17,14.75,5.58,0.48,13.89,0.37,,8.14,10.9,26.25,1.29,1.46,1.6,0.8,0.77,7.75,6.5,2.99,9.92,10.57,1.35,5.55,23.28,25.02,13.09,1.31,64.45,9.26,70.97,42.07,185.65,36.6,29.7,133.88,16.35,127.17,30.65,7.9,18.9,6.54,5.8,23.54,0.86,40.66,37.95,2.7,13.87,11.51
89,DA,T,3,8.56,213.43,117.98,250.59,11.15,74.42,216.03,10.71,34.55,44.67,146.89,241.38,6.92,120.95,1.14,5.67,0.0,4.92,1.6,2.45,62.73,21.06,7.9,0.58,19.21,0.65,,,,,2.04,1.51,1.56,1.89,0.79,8.45,6.69,2.66,11.08,9.31,1.76,4.83,25.95,27.66,15.62,1.01,94.06,8.3,81.92,39.91,244.22,35.71,35.24,176.92,17.89,190.63,46.74,13.58,26.56,,,24.91,,42.77,39.69,3.07,15.54,13.17
92,DB,M,3,8.92,177.83,190.34,287.07,23.67,132.54,205.63,22.57,81.43,109.55,131.13,148.8,8.44,78.7,2.86,13.58,0.0,9.53,9.57,4.03,673.81,182.38,15.62,0.65,34.49,2.48,20.23,,,,2.92,3.92,2.69,3.63,2.23,10.49,9.69,3.94,6.14,13.99,5.27,4.73,26.32,82.9,43.8,0.99,367.87,13.0,159.52,52.32,333.64,49.01,15.0,289.66,15.19,230.66,100.07,21.26,28.29,,,26.47,,44.62,39.18,5.44,12.09,7.91
95,DB,F,3,7.98,142.27,207.31,273.05,17.45,102.11,229.99,17.0,43.05,44.55,142.66,160.52,25.41,81.73,4.17,14.93,0.0,8.16,6.29,1.77,410.74,105.33,14.88,0.28,21.63,1.38,,13.33,9.24,29.37,1.96,1.18,1.63,2.47,2.32,13.75,12.34,4.19,4.87,21.06,5.37,10.46,57.76,81.24,41.83,0.91,349.14,20.15,187.5,46.8,191.0,43.39,8.55,165.39,11.42,116.53,41.92,11.68,27.85,11.15,6.87,22.78,1.33,39.88,35.58,4.3,9.83,6.23
98,DB,T,3,8.45,160.05,198.83,280.06,20.56,117.33,217.81,19.79,62.24,77.05,136.9,154.66,16.93,80.22,3.52,14.26,0.0,8.85,7.93,2.9,542.27,143.85,15.25,0.47,28.06,1.93,,,,,2.44,2.55,2.16,3.05,2.27,12.12,11.02,4.07,5.5,17.52,5.32,7.6,42.04,82.07,42.81,0.95,358.5,16.57,173.51,49.56,262.32,46.2,11.78,227.53,13.3,173.59,71.0,16.47,28.07,,,24.63,,42.25,37.38,4.87,10.96,7.07
101,DC,M,3,6.53,111.47,209.65,244.99,18.21,115.03,176.75,16.97,68.24,123.18,80.68,135.96,7.51,66.29,3.66,8.73,0.0,10.21,7.29,6.14,430.18,169.84,15.94,1.98,55.74,3.07,12.31,,,,4.21,9.78,2.92,4.62,0.97,5.62,5.0,4.24,5.24,11.36,2.65,1.6,34.11,30.91,16.84,3.03,131.92,8.33,133.52,27.05,224.1,21.2,22.15,167.21,26.82,250.92,62.86,23.91,41.63,,,21.67,,32.67,29.56,3.11,13.07,9.64
104,DC,F,3,5.65,128.78,168.42,213.79,12.02,75.37,179.24,11.49,34.55,53.68,79.28,111.65,10.48,63.86,3.12,6.06,0.0,6.96,4.03,4.49,194.06,68.95,11.15,0.78,28.23,0.5,,6.89,5.54,51.71,2.71,7.6,2.84,0.43,2.82,8.81,5.05,1.41,4.81,23.31,2.59,6.41,38.91,39.52,11.51,5.94,121.13,17.37,137.4,27.52,173.1,21.58,17.06,133.66,24.06,109.93,17.71,5.47,34.24,10.18,12.66,16.97,1.46,28.26,25.25,3.02,8.4,6.64
107,DC,T,3,6.09,120.13,189.03,229.39,15.12,95.2,178.0,14.23,51.39,88.43,79.98,123.81,9.0,65.08,3.39,7.4,0.0,8.59,5.66,5.32,312.12,119.4,13.54,1.38,41.98,1.78,,,,,3.46,8.69,2.88,2.52,1.9,7.22,5.03,2.83,5.03,17.34,2.62,4.0,36.51,35.22,14.18,4.49,126.52,12.85,135.46,27.29,198.6,21.39,19.61,150.44,25.44,180.43,40.29,14.69,37.94,,,19.32,,30.47,27.41,3.06,10.74,8.14
110,EA,M,3,9.89,110.67,135.14,250.19,15.25,70.47,208.8,14.48,41.4,76.91,112.46,130.17,9.46,78.57,4.34,8.01,0.0,11.77,4.43,8.09,46.01,228.38,22.04,0.74,56.61,3.17,42.43,,,,9.97,3.51,3.26,5.85,3.31,6.16,5.09,1.92,2.24,12.91,2.0,4.41,22.56,23.83,16.86,4.54,126.17,8.37,74.16,42.2,481.77,38.33,13.32,422.64,11.05,116.12,26.56,10.35,22.15,,,25.95,,49.47,46.57,2.9,18.49,11.2
113,EA,F,3,9.01,102.79,127.24,230.75,14.48,59.57,200.98,14.08,29.77,39.19,106.95,108.38,6.65,61.39,3.8,8.35,0.0,9.32,2.5,6.2,14.75,85.79,16.06,0.58,24.19,0.73,,26.9,17.54,33.86,4.33,2.71,1.82,2.01,2.42,4.58,2.61,1.88,4.88,14.52,2.03,7.84,48.3,26.58,9.64,2.37,106.91,12.15,96.01,44.34,665.43,38.3,11.0,610.96,7.33,87.39,21.78,7.14,23.24,6.03,5.76,23.57,1.13,45.03,42.11,2.92,16.71,9.54
116,EA,T,3,9.45,106.73,131.19,240.47,14.87,65.02,204.89,14.28,35.59,58.05,109.7,119.27,8.06,69.98,4.07,8.18,0.0,10.54,3.46,7.15,30.38,157.09,19.05,0.66,40.4,1.95,,,,,7.15,3.11,2.54,3.93,2.87,5.37,3.85,1.9,3.56,13.71,2.02,6.13,35.43,25.2,13.25,3.46,116.54,10.26,85.09,43.27,573.6,38.31,12.16,516.8,9.19,101.76,24.17,8.74,22.7,,,24.76,,47.25,44.34,2.91,17.6,10.37
119,FA,M,3,10.34,105.7,132.73,253.71,13.7,54.91,227.77,13.28,25.95,42.38,134.04,124.63,7.25,46.66,11.65,18.77,0.0,9.7,2.91,8.15,23.37,108.59,20.37,0.57,59.67,1.9,42.42,,,,2.75,1.95,3.93,4.66,2.53,7.81,6.64,2.62,2.73,17.71,2.91,7.32,28.72,38.96,34.94,3.99,177.8,13.71,113.59,55.03,446.58,50.61,39.23,371.46,16.87,126.87,30.63,8.69,32.35,,,23.88,,51.68,49.26,2.42,14.73,8.92
122,FA,F,3,8.52,103.36,179.84,254.02,14.64,76.79,235.58,14.35,18.44,28.5,136.45,119.3,15.98,55.11,16.88,17.18,0.0,8.42,1.83,5.74,13.15,47.15,11.03,0.42,14.85,0.48,,23.31,22.92,27.78,1.87,1.37,3.39,6.43,3.65,5.35,4.91,2.22,5.2,15.22,3.5,10.24,57.65,38.24,47.02,1.62,197.76,13.6,152.49,48.64,535.68,45.64,10.93,441.4,16.69,124.03,31.9,14.41,48.16,8.53,11.02,17.13,1.76,42.6,41.16,1.45,11.26,6.62
125,FA,T,3,9.43,104.53,156.28,253.87,14.17,65.85,231.68,13.81,22.2,35.44,135.25,121.97,11.62,50.88,14.27,17.98,0.0,9.06,2.37,6.95,18.26,77.87,15.7,0.49,37.26,1.19,,,,,2.31,1.66,3.66,5.54,3.09,6.58,5.78,2.42,3.97,16.46,3.21,8.78,43.19,38.6,40.98,2.81,187.78,13.66,133.04,51.84,491.13,48.13,25.08,406.43,16.78,125.45,31.27,11.55,40.26,,,20.5,,47.14,45.21,1.94,13.0,7.77
128,GA,M,3,11.12,104.32,114.91,254.33,9.47,37.25,215.95,8.62,38.38,85.54,129.67,68.87,4.95,40.61,3.39,2.9,0.0,11.44,2.59,5.12,34.72,81.8,10.13,1.58,67.58,1.16,42.87,,,,0.55,0.83,2.9,0.0,1.41,3.06,2.23,1.86,3.13,18.63,1.69,1.43,10.64,18.8,20.44,3.67,107.99,14.95,61.27,62.85,284.04,59.72,8.08,263.05,9.61,59.9,8.34,11.25,10.28,,,32.64,,55.6,53.99,1.61,11.16,4.94
131,GA,F,3,9.46,105.71,123.42,235.89,8.14,37.4,206.16,7.69,29.72,45.13,128.48,63.31,10.39,34.04,7.64,4.9,0.0,10.85,1.28,2.97,11.08,26.13,8.07,0.43,9.19,1.38,,14.62,9.15,28.99,0.0,2.22,2.86,1.39,1.46,1.38,1.38,1.16,2.12,13.46,1.87,5.34,29.74,32.78,19.99,0.66,86.97,12.8,99.72,60.22,316.04,55.55,4.51,299.36,7.43,35.97,7.18,3.45,9.47,4.86,7.89,28.08,2.31,47.31,44.91,2.4,8.89,3.12
134,GA,T,3,10.29,105.02,119.17,245.11,8.81,37.33,211.06,8.15,34.05,65.34,129.07,66.09,7.67,37.33,5.51,3.9,0.0,11.14,1.94,4.04,22.9,53.96,9.1,1.01,38.38,1.27,,,,,0.28,1.53,2.88,0.69,1.44,2.22,1.8,1.51,2.63,16.05,1.78,3.38,20.19,25.79,20.21,2.17,97.48,13.88,80.5,61.54,300.04,57.63,6.29,281.21,8.52,47.94,7.76,7.35,9.88,,,30.36,,51.46,49.45,2.0,10.03,4.03
137,HA,M,3,7.58,81.01,129.0,205.16,14.47,62.74,,,,,,,,,,,,15.35,4.4,1.97,44.36,158.29,13.93,2.31,129.6,,53.85,,,,,,5.38,5.53,,,,,,,,,,,,,,,,,,,,,,,,,,,,,,37.91,,,,
140,HA,F,3,7.01,79.46,124.44,193.9,10.47,46.99,,,,,,,,,,,,6.99,2.65,3.31,8.21,76.34,12.18,0.0,31.27,,,26.61,11.41,72.73,,,2.76,1.87,,,,,,,,,,,,,,,,,,,,,,,,,,,,,,35.03,,,,
143,HA,T,3,7.29,80.23,126.72,199.53,12.47,54.87,,,,,,,,,,,,11.17,3.53,2.64,26.29,117.31,13.05,1.16,80.44,,,,,,,,4.07,3.7,,,,,,,,,,,,,,,,,,,,,,,,,,,,,,36.47,,,,
146,IA,M,3,9.63,127.23,116.72,240.67,16.03,76.37,173.09,15.46,67.58,57.76,85.82,280.9,6.53,133.82,2.01,15.14,1.17,13.27,4.88,7.38,211.74,104.6,17.74,3.88,75.61,3.65,31.55,,,,3.78,8.06,3.32,4.86,4.33,10.95,8.99,1.74,7.74,12.78,1.4,4.09,25.88,21.47,12.14,0.89,72.34,11.9,67.2,26.81,337.56,22.99,49.9,229.77,19.42,236.29,81.5,20.05,45.11,,,43.29,,48.17,34.26,13.91,10.78,4.72
149,IA,F,3,8.96,108.53,107.84,220.64,8.68,54.17,164.24,8.31,56.4,36.51,86.24,128.72,8.15,53.59,2.31,6.48,0.0,9.51,2.53,3.88,99.93,40.88,11.05,0.46,22.41,1.24,,7.67,9.9,36.06,1.87,3.99,2.87,3.54,4.08,8.41,6.57,2.72,2.37,13.82,0.95,4.33,27.59,16.32,6.55,1.94,42.29,11.89,52.37,26.6,193.88,23.21,18.87,151.59,14.5,91.21,26.95,6.83,27.56,4.43,4.89,37.4,1.25,44.8,32.6,12.21,8.78,4.19
152,IA,T,3,9.3,117.88,112.28,230.66,12.36,65.27,168.67,11.89,61.99,47.13,86.03,204.81,7.34,93.7,2.16,10.81,0.58,11.39,3.71,5.63,155.84,72.74,14.39,2.17,49.01,2.44,,,,,2.83,6.03,3.1,4.2,4.21,9.68,7.78,2.23,5.06,13.3,1.18,4.21,26.73,18.89,9.35,1.42,57.32,11.9,59.79,26.71,265.72,23.1,34.38,190.68,16.96,163.75,54.23,13.44,36.34,,,40.34,,46.48,33.43,13.06,9.78,4.46
155,IB,M,3,17.67,189.6,138.36,385.68,22.31,104.35,282.72,21.78,102.97,52.24,158.16,298.07,11.63,195.16,7.96,14.47,1.16,17.36,8.53,10.61,428.61,194.43,22.81,4.12,109.35,3.75,24.11,,,,5.92,9.44,4.51,6.96,6.59,10.84,7.12,3.2,6.46,12.09,2.38,4.82,34.28,42.78,13.92,0.87,133.08,11.22,105.08,43.84,433.56,37.67,28.38,332.92,33.07,291.64,106.07,7.79,34.56,,,62.2,,88.36,65.85,22.51,22.15,12.04
158,IB,F,3,16.5,178.94,125.68,358.71,14.21,69.21,271.46,13.78,87.25,42.44,153.51,145.18,11.53,73.54,5.36,7.65,0.83,12.0,5.41,5.2,311.27,93.76,8.66,1.88,39.59,0.37,,7.64,10.13,26.44,1.5,7.87,2.77,4.69,10.94,8.9,5.35,4.32,5.52,13.05,2.04,6.16,35.58,35.75,10.23,0.34,115.07,12.72,89.05,46.81,297.11,42.21,20.31,242.0,28.73,130.56,33.75,1.81,24.98,6.93,5.97,56.02,1.9,82.52,63.63,18.89,18.3,9.75
161,IB,T,3,17.09,184.27,132.02,372.19,18.26,86.78,277.09,17.78,95.11,47.34,155.84,221.63,11.58,134.35,6.66,11.06,0.99,14.68,6.97,7.91,369.94,144.09,15.73,3.0,74.47,2.06,,,,,3.71,8.65,3.64,5.83,8.77,9.87,6.24,3.76,5.99,12.57,2.21,5.49,34.93,39.27,12.08,0.6,124.08,11.97,97.06,45.33,365.34,39.94,24.34,287.46,30.9,211.1,69.91,4.8,29.77,,,59.11,,85.44,64.74,20.7,20.23,10.89
164,IC,M,3,10.34,155.58,127.46,264.94,20.95,105.79,134.1,20.32,130.84,62.87,66.14,269.25,10.16,181.87,3.4,3.16,49.66,12.99,10.43,4.73,372.28,347.41,45.74,1.33,170.1,16.4,23.52,,,,4.46,8.0,2.81,5.34,0.29,1.6,1.6,2.09,7.52,8.8,2.57,1.68,15.81,38.24,5.81,0.0,169.99,8.8,87.06,17.34,233.7,14.75,11.63,192.94,11.49,151.78,75.71,7.33,18.64,,,28.78,,51.68,25.84,25.84,11.26,7.29
167,IC,F,3,9.19,134.3,112.56,233.95,13.22,63.25,126.63,12.6,107.32,62.32,62.8,104.6,8.7,58.11,3.2,8.94,18.83,10.95,7.22,7.09,341.47,205.86,21.71,0.61,63.87,4.23,,10.65,11.37,28.81,4.12,4.09,3.55,2.09,0.0,1.83,1.83,2.14,3.57,7.39,1.95,2.0,13.71,17.85,5.13,0.0,135.51,7.39,59.95,16.26,106.48,14.66,0.0,94.27,7.58,68.94,19.75,0.93,8.76,5.57,1.35,26.37,1.87,45.94,24.7,21.24,9.33,2.76
170,IC,T,3,9.77,144.94,120.01,249.44,17.09,84.52,130.37,16.46,119.08,62.59,64.47,186.93,9.43,119.99,3.3,6.05,34.24,11.97,8.82,5.91,356.88,276.64,33.73,0.97,116.98,10.31,,,,,4.29,6.04,3.18,3.71,0.14,1.72,1.72,2.12,5.54,8.1,2.26,1.84,14.76,28.05,5.47,0.0,152.75,8.1,73.51,16.8,170.09,14.71,5.82,143.6,9.54,110.36,47.73,4.13,13.7,,,27.58,,48.81,25.27,23.54,10.29,5.03
173,ID,M,3,17.99,203.05,120.56,383.91,17.73,89.77,248.27,17.3,135.64,42.31,138.97,194.0,12.07,121.67,4.53,13.56,2.96,12.42,8.26,7.75,341.35,267.92,22.07,1.43,102.17,3.72,22.32,,,,2.99,6.21,3.68,10.18,7.46,4.0,3.1,1.65,9.88,13.5,1.92,4.29,20.54,22.36,13.47,0.76,113.38,12.74,78.86,45.73,289.33,42.54,20.48,239.06,16.5,168.39,54.88,11.58,31.59,,,48.1,,89.95,60.66,29.29,22.38,9.69
176,ID,F,3,18.01,197.19,131.99,389.06,12.0,61.02,260.67,11.67,128.39,32.34,141.39,123.9,9.28,74.87,3.38,4.03,0.81,10.9,4.61,2.81,199.35,120.93,17.51,0.7,28.92,1.4,,11.8,9.26,27.58,3.82,8.73,4.0,5.08,8.35,7.02,5.47,3.32,10.22,15.02,2.56,6.02,61.15,28.51,20.67,0.87,129.66,14.14,126.2,52.74,200.99,48.74,15.53,173.2,19.32,75.91,15.65,2.26,17.25,7.56,2.36,50.09,1.19,90.05,61.51,28.55,18.42,7.1
179,ID,T,3,18.0,200.12,126.28,386.49,14.87,75.39,254.47,14.49,132.01,37.33,140.18,158.95,10.68,98.27,3.96,8.79,1.89,11.66,6.44,5.28,270.35,194.43,19.79,1.06,65.55,2.56,,,,,3.41,7.47,3.84,7.63,7.91,5.51,4.29,2.48,10.05,14.26,2.24,5.16,40.84,25.44,17.07,0.82,121.52,13.44,102.53,49.23,245.16,45.64,18.0,206.13,17.91,122.15,35.27,6.92,24.42,,,49.1,,90.0,61.09,28.92,20.4,8.39
182,IE,M,3,10.58,110.54,127.7,255.64,12.22,57.66,177.63,11.86,78.01,35.88,71.09,138.28,6.38,111.53,1.8,10.35,0.0,33.58,5.28,9.21,40.57,121.29,13.49,24.71,235.76,2.85,56.58,,,,4.53,3.64,2.08,5.2,3.94,7.07,5.54,2.09,2.88,6.99,1.5,0.3,4.31,29.08,23.14,0.38,76.29,6.6,73.53,36.92,212.61,32.35,8.56,179.58,13.5,121.09,20.69,6.42,10.47,,,66.33,,52.88,36.68,16.2,13.99,5.28
185,IE,F,3,8.51,62.71,81.65,186.13,6.24,38.03,142.34,6.05,43.79,19.17,59.7,58.92,6.81,43.47,2.29,4.78,0.0,13.54,2.3,2.41,9.38,51.19,12.05,5.43,65.35,0.47,,23.99,15.22,12.61,3.05,2.08,2.07,3.6,5.6,5.77,4.2,2.19,7.13,8.16,1.21,0.74,13.95,22.45,12.03,0.87,61.37,7.3,59.47,34.05,90.43,27.32,4.2,82.73,9.67,61.41,10.65,4.07,6.02,1.52,0.65,52.44,1.05,42.54,33.03,9.51,10.43,3.95
188,IE,T,3,9.54,86.63,104.68,220.88,9.23,47.84,159.99,8.96,60.9,27.53,65.4,98.6,6.59,77.5,2.04,7.57,0.0,23.56,3.79,5.81,24.98,86.24,12.77,15.07,150.56,1.66,,,,,3.79,2.86,2.08,4.4,4.77,6.42,4.87,2.14,5.0,7.58,1.35,0.52,9.13,25.77,17.59,0.63,68.83,6.95,66.5,35.48,151.52,29.84,6.38,131.16,11.59,91.25,15.67,5.25,8.25,,,59.38,,47.71,34.86,12.86,12.21,4.62
191,IF,M,3,13.97,156.38,107.99,305.92,14.23,68.38,218.39,13.89,87.54,34.34,79.12,157.99,5.97,119.64,1.61,3.4,0.38,19.28,5.79,5.59,67.09,135.13,18.63,8.05,223.11,4.41,70.11,,,,5.91,6.42,3.7,6.12,8.37,4.45,2.78,1.58,5.37,12.58,1.77,0.0,7.63,16.03,7.85,1.76,119.16,10.83,57.83,21.59,277.83,18.5,8.68,216.17,11.83,121.84,12.86,5.3,14.15,,,55.89,,69.84,53.12,16.72,25.49,9.04
194,IF,F,3,13.5,111.74,86.25,274.05,6.96,43.05,209.57,6.73,64.47,22.56,76.93,76.81,5.88,49.86,1.46,5.0,0.19,12.33,2.33,3.03,19.42,56.26,10.64,1.97,52.99,2.3,,19.49,11.78,26.22,3.98,3.24,4.29,5.35,10.56,7.58,5.45,2.51,4.99,12.69,1.28,0.0,10.68,6.73,5.03,1.54,77.78,11.15,50.28,25.07,113.2,21.56,3.73,87.34,8.0,63.11,4.94,1.26,8.93,1.53,1.12,60.34,0.58,67.49,54.22,13.28,25.73,9.06
197,IF,T,3,13.74,134.06,97.12,289.99,10.6,55.71,213.98,10.31,76.01,28.45,78.03,117.4,5.92,84.75,1.54,4.2,0.29,15.81,4.06,4.31,43.26,95.69,14.63,5.01,138.05,3.35,,,,,4.95,4.83,4.0,5.74,9.46,6.02,4.12,2.04,5.18,12.63,1.53,0.0,9.15,11.38,6.44,1.65,98.47,10.99,54.05,23.33,195.51,20.03,6.21,151.75,9.92,92.48,8.9,3.28,11.54,,,58.12,,68.67,53.67,15.0,25.61,9.05
200,IG,M,3,15.56,159.09,145.6,350.98,18.37,91.5,263.34,17.77,87.63,60.05,157.86,222.97,8.14,115.6,4.23,9.96,19.27,18.27,6.72,4.33,272.09,145.56,20.83,8.04,167.4,3.96,20.99,,,,1.84,3.94,3.57,4.67,2.26,4.67,1.91,1.55,6.12,11.18,1.85,2.13,25.03,35.41,10.23,0.49,91.06,10.69,94.1,41.39,375.68,35.87,21.13,253.76,26.36,244.69,72.41,13.63,31.0,,,56.32,,77.81,61.16,16.65,25.14,18.92
203,IG,F,3,15.92,141.49,123.93,338.68,10.97,61.07,266.2,10.61,72.48,35.68,161.67,116.35,5.69,49.92,3.77,7.59,6.06,13.1,4.16,2.98,179.22,82.76,13.02,3.35,53.32,0.0,,8.56,9.46,40.7,2.42,2.93,2.69,4.48,4.59,1.4,0.66,2.26,2.95,11.62,1.54,3.5,30.71,34.55,4.15,0.9,67.48,10.72,86.5,49.57,206.7,41.73,13.85,144.99,23.82,118.94,26.92,5.68,14.23,4.25,3.0,50.41,0.99,79.6,63.85,15.75,22.98,17.64
206,IG,T,3,15.74,150.29,134.77,344.83,14.67,76.28,264.77,14.19,80.06,47.87,159.77,169.66,6.92,82.76,4.0,8.78,12.66,15.69,5.44,3.66,225.66,114.16,16.93,5.69,110.36,1.98,,,,,2.13,3.44,3.13,4.58,3.42,3.04,1.28,1.91,4.54,11.4,1.7,2.81,27.87,34.98,7.19,0.7,79.27,10.71,90.3,45.48,291.19,38.8,17.49,199.38,25.09,181.81,49.66,9.66,22.62,,,53.37,,78.7,62.51,16.2,24.06,18.28
209,JA,M,3,16.19,229.83,143.46,378.95,15.79,76.71,269.46,15.0,109.49,79.65,153.9,313.62,11.57,226.06,2.98,10.79,35.42,11.71,5.55,8.28,228.69,167.93,25.7,2.76,65.45,3.08,20.4,,,,7.91,5.95,4.37,3.47,5.83,10.51,9.17,2.08,2.78,8.16,1.92,2.46,23.44,24.27,18.09,0.56,118.11,7.6,74.01,45.09,257.31,41.46,9.1,217.69,32.14,119.63,49.74,10.26,30.33,,,39.26,,80.96,61.56,19.4,19.3,8.29
212,JA,F,3,16.18,219.09,165.91,388.52,12.64,67.93,288.12,11.82,100.4,81.57,161.92,206.42,14.88,148.71,2.18,4.03,13.37,11.38,3.84,4.3,163.35,98.68,15.35,1.21,33.93,0.29,,8.41,11.06,20.93,5.6,3.36,2.55,3.37,7.92,6.74,5.57,2.76,3.69,6.72,1.98,3.29,28.58,40.82,16.81,0.21,95.13,6.51,102.62,51.39,251.98,47.58,12.24,223.47,34.33,78.85,24.62,4.42,22.43,11.89,10.09,36.94,2.08,80.89,62.87,18.02,15.01,6.4
215,JA,T,3,16.19,224.46,154.69,383.74,14.21,72.32,278.79,13.41,104.95,80.61,157.91,260.02,13.23,187.39,2.58,7.41,24.39,11.55,4.7,6.29,196.02,133.31,20.52,1.98,49.69,1.69,,,,,6.75,4.66,3.46,3.42,6.88,8.63,7.37,2.42,3.23,7.44,1.95,2.88,26.01,32.55,17.45,0.39,106.62,7.05,88.32,48.24,254.65,44.52,10.67,220.58,33.23,99.24,37.18,7.34,26.38,,,38.1,,80.92,62.22,18.71,17.16,7.34
218,JB,M,3,31.58,220.62,216.55,637.85,21.12,85.46,507.13,20.07,130.72,105.64,326.76,378.39,13.96,263.85,6.82,8.35,12.21,15.04,4.49,12.73,128.79,130.81,36.77,1.61,58.2,11.16,24.58,,,,4.79,3.97,4.02,3.11,18.64,11.53,5.5,0.48,3.49,12.36,2.95,2.97,26.95,37.88,15.75,1.23,201.85,11.13,92.82,78.51,635.28,71.88,28.79,561.03,39.2,172.35,70.59,19.89,58.76,,,121.31,,157.88,135.17,22.7,66.77,46.11
221,JB,F,3,35.04,209.14,230.0,691.78,14.77,79.24,563.84,13.75,127.94,102.12,360.34,242.03,16.86,146.57,9.15,8.06,3.11,12.74,2.7,5.08,57.31,62.39,18.21,1.97,23.95,1.2,,11.94,12.7,41.2,2.95,4.57,2.17,2.88,22.14,6.83,4.6,1.21,2.12,19.99,2.81,6.04,57.02,36.43,22.57,2.71,155.23,17.28,125.73,97.01,416.4,89.59,25.34,370.29,43.98,98.56,25.02,12.14,46.94,15.68,12.07,116.99,3.43,175.21,147.93,27.28,62.99,44.75
224,JB,T,3,33.31,214.88,223.28,664.82,17.95,82.35,535.49,16.91,129.33,103.88,343.55,310.21,15.41,205.21,7.99,8.21,7.66,13.89,3.6,8.91,93.05,96.6,27.49,1.79,41.08,6.18,,,,,3.87,4.27,3.09,3.0,20.39,9.18,5.05,0.84,2.81,16.18,2.88,4.5,41.98,37.16,19.16,1.97,178.54,14.21,109.28,87.76,525.84,80.73,27.07,465.66,41.59,135.46,47.8,16.02,52.85,,,119.15,,166.55,141.55,24.99,64.88,45.43
227,KB,M,3,7.59,76.49,148.82,215.25,19.62,91.73,136.8,18.51,78.45,110.91,28.45,168.41,1.73,99.19,0.84,6.23,0.0,25.38,8.2,7.91,91.43,355.15,20.05,3.31,219.97,1.09,65.18,,,,3.05,12.11,4.85,7.58,1.59,14.35,12.99,0.0,1.02,8.22,2.41,0.39,1.09,30.96,25.08,1.73,176.58,6.49,64.64,13.65,383.12,12.73,36.49,324.41,9.99,158.83,30.77,14.17,51.29,,,26.61,,37.93,28.59,9.33,15.88,1.19
230,KB,F,3,9.08,63.21,81.14,194.16,9.8,57.71,138.97,9.41,55.19,39.78,41.96,87.64,3.02,60.98,0.92,0.0,0.0,11.01,3.09,6.82,32.54,78.25,17.22,0.83,63.92,0.0,,21.18,9.11,47.7,1.31,4.38,1.49,5.47,2.35,19.19,17.0,0.0,1.31,6.53,1.41,1.33,3.89,24.2,16.62,0.49,87.86,6.04,53.28,24.95,216.21,21.49,9.48,197.75,13.5,100.02,10.05,1.31,32.26,1.81,0.0,39.96,0.48,45.41,33.89,11.52,15.59,2.03
233,KB,T,3,8.34,69.85,114.98,204.71,14.71,74.72,137.89,13.96,66.82,75.34,35.2,128.03,2.38,80.08,0.88,3.12,0.0,18.2,5.64,7.37,61.99,216.7,18.64,2.07,141.94,0.55,,,,,2.18,8.24,3.17,6.53,1.97,16.77,15.0,0.0,1.17,7.38,1.91,0.86,2.49,27.58,20.85,1.11,132.22,6.27,58.96,19.3,299.67,17.11,22.99,261.08,11.75,129.43,20.41,7.74,41.77,,,33.29,,41.67,31.24,10.43,15.74,1.61
236,KC,M,3,4.86,66.42,159.65,179.58,17.84,83.17,106.72,17.19,72.86,64.94,35.78,421.43,4.65,201.8,0.63,4.52,134.8,19.94,6.15,9.9,105.37,148.38,77.35,3.68,144.26,7.22,68.38,,,,7.67,7.19,2.37,3.63,0.96,12.1,12.1,0.65,1.08,11.84,1.65,1.85,5.88,7.28,34.81,0.73,112.89,11.12,52.13,15.0,405.17,13.59,26.43,336.58,4.68,66.77,26.48,5.07,17.39,,,20.65,,24.28,13.73,10.55,5.9,0.0
239,KC,F,3,3.28,59.31,108.3,125.64,10.94,57.07,72.54,10.43,53.09,51.83,22.22,268.34,3.22,55.91,0.5,2.34,177.07,17.12,3.27,3.67,27.11,54.18,73.72,2.29,66.66,2.52,,17.33,9.48,6.75,6.67,1.98,3.23,7.25,1.51,6.73,5.56,0.96,1.73,6.11,1.3,0.82,7.23,11.52,11.32,0.32,91.52,5.79,38.15,10.9,208.81,9.53,9.93,177.97,1.93,46.13,4.02,2.33,19.4,1.52,0.0,13.94,0.51,16.38,8.84,7.54,3.06,0.12
242,KC,T,3,4.07,62.87,133.97,152.61,14.39,70.12,89.63,13.81,62.98,58.38,29.0,344.88,3.94,128.86,0.57,3.43,155.94,18.53,4.71,6.79,66.24,101.28,75.53,2.99,105.46,4.87,,,,,7.17,4.58,2.8,5.44,1.24,9.42,8.83,0.81,1.41,8.97,1.48,1.33,6.56,9.4,23.07,0.53,102.2,8.46,45.14,12.95,306.99,11.56,18.18,257.27,3.3,56.45,15.25,3.7,18.39,,,17.29,,20.33,11.29,9.04,4.48,0.06
245,LA,M,3,12.66,148.6,167.38,318.95,22.18,98.54,269.07,21.48,49.88,70.51,153.14,552.35,14.7,400.71,6.04,16.4,0.0,22.31,6.13,20.56,282.34,96.75,15.78,10.39,143.06,1.4,23.62,,,,0.72,0.0,3.77,1.61,3.06,11.7,8.99,1.81,1.86,6.3,3.02,1.38,17.45,39.92,22.8,1.9,219.74,4.4,81.89,50.83,328.01,49.1,27.73,264.52,31.56,232.26,119.53,6.05,68.06,,,32.75,,63.3,58.03,5.26,21.22,12.72
248,LA,F,3,11.45,134.55,172.83,300.73,12.33,65.99,245.72,11.81,55.0,52.54,133.84,277.59,10.3,187.18,5.25,8.23,0.0,13.0,2.2,14.09,61.48,31.0,8.26,2.64,43.41,0.97,,7.92,9.61,25.55,2.31,2.36,2.98,0.39,4.2,15.31,3.57,1.04,2.69,11.38,2.39,2.82,17.39,26.13,17.17,1.16,177.77,10.21,61.23,46.11,201.9,45.34,22.98,163.16,28.02,111.46,41.39,3.84,48.54,9.63,12.69,27.22,1.27,57.23,53.18,4.06,17.63,9.72
251,LA,T,3,12.05,141.58,170.11,309.84,17.25,82.27,257.39,16.64,52.44,61.53,143.49,414.97,12.5,293.94,5.65,12.31,0.0,17.66,4.17,17.32,171.91,63.88,12.02,6.52,93.23,1.19,,,,,1.52,1.18,3.38,1.0,3.63,13.51,6.28,1.43,2.27,8.84,2.71,2.1,17.42,33.02,19.99,1.53,198.76,7.31,71.56,48.47,264.95,47.22,25.36,213.84,29.79,171.86,80.46,4.95,58.3,,,29.98,,60.27,55.61,4.66,19.43,11.22
254,LB,M,3,5.75,127.32,148.97,203.64,21.53,89.34,146.74,20.66,56.9,87.07,64.59,380.53,5.92,321.75,2.55,10.42,1.14,16.19,7.09,20.55,321.4,119.57,25.79,5.73,138.92,0.8,37.63,,,,2.13,2.76,4.12,3.64,3.65,10.45,4.47,0.37,1.31,10.66,4.88,2.83,10.47,49.08,22.77,1.2,393.86,9.45,93.89,21.16,206.1,19.86,7.75,181.41,12.45,161.51,62.94,5.41,31.44,,,29.2,,28.75,25.51,3.24,8.27,1.16
257,LB,F,3,6.19,94.94,124.71,186.88,9.75,52.7,134.79,9.13,52.09,62.43,59.32,130.65,4.53,108.03,2.24,2.26,0.24,10.96,3.1,6.75,161.45,39.3,14.48,2.17,30.34,0.0,,14.61,9.26,12.36,1.92,1.42,2.62,3.13,5.21,3.99,2.85,0.49,0.24,10.61,2.52,3.68,17.27,24.41,18.26,0.34,185.62,10.27,66.01,24.25,79.57,23.86,3.55,72.77,11.43,61.48,14.42,0.85,17.53,3.69,5.26,20.44,0.88,30.97,26.98,3.99,7.34,1.04
260,LB,T,3,5.97,111.13,136.84,195.26,15.64,71.02,140.77,14.9,54.5,74.75,61.96,255.59,5.23,214.89,2.4,6.34,0.69,13.58,5.09,13.65,241.42,79.44,20.14,3.95,84.63,0.4,,,,,2.02,2.09,3.37,3.39,4.43,7.22,3.66,0.43,0.78,10.63,3.7,3.26,13.87,36.74,20.52,0.77,289.74,9.86,79.95,22.71,142.84,21.86,5.65,127.09,11.94,111.49,38.68,3.13,24.49,,,24.82,,29.86,26.25,3.62,7.8,1.1
263,LC,M,3,4.23,91.2,144.45,169.09,17.79,61.94,115.22,16.71,53.87,108.24,36.93,185.24,3.05,144.08,2.75,0.58,5.64,16.41,9.42,18.27,166.51,505.38,28.27,6.86,157.25,1.72,32.19,,,,3.78,2.14,2.85,2.28,0.33,17.28,10.26,1.35,0.93,9.19,1.22,2.38,7.57,29.8,4.0,0.8,68.96,8.39,52.61,14.6,160.54,13.36,18.88,129.74,11.0,114.96,43.99,16.87,19.56,,,11.1,,21.17,19.25,1.92,4.68,0.64
266,LC,F,3,4.88,58.34,132.15,161.87,10.66,47.57,123.28,9.88,38.59,77.51,39.57,157.44,7.26,127.75,1.54,2.84,0.0,8.9,3.32,7.45,69.89,120.06,17.16,2.61,50.65,1.25,,15.47,12.15,16.61,3.41,3.05,2.5,6.44,0.0,13.99,8.5,1.72,4.61,9.37,1.34,3.9,15.22,21.93,4.52,0.47,83.61,8.9,49.89,19.98,110.48,15.8,14.27,88.65,12.98,88.44,19.08,6.09,11.85,7.55,7.95,13.88,1.34,24.39,22.18,2.21,5.32,1.2
269,LC,T,3,4.56,74.77,138.3,165.48,14.22,54.76,119.25,13.3,46.23,92.88,38.25,171.34,5.16,135.92,2.15,1.71,2.82,12.66,6.37,12.86,118.2,312.72,22.71,4.74,103.95,1.49,,,,,3.6,2.6,2.68,4.36,0.17,15.64,9.38,1.54,2.77,9.28,1.28,3.14,11.4,25.87,4.26,0.64,76.28,8.65,51.25,17.29,135.51,14.58,16.57,109.2,11.99,101.7,31.54,11.48,15.71,,,12.49,,22.78,20.71,2.06,5.0,0.92
272,LD,M,3,7.12,99.09,169.02,226.64,20.72,80.04,165.34,19.35,61.3,137.4,54.73,398.18,8.09,352.28,3.37,9.14,0.0,29.77,6.72,19.65,297.5,88.21,22.5,14.6,157.76,6.16,33.43,,,,4.11,5.9,3.42,3.09,11.76,6.11,4.58,0.96,0.94,5.27,2.93,0.97,18.29,51.52,28.39,0.19,164.51,5.08,128.83,21.46,240.83,20.78,9.13,204.88,16.58,199.82,91.48,5.37,47.31,,,21.76,,35.61,32.51,3.1,6.36,1.09
275,LD,F,3,6.74,91.72,200.83,237.21,9.58,45.24,148.78,8.79,88.43,78.72,48.72,117.97,5.68,85.15,2.75,2.53,0.0,16.44,3.39,7.62,174.78,35.95,13.88,4.68,44.0,0.0,,11.44,13.64,14.17,3.91,3.25,3.3,1.9,14.35,2.78,0.78,0.24,1.63,8.84,1.59,2.84,17.59,26.83,14.91,0.62,88.12,8.22,70.46,21.05,102.33,19.66,8.52,83.5,16.47,68.52,19.24,3.23,24.31,3.79,7.27,19.03,0.72,33.69,29.94,3.75,4.63,0.57
278,LD,T,3,6.93,95.41,184.93,231.93,15.15,62.64,157.06,14.07,74.87,108.06,51.73,258.07,6.88,218.72,3.06,5.83,0.0,23.11,5.05,13.63,236.14,62.08,18.19,9.64,100.88,3.08,,,,,4.01,4.58,3.36,2.5,13.05,4.45,2.68,0.6,1.28,7.05,2.26,1.91,17.94,39.18,21.65,0.41,126.31,6.65,99.65,21.26,171.58,20.22,8.83,144.19,16.52,134.17,55.36,4.3,35.81,,,20.4,,34.65,31.23,3.43,5.5,0.83
281,MB,M,3,19.74,161.61,169.81,425.21,14.3,72.84,340.0,13.07,85.21,122.57,175.46,325.86,8.45,240.06,5.19,3.9,2.79,16.21,1.75,14.33,12.84,48.35,16.8,1.18,53.03,0.0,3.18,,,,3.44,4.95,7.5,3.26,12.38,4.82,0.0,3.41,1.95,10.52,2.08,1.03,29.93,24.32,16.09,0.96,130.6,9.56,77.79,72.69,317.12,66.8,26.5,266.88,44.14,219.05,37.23,8.55,39.88,,,96.53,,98.7,88.11,10.59,28.39,14.51
284,MB,F,3,17.58,137.28,159.11,381.22,13.18,113.93,317.8,11.81,63.42,136.3,160.32,243.56,10.6,194.59,2.97,1.06,0.0,12.66,1.45,4.21,2.82,28.15,11.08,1.34,21.38,0.0,,1.03,13.28,46.45,1.03,0.0,5.92,3.35,15.52,0.73,0.0,3.19,3.49,13.49,2.34,5.32,47.58,27.62,24.61,1.98,123.48,11.52,110.3,69.7,340.09,62.64,18.53,313.98,34.46,114.54,21.69,9.87,48.56,10.65,17.99,71.25,2.52,87.88,77.27,10.6,20.04,10.24
287,MB,T,3,18.66,149.45,164.46,403.22,13.74,93.39,328.9,12.44,74.31,129.44,167.89,284.71,9.53,217.33,4.08,2.48,1.4,14.44,1.6,9.27,7.83,38.25,13.94,1.26,37.2,0.0,,,,,2.23,2.48,6.71,3.31,13.95,2.78,0.0,3.3,2.72,12.01,2.21,3.18,38.76,25.97,20.35,1.47,127.04,10.54,94.05,71.2,328.61,64.72,22.52,290.43,39.3,166.8,29.46,9.21,44.22,,,83.89,,93.29,82.69,10.6,24.21,12.38
290,MC,M,3,13.39,195.89,126.99,319.81,19.2,78.98,239.39,18.08,80.43,112.38,122.23,293.62,9.01,233.92,6.65,11.54,0.0,14.86,4.55,8.27,36.88,171.19,32.59,4.81,159.44,1.26,8.99,,,,3.06,7.5,2.61,5.61,9.12,1.15,1.15,3.34,6.5,8.48,2.5,3.57,19.97,31.6,10.81,0.0,160.11,8.48,90.17,51.71,417.65,49.16,10.69,376.5,34.79,302.56,45.2,0.0,28.12,,,46.4,,66.95,57.22,9.72,11.87,4.5
293,MC,F,3,14.28,178.73,147.42,339.28,13.3,72.62,274.23,12.43,65.04,86.71,148.58,277.91,14.93,222.2,6.35,5.6,0.0,10.0,1.64,4.72,12.75,38.83,14.65,1.34,33.3,0.0,,6.34,7.82,35.13,0.0,1.02,3.61,0.0,11.17,3.62,1.47,2.63,5.29,17.35,1.7,9.31,24.17,26.88,2.78,2.03,88.24,15.32,81.89,63.54,405.22,57.16,8.0,370.69,26.47,120.83,26.64,2.15,29.95,6.19,7.24,42.91,1.08,71.39,61.04,10.35,11.44,3.38
296,MC,T,3,13.84,187.31,137.2,329.55,16.25,75.8,256.81,15.25,72.74,99.55,135.41,285.77,11.97,228.06,6.5,8.57,0.0,12.43,3.09,6.5,24.82,105.01,23.62,3.07,96.37,0.63,,,,,1.53,4.26,3.11,2.81,10.14,2.39,1.31,2.98,5.9,12.92,2.1,6.44,22.07,29.24,6.79,1.01,124.18,11.9,86.03,57.63,411.44,53.16,9.35,373.6,30.63,211.69,35.92,1.07,29.04,,,44.66,,69.17,59.13,10.04,11.65,3.94
299,MD,M,3,18.23,156.25,164.76,399.26,15.3,92.62,307.74,13.48,91.53,182.16,141.36,244.27,5.41,178.54,2.39,0.0,1.76,10.22,1.63,13.38,9.15,49.32,6.38,1.95,54.36,0.0,8.55,,,,1.76,7.43,1.75,0.0,11.64,7.57,7.57,0.67,4.57,6.14,2.54,0.85,0.0,35.74,31.79,0.0,160.44,6.14,93.98,66.48,294.97,65.47,11.36,258.04,33.27,279.15,42.4,8.76,30.14,,,69.93,,91.17,76.43,14.74,31.09,6.96
302,MD,F,3,23.11,168.72,174.57,478.14,13.56,74.4,375.66,12.19,102.48,136.21,185.2,293.65,11.09,204.93,5.11,4.35,0.0,11.92,1.67,7.16,1.91,55.12,10.13,0.0,13.9,0.0,,1.91,19.9,48.7,0.0,0.0,0.0,3.73,17.94,6.78,4.24,0.0,2.09,12.89,1.87,4.75,1.91,28.85,22.8,0.0,127.4,12.89,59.29,96.31,361.63,86.3,39.78,280.33,27.29,143.41,19.0,2.94,27.69,12.65,20.55,85.51,2.03,115.56,94.69,20.88,34.3,8.01
305,MD,T,3,20.67,162.49,169.66,438.7,14.43,83.51,341.7,12.84,97.01,159.19,163.28,268.96,8.25,191.74,3.75,2.17,0.88,11.07,1.65,10.27,5.53,52.22,8.26,0.97,34.13,0.0,,,,,0.88,3.71,0.88,1.86,14.79,7.18,5.91,0.34,3.33,9.52,2.21,2.8,0.95,32.3,27.3,0.0,143.92,9.52,76.64,81.4,328.3,75.89,25.57,269.19,30.28,211.28,30.7,5.85,28.92,,,77.72,,103.37,85.56,17.81,32.7,7.49
308,,M,3,23.77,234.98,211.5,527.53,17.94,80.98,433.3,16.38,94.22,156.15,186.8,416.51,11.12,318.51,9.8,4.65,0.0,19.28,2.56,33.18,8.27,75.94,6.07,5.75,77.16,4.47,26.05,,,,6.24,5.92,2.75,3.84,10.62,7.5,4.26,1.36,2.04,14.83,1.8,6.29,19.12,18.88,6.71,2.8,124.53,12.03,55.63,70.86,475.54,67.15,22.96,412.42,57.97,223.75,85.41,29.5,48.41,,,65.35,,118.84,107.16,11.68,44.79,8.36
311,,F,3,18.26,366.44,213.82,487.77,11.17,58.46,410.9,10.45,76.88,72.1,182.88,226.08,19.24,184.8,13.42,5.24,0.0,11.09,1.13,7.46,2.68,40.81,4.07,0.53,9.97,1.39,,4.17,10.22,17.4,4.72,1.28,3.16,0.92,17.71,3.93,2.38,1.18,1.96,26.07,1.87,14.29,30.83,18.14,11.15,0.9,122.02,25.17,64.54,64.57,351.8,60.37,13.06,320.37,58.29,100.8,41.25,7.55,23.13,17.34,12.66,47.14,2.16,91.31,82.03,9.28,28.43,5.63
314,,T,3,21.02,300.71,212.66,507.65,14.56,69.72,422.1,13.41,85.55,114.13,184.84,321.3,15.18,251.66,11.61,4.95,0.0,15.19,1.84,20.32,5.47,58.38,5.07,3.14,43.56,2.93,,,,,5.48,3.6,2.96,2.38,14.17,5.71,3.32,1.27,2.0,20.45,1.84,10.29,24.98,18.51,8.93,1.85,123.28,18.6,60.09,67.72,413.67,63.76,18.01,366.4,58.13,162.28,63.33,18.52,35.77,,,56.24,,105.08,94.59,10.48,36.61,7.0
317,NB,M,3,24.0,233.76,226.12,538.93,14.73,74.79,456.06,13.55,82.86,118.48,252.47,454.11,21.93,307.97,7.01,14.19,0.6,10.31,1.41,23.48,5.63,43.72,4.19,3.48,35.51,5.77,6.14,,,,0.76,4.21,2.7,0.76,12.28,9.22,3.82,1.53,1.44,15.25,1.61,4.36,24.36,12.56,2.78,2.74,116.99,12.51,43.9,72.56,331.61,69.18,36.04,243.3,44.94,238.96,127.09,8.53,15.56,,,60.51,,120.02,110.44,9.58,41.46,14.72
320,NB,F,3,26.55,257.38,214.05,575.19,13.31,65.09,499.97,12.78,75.22,52.87,288.48,378.48,30.08,264.78,6.42,9.66,0.0,8.74,1.2,17.29,1.56,24.06,5.76,0.27,16.94,0.0,,6.07,9.93,26.72,0.0,0.0,1.25,0.0,16.33,4.38,0.71,1.44,0.79,17.3,1.9,8.27,47.42,33.09,7.04,0.64,93.38,16.66,96.9,96.07,338.81,91.12,33.65,260.28,49.31,184.03,101.61,7.34,7.62,13.26,22.4,66.91,1.93,132.77,122.77,10.0,37.85,14.44
323,NB,T,3,25.28,245.57,220.09,557.06,14.02,69.94,478.02,13.17,79.04,85.67,270.48,416.3,26.0,286.38,6.71,11.93,0.3,9.53,1.3,20.39,3.6,33.89,4.98,1.88,26.23,2.88,,,,,0.38,2.1,1.98,0.38,14.3,6.8,2.27,1.49,1.11,16.28,1.76,6.32,35.89,22.83,4.91,1.69,105.19,14.59,70.4,84.31,335.21,80.15,34.84,251.79,47.13,211.5,114.35,7.93,11.59,,,63.71,,126.4,116.61,9.79,39.66,14.58
326,NC,M,3,21.79,221.95,229.21,505.63,15.92,76.7,402.1,14.67,103.53,124.75,218.06,333.05,16.59,209.81,6.15,13.99,1.1,9.67,2.07,17.91,16.11,72.83,12.95,1.68,46.31,1.93,12.06,,,,4.73,4.69,3.45,2.25,6.47,11.46,4.51,2.44,4.56,11.93,2.39,4.79,19.62,33.57,6.0,1.2,167.93,10.73,70.61,60.74,387.98,49.35,17.15,338.97,52.55,226.17,96.32,10.02,22.54,,,65.0,,108.93,96.52,12.41,42.64,21.48
329,NC,F,3,21.98,213.26,246.89,516.02,13.71,65.55,417.47,12.77,98.55,94.31,221.38,226.5,22.49,144.39,5.15,8.92,0.0,10.53,1.73,11.45,5.02,39.77,10.6,0.94,18.62,0.62,,6.42,11.66,45.8,2.65,5.25,2.92,2.56,8.4,8.28,4.02,2.03,3.57,13.17,2.34,6.99,38.41,30.88,3.73,1.04,149.22,12.13,84.84,64.75,433.59,48.65,13.4,401.92,62.96,148.94,55.04,5.92,15.21,8.14,7.72,54.78,1.17,109.9,96.26,13.65,33.94,16.9
332,NC,T,3,21.89,217.6,238.05,510.82,14.82,71.13,409.79,13.72,101.04,109.53,219.72,279.78,19.54,177.1,5.65,11.46,0.55,10.1,1.9,14.68,10.56,56.3,11.78,1.31,32.47,1.27,,,,,3.69,4.97,3.19,2.41,7.44,9.87,4.26,2.23,4.06,12.55,2.37,5.89,29.02,32.23,4.87,1.12,158.58,11.43,77.73,62.75,410.79,49.0,15.28,370.45,57.76,187.56,75.68,7.97,18.88,,,59.89,,109.42,96.39,13.03,38.29,19.19
335,ND,M,3,29.65,328.17,342.05,712.81,23.12,138.86,466.84,21.44,245.97,167.49,251.49,616.14,18.12,343.11,6.19,11.45,126.78,18.58,3.44,16.87,34.62,43.35,42.62,5.04,91.57,5.91,36.48,,,,5.88,10.98,5.23,6.59,5.61,6.51,4.03,4.16,9.35,18.84,4.48,2.81,64.33,74.23,27.84,3.46,268.15,15.38,179.87,84.93,399.31,78.91,35.3,317.31,49.99,220.89,98.53,25.38,44.69,,,46.68,,148.26,109.16,39.09,43.19,16.17
338,ND,F,3,28.16,262.34,369.82,688.49,18.84,100.6,482.51,17.66,205.98,117.38,270.54,441.17,20.58,293.57,6.53,15.98,26.7,19.28,2.92,14.41,8.09,35.71,19.28,1.79,23.45,1.15,,15.26,22.2,119.09,6.24,7.91,3.35,2.41,8.26,5.49,4.03,6.87,6.27,13.42,4.26,4.64,75.26,88.66,25.36,1.77,207.5,11.64,218.49,97.63,379.89,88.47,37.11,313.01,39.15,122.49,40.16,14.58,33.32,23.79,21.13,41.66,1.77,140.78,108.36,32.42,32.84,12.8
341,ND,T,3,28.91,295.25,355.94,700.65,20.98,119.73,474.68,19.55,225.97,142.44,261.02,528.65,19.35,318.34,6.36,13.71,76.74,18.93,3.18,15.64,21.36,39.53,30.95,3.42,57.51,3.53,,,,,6.06,9.45,4.29,4.5,6.94,6.0,4.03,5.52,7.81,16.13,4.37,3.73,69.8,81.45,26.6,2.62,237.82,13.51,199.18,91.28,389.6,83.69,36.2,315.16,44.57,171.69,69.34,19.98,39.01,,,44.17,,144.52,108.76,35.76,38.02,14.49
344,OA,M,3,14.27,132.48,147.98,326.29,14.88,69.67,,,,,,,,,,,,9.22,2.37,5.98,94.37,74.97,10.14,1.32,24.74,,8.37,,,,,,3.34,3.47,,,,,,,,,,,,,,,,,,,,,,,,,,,,33.99,,71.36,,,,
347,OA,F,3,13.2,99.61,150.88,303.23,9.94,65.08,,,,,,,,,,,,5.25,1.49,1.67,44.97,28.81,6.73,0.26,13.28,,,4.65,7.67,26.54,,,2.36,2.66,,,,,,,,,,,,,,,,,,,,,,,,,,,,33.45,,65.99,,,,
350,OA,T,3,13.73,116.05,149.43,314.76,12.41,67.38,,,,,,,,,,,,7.24,1.93,3.83,69.67,51.89,8.44,0.79,19.01,,,,,,,,2.85,3.07,,,,,,,,,,,,,,,,,,,,,,,,,,,,33.72,,68.67,,,,
353,OB,M,3,8.65,140.44,170.05,260.93,19.3,80.29,,,,,,,,,,,,13.63,4.31,6.93,146.37,150.13,19.34,2.14,64.36,,19.99,,,,,,3.9,4.28,,,,,,,,,,,,,,,,,,,,,,,,,,,,27.22,,43.27,,,,
356,OB,F,3,10.06,125.93,146.58,263.4,11.14,66.96,,,,,,,,,,,,10.58,2.45,2.29,65.67,60.92,15.76,0.88,26.18,,,3.21,14.3,33.54,,,3.29,2.56,,,,,,,,,,,,,,,,,,,,,,,,,,,,29.95,,50.28,,,,
359,OB,T,3,9.36,133.19,158.32,262.17,15.22,73.63,,,,,,,,,,,,12.11,3.38,4.61,106.02,105.53,17.55,1.51,45.27,,,,,,,,3.6,3.42,,,,,,,,,,,,,,,,,,,,,,,,,,,,28.59,,46.78,,,,
362,PA,M,3,10.83,156.73,166.19,294.43,14.35,107.46,,,,,,,,,,,,15.45,1.61,45.74,25.06,19.46,5.81,5.17,34.56,,12.39,,,,,,1.49,0.48,,,,,,,,,,,,,,,,,,,,,,,,,,,,,,54.14,,,,
365,PA,F,3,9.78,133.19,149.45,263.22,8.91,70.65,,,,,,,,,,,,5.61,0.93,20.24,7.98,9.48,2.96,0.4,14.84,,,1.08,5.07,23.12,,,0.7,0.7,,,,,,,,,,,,,,,,,,,,,,,,,,,,,,48.92,,,,
368,PA,T,3,10.3,144.96,157.82,278.83,11.63,89.06,,,,,,,,,,,,10.53,1.27,32.99,16.52,14.47,4.38,2.79,24.7,,,,,,,,1.09,0.59,,,,,,,,,,,,,,,,,,,,,,,,,,,,,,51.53,,,,
371,PC,M,3,9.44,138.32,231.21,306.56,13.92,81.34,,,,,,,,,,,,48.41,1.96,21.75,9.13,22.75,5.77,43.9,128.75,,3.89,,,,,,0.82,2.19,,,,,,,,,,,,,,,,,,,,,,,,,,,,,,47.22,,,,
374,PC,F,3,8.9,123.44,155.5,251.22,7.98,57.33,,,,,,,,,,,,14.11,0.74,5.67,1.03,11.73,3.9,7.36,43.52,,,0.0,1.66,4.93,,,0.0,0.0,,,,,,,,,,,,,,,,,,,,,,,,,,,,,,44.48,,,,
377,PC,T,3,9.17,130.88,193.36,278.89,10.95,69.34,,,,,,,,,,,,31.26,1.35,13.71,5.08,17.24,4.83,25.63,86.14,,,,,,,,0.41,1.09,,,,,,,,,,,,,,,,,,,,,,,,,,,,,,45.85,,,,
380,PD,M,3,6.61,98.5,219.76,248.13,11.81,70.16,,,,,,,,,,,,69.46,3.32,24.45,7.6,38.76,6.42,63.63,221.68,,24.41,,,,,,0.28,1.29,,,,,,,,,,,,,,,,,,,,,,,,,,,,,,33.04,,,,
383,PD,F,3,6.21,88.04,119.71,182.21,6.36,46.8,,,,,,,,,,,,14.59,1.03,13.34,1.31,13.35,2.71,11.02,55.79,,,1.04,3.42,7.43,,,0.0,1.1,,,,,,,,,,,,,,,,,,,,,,,,,,,,,,31.03,,,,
386,PD,T,3,6.41,93.27,169.73,215.17,9.09,58.48,,,,,,,,,,,,42.02,2.17,18.89,4.46,26.05,4.57,37.33,138.74,,,,,,,,0.14,1.2,,,,,,,,,,,,,,,,,,,,,,,,,,,,,,32.04,,,,
389,PE,M,3,8.26,140.71,142.33,239.52,11.57,53.54,,,,,,,,,,,,8.38,0.98,12.45,21.11,12.04,5.66,5.34,39.79,,3.0,,,,,,0.65,0.53,,,,,,,,,,,,,,,,,,,,,,,,,,,,,,41.29,,,,
392,PE,F,3,9.48,119.27,137.31,247.96,8.6,42.5,,,,,,,,,,,,4.28,0.76,5.3,15.04,11.85,3.26,0.27,15.46,,,0.0,7.28,7.14,,,0.9,0.0,,,,,,,,,,,,,,,,,,,,,,,,,,,,,,47.4,,,,
395,PE,T,3,8.87,129.99,139.82,243.74,10.09,48.02,,,,,,,,,,,,6.33,0.87,8.88,18.07,11.95,4.46,2.81,27.63,,,,,,,,0.78,0.27,,,,,,,,,,,,,,,,,,,,,,,,,,,,,,44.34,,,,
398,QA,M,3,27.51,282.03,249.22,615.98,13.16,65.57,507.65,11.42,108.32,173.86,302.95,178.94,11.92,87.03,1.45,2.06,0.0,10.5,1.21,18.28,8.05,34.1,13.07,2.0,21.88,1.7,5.86,,,,5.87,0.0,1.38,2.13,5.67,1.38,0.0,5.11,6.04,15.1,1.72,10.18,84.65,20.78,5.68,0.41,57.81,14.7,114.07,111.31,361.22,104.94,40.41,281.39,82.63,185.17,38.04,43.38,61.96,,,56.69,,137.54,130.88,6.66,42.96,33.11
401,QA,F,3,24.55,252.52,188.53,530.6,11.5,61.29,493.0,10.84,37.6,66.07,284.59,169.82,21.1,87.13,2.19,6.04,0.0,11.3,0.97,2.45,3.74,36.17,8.56,0.41,5.59,0.0,,3.96,5.06,12.05,8.1,1.54,0.8,0.0,5.07,0.0,0.0,3.35,4.22,16.96,2.0,10.78,120.46,19.02,3.69,1.57,54.21,15.39,145.9,122.72,403.46,111.0,43.92,334.25,78.21,123.41,19.93,24.11,39.04,16.81,16.89,43.67,1.65,122.75,118.25,4.51,28.73,22.53
404,QA,T,3,26.03,267.27,218.88,573.29,12.33,63.43,500.32,11.13,72.96,119.97,293.77,174.38,16.51,87.08,1.82,4.05,0.0,10.9,1.09,10.37,5.9,35.14,10.82,1.21,13.73,0.85,,,,,6.99,0.77,1.09,1.06,5.37,0.69,0.0,4.23,5.13,16.03,1.86,10.48,102.56,19.9,4.68,0.99,56.01,15.04,129.99,117.02,382.34,107.97,42.16,307.82,80.42,154.29,28.98,33.75,50.5,,,50.18,,130.15,124.56,5.58,35.84,27.82
407,QB,M,3,41.26,346.28,299.52,859.51,13.6,49.09,778.8,12.45,80.7,115.34,460.09,407.25,30.62,269.2,9.36,10.41,0.0,8.05,0.91,12.69,9.58,26.17,7.32,1.93,13.97,0.0,5.66,,,,0.63,1.87,1.93,0.63,3.09,5.17,4.45,4.25,3.92,9.91,0.88,5.91,25.46,14.46,8.67,0.48,37.31,9.43,50.45,187.78,395.11,170.83,52.01,313.59,120.89,148.02,41.53,23.59,33.77,,,89.54,,206.3,197.66,8.63,42.86,20.4
410,QB,F,3,36.29,346.75,280.75,777.98,14.65,50.25,737.06,14.09,40.92,55.43,443.83,368.24,42.23,239.6,5.1,8.4,0.0,5.2,1.1,2.17,7.88,32.52,5.58,0.47,11.03,0.0,,2.07,4.01,38.25,0.75,1.22,0.55,0.75,2.23,1.54,0.0,2.71,4.45,18.52,1.13,13.35,41.16,18.18,9.69,0.88,43.14,17.63,69.88,191.22,617.88,171.98,52.38,540.02,98.52,93.62,32.6,23.01,23.33,22.13,27.29,64.32,3.07,181.47,174.39,7.08,27.32,13.16
413,QB,T,3,38.77,346.51,290.13,818.75,14.13,49.67,757.93,13.27,60.81,85.39,451.96,387.75,36.42,254.4,7.23,9.41,0.0,6.63,1.01,7.43,8.73,29.35,6.45,1.2,12.5,0.0,,,,,0.69,1.55,1.24,0.69,2.66,3.35,2.23,3.48,4.19,14.21,1.0,9.63,33.31,16.32,9.18,0.68,40.23,13.53,60.16,189.5,506.5,171.41,52.2,426.81,109.7,120.82,37.07,23.3,28.55,,,76.93,,193.89,186.03,7.86,35.09,16.78
416,QC,M,3,32.18,411.56,176.24,678.01,9.52,41.09,624.9,8.82,53.11,70.73,409.92,230.33,13.78,97.14,4.49,3.93,0.0,3.7,0.34,2.9,1.92,5.07,3.95,0.66,7.74,2.6,2.29,,,,0.96,2.29,0.95,0.58,15.31,2.41,0.0,4.01,5.47,10.12,1.01,6.56,37.08,20.91,0.0,0.0,40.71,10.12,60.71,187.06,313.35,180.36,75.85,212.31,105.41,145.6,26.18,27.92,46.58,,,29.06,,160.9,156.43,4.47,16.96,10.97
419,QC,F,3,33.55,398.72,184.73,698.73,9.62,39.67,658.05,9.22,40.67,39.79,422.46,222.59,16.11,72.92,4.51,5.63,0.0,3.85,0.37,2.94,0.93,3.92,2.16,0.87,2.16,0.65,,0.65,10.19,5.06,0.0,2.73,0.87,0.0,15.09,3.18,1.16,5.34,7.5,15.73,1.29,13.11,62.24,16.28,5.92,0.48,39.31,15.24,89.64,199.67,308.76,195.62,82.67,195.96,101.66,124.39,16.41,21.87,44.18,17.97,28.78,27.1,3.44,167.74,162.79,4.94,17.55,10.96
422,QC,T,3,32.87,405.14,180.49,688.37,9.57,40.38,641.48,9.02,46.89,55.26,416.19,226.46,14.95,85.03,4.5,4.78,0.0,3.78,0.36,2.92,1.43,4.5,3.06,0.77,4.95,1.63,,,,,0.48,2.51,0.91,0.29,15.2,2.8,0.58,4.67,6.49,12.93,1.15,9.83,49.66,18.6,2.96,0.24,40.01,12.68,75.17,193.37,311.06,187.99,79.26,204.14,103.53,135.0,21.3,24.9,45.38,,,28.08,,164.32,159.61,4.71,17.26,10.97
425,RA,M,3,23.41,152.66,174.4,477.66,11.2,53.73,406.32,10.16,71.33,103.79,242.92,175.96,7.68,75.15,1.38,9.7,0.0,9.18,2.12,2.92,8.45,16.8,8.2,1.16,27.37,1.5,114.64,,,,8.3,3.28,1.91,3.65,5.72,5.59,1.25,2.7,2.34,12.61,1.01,4.83,36.89,7.9,6.61,0.8,36.5,11.81,64.72,132.71,284.46,126.96,18.59,215.69,42.11,145.54,39.31,27.26,34.8,,,89.99,,117.03,110.93,6.1,45.67,26.08
428,RA,F,3,21.63,139.04,161.0,440.71,12.17,51.98,403.39,11.66,37.32,51.67,231.11,165.93,11.2,71.0,2.59,11.98,0.0,6.08,1.86,2.07,3.7,14.41,6.33,0.64,13.9,0.94,,97.45,10.3,9.66,10.88,2.2,0.94,0.62,6.95,5.74,0.98,1.26,2.7,15.88,1.12,5.68,58.24,2.03,7.24,2.52,33.27,13.36,79.02,134.46,466.7,122.28,19.3,391.85,34.05,120.98,22.37,19.53,26.08,16.82,27.01,84.54,2.71,108.15,102.28,5.87,40.14,21.16
431,RA,T,3,22.52,145.85,167.7,459.19,11.69,52.85,404.86,10.91,54.33,77.73,237.02,170.95,9.44,73.08,1.98,10.84,0.0,7.63,1.99,2.5,6.08,15.61,7.26,0.9,20.64,1.22,,,,,9.59,2.74,1.43,2.13,6.33,5.67,1.11,1.98,2.52,14.25,1.07,5.25,47.57,4.96,6.93,1.66,34.89,12.59,71.87,133.59,375.58,124.62,18.95,303.77,38.08,133.26,30.84,23.4,30.44,,,87.27,,112.59,106.61,5.99,42.91,23.62
434,SA,M,3,22.08,128.08,177.91,453.68,12.26,52.7,304.84,11.46,148.84,79.97,178.42,182.52,11.14,97.47,1.98,12.98,0.0,6.47,1.74,12.08,22.76,57.24,12.37,1.58,34.59,0.0,21.07,,,,1.02,1.04,2.13,2.65,10.98,1.97,1.97,0.8,1.02,9.63,1.78,4.1,30.15,7.26,1.97,0.67,137.74,8.96,40.4,73.52,469.1,63.49,13.05,437.46,35.37,125.11,48.5,4.96,4.98,,,97.47,,110.4,72.62,37.78,21.49,9.41
437,SA,F,3,21.64,123.36,172.73,443.12,12.0,56.86,316.16,11.49,126.97,50.68,184.58,181.53,16.92,87.92,1.94,6.87,0.0,5.99,1.39,10.92,10.1,37.54,6.91,0.0,21.46,0.0,,9.56,9.78,11.58,1.72,3.5,4.03,3.43,17.56,6.18,6.18,0.43,0.0,11.8,1.3,6.89,32.93,6.5,0.0,0.0,88.92,11.8,41.43,70.64,563.83,58.88,10.93,539.29,36.06,102.27,23.44,7.02,6.87,3.59,3.7,70.39,1.25,108.21,74.0,34.21,20.65,9.65
440,SA,T,3,21.86,125.72,175.32,448.4,12.13,54.78,310.5,11.48,137.91,65.33,181.5,182.03,14.03,92.7,1.96,9.93,0.0,6.23,1.56,11.5,16.43,47.39,9.64,0.79,28.03,0.0,,,,,1.37,2.27,3.08,3.04,14.27,4.08,4.08,0.61,0.51,10.72,1.54,5.5,31.54,6.88,0.98,0.34,113.33,10.38,40.91,72.08,516.47,61.19,11.99,488.38,35.72,113.69,35.97,5.99,5.93,,,83.93,,109.31,73.31,36.0,21.07,9.53
443,SB,M,3,21.53,211.45,183.18,472.64,19.67,86.16,357.42,18.42,115.22,124.14,240.19,170.3,16.06,92.92,3.27,5.74,0.0,8.02,6.57,8.27,345.68,168.35,22.48,2.24,45.7,7.37,25.03,,,,4.31,7.81,2.55,1.02,2.91,5.53,3.32,3.04,3.65,20.26,2.14,9.79,16.01,18.23,6.69,1.64,145.85,18.62,67.82,84.83,513.38,82.23,36.46,458.87,28.94,219.18,106.43,24.0,41.57,,,77.32,,107.65,89.01,18.63,38.74,28.73
446,SB,F,3,18.61,194.39,190.88,430.52,15.87,63.58,349.45,15.19,81.06,68.1,216.58,150.4,16.32,74.33,3.25,10.22,0.0,8.4,4.84,7.47,205.83,86.05,11.79,1.09,17.5,0.7,,10.14,7.0,113.12,2.44,7.17,1.53,1.81,3.36,5.3,1.14,4.15,3.47,28.3,1.96,14.91,24.41,19.33,7.18,2.55,119.44,25.74,76.18,81.24,525.63,79.44,32.93,476.28,26.53,106.76,40.67,12.64,30.09,12.58,7.75,63.83,1.89,93.07,78.92,14.14,29.49,22.25
449,SB,T,3,20.07,202.92,187.03,451.58,17.77,74.87,353.44,16.8,98.14,96.12,228.39,160.35,16.19,83.63,3.26,7.98,0.0,8.21,5.71,7.87,275.75,127.2,17.14,1.67,31.6,4.04,,,,,3.38,7.49,2.04,1.42,3.14,5.42,2.23,3.6,3.56,24.28,2.05,12.35,20.21,18.78,6.94,2.09,132.65,22.18,72.0,83.03,519.5,80.84,34.7,467.57,27.74,162.97,73.55,18.32,35.83,,,70.58,,100.36,83.97,16.39,34.12,25.49
452,SC,M,3,23.24,190.74,238.04,522.51,22.91,86.98,390.23,21.89,132.27,101.65,249.94,319.12,29.91,181.29,6.62,21.22,0.0,6.71,4.1,7.49,172.52,106.45,21.95,0.9,49.13,5.75,14.29,,,,5.97,3.88,2.2,1.68,4.78,7.97,3.96,3.27,3.04,13.72,2.98,8.85,22.11,26.31,20.02,0.14,219.03,13.58,78.66,81.93,797.62,75.2,45.38,718.87,44.34,294.27,178.08,34.2,62.8,,,105.18,,116.2,90.84,25.35,33.72,21.02
455,SC,F,3,20.78,191.01,257.87,498.81,17.42,75.82,399.33,16.71,99.48,71.66,260.3,228.36,38.47,121.62,8.42,12.16,0.0,7.72,2.61,3.73,113.3,54.48,14.46,0.72,16.55,0.8,,7.05,8.77,18.52,2.65,2.77,2.5,0.82,4.57,3.4,1.89,4.04,2.46,20.14,2.37,14.96,33.58,20.67,11.77,0.0,163.14,20.14,73.43,87.68,788.02,78.26,41.26,726.01,33.81,106.65,44.84,18.82,37.58,8.13,7.68,84.76,2.66,103.91,84.28,19.63,25.5,16.94
458,SC,T,3,22.01,190.88,247.96,510.66,20.17,81.4,394.78,19.3,115.88,86.66,255.12,273.74,34.19,151.46,7.52,16.69,0.0,7.21,3.35,5.61,142.91,80.47,18.21,0.81,32.84,3.27,,,,,4.31,3.33,2.35,1.25,4.68,5.68,2.92,3.66,2.75,16.93,2.68,11.91,27.84,23.49,15.89,0.07,191.09,16.86,76.05,84.81,792.82,76.73,43.32,722.44,39.08,200.46,111.46,26.51,50.19,,,94.97,,110.06,87.56,22.49,29.61,18.98
461,TA,M,3,33.07,216.0,291.67,700.78,17.81,88.97,568.47,15.8,132.31,201.11,339.83,238.12,12.24,77.78,4.43,17.39,0.0,10.68,4.46,4.94,196.04,138.15,27.17,0.67,33.81,3.39,16.02,,,,7.12,0.83,1.36,0.0,10.83,4.98,0.72,2.4,4.56,12.44,1.8,4.43,18.1,21.24,19.54,2.54,113.35,9.9,66.56,133.71,466.91,123.34,90.36,334.71,87.22,236.75,90.77,52.75,42.69,,,106.83,,165.34,151.0,14.34,56.24,38.51
464,TA,F,3,31.49,259.45,305.35,698.48,16.56,60.72,617.62,15.68,80.86,87.53,373.82,273.54,31.54,104.26,11.51,19.33,0.0,8.79,3.25,8.82,77.09,52.02,30.41,0.23,20.55,0.0,,10.97,10.37,88.68,4.24,2.78,1.49,3.04,11.33,6.38,4.85,3.6,0.89,19.91,2.24,11.25,38.46,60.37,19.5,2.61,97.47,17.3,126.59,153.4,567.03,144.55,98.97,429.48,81.57,157.14,57.8,19.28,48.51,19.95,21.55,89.8,3.88,157.45,145.01,12.45,44.33,28.85
467,TA,T,3,32.28,237.72,298.51,699.63,17.18,74.84,593.05,15.74,106.59,144.32,356.82,255.83,21.89,91.02,7.97,18.36,0.0,9.73,3.85,6.88,136.56,95.09,28.79,0.45,27.18,1.7,,,,,5.68,1.8,1.43,1.52,11.08,5.68,2.78,3.0,2.72,16.18,2.02,7.84,28.28,40.8,19.52,2.58,105.41,13.6,96.58,143.56,516.97,133.95,94.67,382.1,84.39,196.94,74.28,36.02,45.6,,,98.31,,161.4,148.0,13.39,50.29,33.68
470,TC,M,3,20.79,155.98,208.77,460.91,19.65,115.88,375.68,17.83,85.23,181.92,222.36,264.36,10.27,58.4,4.17,9.66,0.0,8.07,3.98,0.0,119.02,202.37,8.49,0.55,25.96,2.29,11.72,,,,1.18,5.89,0.9,0.0,5.9,9.14,5.2,2.3,5.27,19.28,2.07,13.41,52.41,31.24,10.83,0.94,104.88,18.33,102.11,102.03,452.23,94.82,77.21,328.45,28.01,395.69,155.05,81.26,57.45,,,91.95,,103.97,97.29,6.68,37.36,20.83
473,TC,F,3,20.45,121.13,202.35,442.37,17.39,99.95,405.26,16.98,37.11,40.65,230.71,269.61,23.74,90.93,5.64,31.85,0.0,7.45,3.22,1.31,42.1,123.26,17.11,0.0,22.66,13.64,,2.59,5.24,56.39,0.0,4.97,0.0,0.0,6.96,2.28,2.28,2.8,1.38,18.39,2.07,11.03,73.31,37.8,23.91,0.91,69.16,17.48,137.99,107.2,592.03,96.59,58.25,486.18,23.26,196.07,90.29,19.61,54.88,19.42,23.13,88.36,5.69,102.25,96.08,6.17,34.57,16.23
476,TC,T,3,20.62,138.56,205.56,451.64,18.52,107.92,390.47,17.41,61.17,111.28,226.54,266.99,17.0,74.67,4.91,20.76,0.0,7.76,3.6,0.66,80.56,162.81,12.8,0.28,24.31,7.97,,,,,0.59,5.43,0.45,0.0,6.43,5.71,3.74,2.55,3.32,18.84,2.07,12.22,62.86,34.52,17.37,0.93,87.02,17.91,120.05,104.62,522.13,95.7,67.73,407.31,25.64,295.88,122.67,50.44,56.17,,,90.16,,103.11,96.69,6.42,35.97,18.53
479,TD,M,3,14.93,72.97,92.6,287.01,15.55,41.14,253.89,14.64,33.11,90.36,180.45,179.67,7.14,77.18,0.0,6.95,0.0,3.84,2.53,2.79,99.07,63.19,6.14,0.0,47.72,0.0,10.19,,,,0.0,0.0,1.19,2.88,3.68,18.88,9.02,2.2,16.57,17.27,4.98,4.71,24.91,83.38,92.54,1.89,288.0,15.38,210.07,98.6,251.96,98.6,34.3,190.62,27.12,164.46,43.09,19.43,34.57,,,13.35,,74.64,71.74,2.89,7.14,4.24
482,TD,F,3,16.48,109.02,176.69,367.58,13.79,48.76,349.72,13.3,17.86,48.64,231.88,152.06,20.72,78.68,0.73,18.22,0.0,9.63,1.88,2.8,29.69,19.93,4.62,0.82,32.45,0.0,,5.08,6.42,56.61,4.28,0.0,1.73,2.93,4.01,11.05,3.82,2.55,27.94,31.85,5.36,15.35,50.87,96.4,64.14,1.46,309.18,30.39,227.06,118.55,127.09,118.55,8.11,118.98,27.37,153.02,36.74,11.35,40.28,16.33,21.94,12.17,3.94,82.41,81.24,1.17,4.45,2.81
485,TD,T,3,15.71,91.0,134.65,327.3,14.67,44.95,301.81,13.97,25.48,69.5,206.16,165.87,13.93,77.93,0.36,12.58,0.0,6.74,2.21,2.79,64.38,41.56,5.38,0.41,40.09,0.0,,,,,2.14,0.0,1.46,2.91,3.85,14.96,6.42,2.38,22.26,24.56,5.17,10.03,37.89,89.89,78.34,1.68,298.59,22.89,218.56,108.58,189.53,108.58,21.2,154.8,27.25,158.74,39.92,15.39,37.43,,,12.76,,78.53,76.49,2.03,5.79,3.53
488,UA,M,3,,,,177.45,10.55,65.41,,,,,,,,,,,,5.67,2.17,77.61,19.38,27.15,8.19,1.4,38.73,,23.8,,,,,,1.98,1.76,,,,,,,,,,,,,,,,,,,,,,,,,,,,3.5,,,,,,
491,UA,F,3,,,,131.27,6.41,34.53,,,,,,,,,,,,8.47,1.09,28.71,7.1,13.91,9.58,0.52,14.16,,,10.49,4.9,11.45,,,2.95,1.63,,,,,,,,,,,,,,,,,,,,,,,,,,,,2.56,,,,,,
494,UA,T,3,,,,154.36,8.48,49.97,,,,,,,,,,,,7.07,1.63,53.16,13.24,20.53,8.88,0.96,26.45,,,,,,,,2.47,1.7,,,,,,,,,,,,,,,,,,,,,,,,,,,,3.03,,,,,,
497,UB,M,3,,,,156.77,10.25,74.04,,,,,,,,,,,,7.91,2.32,60.55,9.21,38.08,10.1,0.8,61.5,,34.43,,,,,,3.31,2.32,,,,,,,,,,,,,,,,,,,,,,,,,,,,3.07,,,,,,
500,UB,F,3,,,,157.85,8.44,50.37,,,,,,,,,,,,7.56,1.4,21.21,1.27,14.39,6.15,0.72,14.76,,,21.06,16.96,28.13,,,2.95,3.83,,,,,,,,,,,,,,,,,,,,,,,,,,,,3.15,,,,,,
503,UB,T,3,,,,157.31,9.35,62.21,,,,,,,,,,,,7.74,1.86,40.88,5.24,26.23,8.13,0.76,38.13,,,,,,,,3.13,3.08,,,,,,,,,,,,,,,,,,,,,,,,,,,,3.11,,,,,,
506,UC,M,3,,,,179.7,11.39,58.63,,,,,,,,,,,,9.62,2.09,45.67,9.18,27.43,12.63,0.74,73.01,,16.33,,,,,,3.22,5.56,,,,,,,,,,,,,,,,,,,,,,,,,,,,3.77,,,,,,
509,UC,F,3,,,,153.53,7.41,46.03,,,,,,,,,,,,7.13,1.29,23.33,3.19,11.74,12.18,0.35,15.45,,,8.83,17.48,20.33,,,2.55,3.61,,,,,,,,,,,,,,,,,,,,,,,,,,,,3.1,,,,,,
512,UC,T,3,,,,166.62,9.4,52.33,,,,,,,,,,,,8.38,1.69,34.5,6.18,19.59,12.41,0.55,44.23,,,,,,,,2.89,4.58,,,,,,,,,,,,,,,,,,,,,,,,,,,,3.44,,,,,,
515,UD,M,3,,,,129.48,7.06,34.13,,,,,,,,,,,,5.44,1.28,21.13,12.98,14.85,5.87,1.78,52.68,,7.58,,,,,,2.07,0.88,,,,,,,,,,,,,,,,,,,,,,,,,,,,2.43,,,,,,
518,UD,F,3,,,,128.48,5.47,27.39,,,,,,,,,,,,4.62,0.57,7.76,4.06,5.08,2.62,0.67,12.57,,,7.15,3.65,9.99,,,2.41,0.78,,,,,,,,,,,,,,,,,,,,,,,,,,,,2.4,,,,,,
521,UD,T,3,,,,128.98,6.26,30.76,,,,,,,,,,,,5.03,0.93,14.45,8.52,9.96,4.25,1.23,32.63,,,,,,,,2.24,0.83,,,,,,,,,,,,,,,,,,,,,,,,,,,,2.42,,,,,,
524,UE,M,3,,,,164.91,12.94,65.98,,,,,,,,,,,,9.95,3.21,45.79,24.69,26.38,16.34,1.37,145.47,,37.2,,,,,,3.54,4.21,,,,,,,,,,,,,,,,,,,,,,,,,,,,3.49,,,,,,
527,UE,F,3,,,,156.77,8.56,51.57,,,,,,,,,,,,8.29,1.53,22.79,7.1,17.9,5.37,0.15,32.86,,,14.86,14.88,24.66,,,3.53,2.16,,,,,,,,,,,,,,,,,,,,,,,,,,,,3.28,,,,,,
530,UE,T,3,,,,160.84,10.75,58.78,,,,,,,,,,,,9.12,2.37,34.29,15.9,22.14,10.86,0.76,89.17,,,,,,,,3.54,3.19,,,,,,,,,,,,,,,,,,,,,,,,,,,,3.39,,,,,,
533,UF,M,3,,,,173.75,9.6,42.6,,,,,,,,,,,,6.9,1.42,7.91,61.86,10.01,4.52,2.59,40.96,,4.27,,,,,,1.44,4.15,,,,,,,,,,,,,,,,,,,,,,,,,,,,3.56,,,,,,
536,UF,F,3,,,,173.47,6.16,36.07,,,,,,,,,,,,4.46,1.12,3.31,49.57,10.84,6.49,1.07,14.52,,,1.47,3.78,15.87,,,1.35,1.32,,,,,,,,,,,,,,,,,,,,,,,,,,,,3.94,,,,,,
539,UF,T,3,,,,173.61,7.88,39.34,,,,,,,,,,,,5.68,1.27,5.61,55.72,10.43,5.5,1.83,27.74,,,,,,,,1.4,2.74,,,,,,,,,,,,,,,,,,,,,,,,,,,,3.75,,,,,,
542,VA,M,3,,,,319.03,15.07,102.45,,,,,,,,,,,,1.66,4.94,0.0,85.49,347.56,8.38,0.0,25.93,,6.08,,,,,,0.0,0.0,,,,,,,,,,,,,,,,,,,,,,,,,,,,7.13,,,,,,
545,VA,F,3,,,,300.06,12.2,74.83,,,,,,,,,,,,4.38,2.65,0.0,17.55,152.74,6.68,0.0,25.38,,,0.0,0.0,42.17,,,0.0,0.0,,,,,,,,,,,,,,,,,,,,,,,,,,,,6.5,,,,,,
548,VA,T,3,,,,309.55,13.63,88.64,,,,,,,,,,,,3.02,3.8,0.0,51.52,250.15,7.53,0.0,25.66,,,,,,,,0.0,0.0,,,,,,,,,,,,,,,,,,,,,,,,,,,,6.82,,,,,,
551,VB,M,3,,,,137.49,13.16,84.28,,,,,,,,,,,,2.49,3.96,0.0,79.88,261.37,3.8,0.0,24.28,,10.81,,,,,,0.95,1.48,,,,,,,,,,,,,,,,,,,,,,,,,,,,2.65,,,,,,
554,VB,F,3,,,,121.43,12.06,69.64,,,,,,,,,,,,5.13,2.01,0.0,16.19,63.8,16.02,0.0,9.2,,,1.97,11.56,54.67,,,1.14,0.0,,,,,,,,,,,,,,,,,,,,,,,,,,,,2.28,,,,,,
557,VB,T,3,,,,129.46,12.61,76.96,,,,,,,,,,,,3.81,2.98,0.0,48.03,162.59,9.91,0.0,16.74,,,,,,,,1.04,0.74,,,,,,,,,,,,,,,,,,,,,,,,,,,,2.46,,,,,,
560,VC,M,3,,,,568.61,12.94,65.39,,,,,,,,,,,,0.98,1.99,1.27,40.16,114.09,2.55,0.0,15.24,,6.28,,,,,,0.0,0.0,,,,,,,,,,,,,,,,,,,,,,,,,,,,11.81,,,,,,
563,VC,F,3,,,,415.88,14.19,49.77,,,,,,,,,,,,5.92,2.51,0.0,22.39,83.48,5.92,0.0,20.24,,,1.85,19.81,76.63,,,0.0,0.9,,,,,,,,,,,,,,,,,,,,,,,,,,,,8.28,,,,,,
566,VC,T,3,,,,492.25,13.56,57.58,,,,,,,,,,,,3.45,2.25,0.64,31.27,98.79,4.24,0.0,17.74,,,,,,,,0.0,0.45,,,,,,,,,,,,,,,,,,,,,,,,,,,,10.04,,,,,,
569,WA,M,3,13.25,131.06,127.75,299.66,13.26,51.09,241.03,12.38,58.64,88.54,149.62,112.55,5.93,79.04,5.84,4.41,0.0,7.96,5.5,0.77,212.27,200.92,10.01,1.91,65.91,6.1,32.42,,,,4.41,0.77,1.87,0.97,2.02,1.97,1.97,2.06,2.52,7.74,2.98,1.78,27.89,75.61,28.41,2.03,154.18,5.72,143.46,73.66,180.86,70.54,16.81,162.67,23.13,55.25,8.15,6.06,24.21,,,37.9,,66.23,62.03,4.19,12.15,3.51
572,WA,F,3,11.7,120.73,128.17,274.94,10.79,55.03,243.93,10.47,31.01,32.56,144.61,130.96,16.05,96.82,5.66,12.17,0.0,7.98,3.55,2.03,121.65,98.58,6.35,1.65,32.95,0.0,,19.48,17.13,36.74,3.4,0.0,2.18,2.17,0.76,2.24,1.75,1.78,2.03,11.99,3.11,5.46,46.21,55.42,31.75,1.58,162.31,10.41,149.08,67.12,135.59,64.22,8.2,119.33,16.11,40.11,6.7,2.03,25.96,14.19,18.16,41.07,2.57,58.52,55.73,2.79,11.69,2.27
575,WA,T,3,12.47,125.9,127.96,287.3,12.03,53.06,242.48,11.43,44.83,60.55,147.12,121.76,10.99,87.93,5.75,8.29,0.0,7.97,4.53,1.4,166.96,149.75,8.18,1.78,49.43,3.05,,,,,3.91,0.39,2.03,1.57,1.39,2.1,1.86,1.92,2.27,9.87,3.04,3.62,37.05,65.52,30.08,1.8,158.25,8.06,146.27,70.39,158.23,67.38,12.5,141.0,19.62,47.68,7.43,4.04,25.09,,,39.48,,62.38,58.88,3.49,11.92,2.89
578,WB,M,3,27.2,115.52,193.01,531.86,13.45,66.32,468.76,12.19,63.1,125.65,291.74,139.96,12.25,81.76,14.76,7.5,0.0,19.25,4.65,0.0,221.46,110.89,7.79,1.83,61.55,5.02,14.81,,,,3.63,9.96,2.63,0.88,8.76,3.21,3.21,4.19,4.89,15.77,3.08,9.48,25.78,41.83,31.46,1.83,207.0,13.94,101.07,128.4,172.52,126.81,11.73,158.03,29.6,78.29,24.75,7.57,27.15,,,69.25,,136.0,130.01,5.99,30.53,5.11
581,WB,F,3,20.43,78.18,218.67,439.08,12.3,67.12,409.37,11.83,29.72,46.34,248.31,127.28,21.9,74.1,14.48,18.33,0.0,13.44,3.59,0.0,205.89,72.13,11.3,0.0,10.12,0.0,,14.37,5.56,24.54,1.38,2.45,1.27,4.15,8.14,6.98,2.65,4.99,4.7,16.74,3.97,9.82,17.33,79.71,14.9,1.63,275.79,15.11,121.66,93.61,167.56,91.06,6.77,159.72,22.7,50.71,14.45,1.38,19.95,23.28,34.28,55.67,4.33,102.13,98.65,3.47,18.76,3.33
584,WB,T,3,23.82,96.85,205.84,485.47,12.88,66.72,439.06,12.01,46.41,86.0,270.03,133.62,17.07,77.93,14.62,12.91,0.0,16.34,4.12,0.0,213.68,91.51,9.54,0.92,35.84,2.51,,,,,2.5,6.21,1.95,2.52,8.45,5.1,2.93,4.59,4.79,16.25,3.53,9.65,21.55,60.77,23.18,1.73,241.4,14.53,111.36,111.01,170.04,108.94,9.25,158.88,26.15,64.5,19.6,4.48,23.55,,,62.46,,119.06,114.33,4.73,24.65,4.22
587,WC,M,3,25.77,216.04,161.96,522.42,11.67,55.6,468.63,11.06,53.79,60.9,352.12,284.43,28.43,173.14,2.02,7.58,0.0,8.68,2.4,0.0,84.59,84.05,7.85,0.0,19.46,0.0,19.74,,,,1.73,1.8,1.54,0.0,6.58,7.79,7.79,3.46,1.42,20.61,2.01,8.55,30.5,22.12,50.04,0.0,69.19,20.61,132.17,101.45,231.06,94.96,18.35,212.71,32.95,67.24,45.4,4.16,32.75,,,26.15,,128.85,122.94,5.91,3.64,0.61
590,WC,F,3,22.4,189.4,181.17,477.61,10.6,53.45,454.1,10.46,23.51,14.15,317.01,252.84,28.8,150.7,6.07,10.23,0.0,8.64,0.95,3.87,26.41,9.6,0.0,0.0,5.18,0.0,,12.06,1.94,25.61,0.0,5.81,1.61,0.0,7.52,0.0,0.0,3.73,3.87,18.68,1.83,8.92,12.77,23.16,49.48,0.0,59.7,18.68,123.34,101.35,383.04,94.72,41.74,341.3,40.49,58.18,35.3,0.0,43.46,9.71,16.32,24.79,1.48,111.99,109.02,2.97,3.3,0.17
593,WC,T,3,24.09,202.72,171.56,500.01,11.13,54.53,461.37,10.76,38.65,37.52,334.56,268.63,28.62,161.92,4.04,8.91,0.0,8.66,1.68,1.94,55.5,46.82,3.92,0.0,12.32,0.0,,,,,0.86,3.8,1.58,0.0,7.05,3.9,3.9,3.6,2.65,19.64,1.92,8.74,21.64,22.64,49.76,0.0,64.45,19.64,127.75,101.4,307.05,94.84,30.05,277.0,36.72,62.71,40.35,2.08,38.11,,,25.47,,120.42,115.98,4.44,3.47,0.39
596,XA,M,3,17.36,121.93,106.33,343.55,14.05,91.05,255.83,12.81,87.72,123.31,145.27,88.78,3.14,35.67,0.59,10.02,0.0,6.14,5.14,7.75,79.08,308.05,8.17,0.0,64.94,1.68,25.42,,,,0.0,0.0,3.44,3.92,1.77,0.0,0.0,1.9,0.0,16.13,2.31,2.32,9.76,20.39,43.75,0.0,155.31,16.13,75.8,68.51,274.71,65.32,10.95,256.03,5.98,104.9,38.96,16.54,19.88,,,60.14,,86.78,71.94,14.84,28.45,9.07
599,XA,F,3,13.61,85.23,119.6,287.11,13.06,70.61,226.75,12.63,60.36,43.06,142.33,119.07,8.98,60.0,4.72,11.09,0.0,5.31,2.29,0.0,28.07,55.22,8.15,0.68,26.83,0.0,,12.67,11.54,65.28,4.31,10.33,1.3,4.32,1.23,12.14,0.0,0.84,1.67,9.66,3.1,2.42,28.45,32.77,40.08,0.68,209.05,8.98,101.31,61.35,452.97,59.64,11.45,438.9,6.38,72.57,31.01,2.61,23.17,6.89,11.74,49.33,2.39,68.05,58.11,9.94,18.15,6.48
602,XA,T,3,15.48,103.58,112.97,315.33,13.56,80.83,241.29,12.72,74.04,83.19,143.8,103.92,6.06,47.84,2.65,10.55,0.0,5.72,3.71,3.88,53.58,181.64,8.16,0.34,45.88,0.84,,,,,2.15,5.17,2.37,4.12,1.5,6.07,0.0,1.37,0.83,12.89,2.71,2.37,19.11,26.58,41.91,0.34,182.18,12.55,88.56,64.93,363.84,62.48,11.2,347.46,6.18,88.73,34.98,9.57,21.53,,,54.73,,77.42,65.03,12.39,23.3,7.78
605,XB,M,3,28.69,229.29,243.74,614.67,20.27,141.51,527.92,18.48,86.75,179.76,327.22,274.91,11.0,82.15,16.16,48.51,0.0,6.56,4.19,5.9,51.41,253.56,15.46,1.47,28.06,10.46,7.17,,,,0.0,4.2,2.37,3.27,6.85,11.01,8.64,3.01,2.86,13.53,2.0,3.78,35.77,14.12,14.97,1.8,120.83,11.73,78.79,106.64,564.43,103.21,88.48,446.47,47.09,313.93,135.42,125.38,58.5,,,87.16,,143.46,136.14,7.32,52.05,23.42
608,XB,F,3,25.79,182.44,286.46,584.29,17.23,106.26,512.17,16.49,72.12,74.68,312.03,262.27,33.84,95.35,11.2,29.87,0.0,4.89,2.97,0.0,6.47,168.91,11.9,0.0,21.88,8.45,,2.37,1.44,52.47,1.17,3.81,0.79,0.0,7.54,7.37,5.41,1.64,3.04,19.18,2.66,9.55,79.53,24.8,21.09,1.87,135.43,17.3,130.56,88.48,518.46,83.03,61.59,437.29,40.85,200.62,96.14,34.75,23.47,16.83,23.13,74.49,2.82,128.97,121.1,7.87,46.54,23.43
611,XB,T,3,27.24,205.87,265.1,599.48,18.75,123.89,520.04,17.48,79.44,127.22,319.63,268.59,22.42,88.75,13.68,39.19,0.0,5.72,3.58,2.95,28.94,211.24,13.68,0.73,24.97,9.46,,,,,0.58,4.0,1.58,1.64,7.2,9.19,7.03,2.32,2.95,16.36,2.33,6.67,57.65,19.46,18.03,1.84,128.13,14.52,104.68,97.56,541.45,93.12,75.04,441.88,43.97,257.28,115.78,80.06,40.98,,,80.83,,136.22,128.62,7.6,49.3,23.43
614,YA,M,3,16.37,105.44,136.85,342.13,19.35,81.86,292.29,17.94,49.85,140.23,170.39,164.01,6.74,57.1,6.14,19.12,0.0,7.89,4.15,5.92,115.03,135.36,15.21,0.73,64.75,4.94,45.94,,,,3.33,4.23,2.69,4.09,3.16,2.26,2.26,0.84,1.56,9.71,3.52,3.24,27.47,48.19,32.87,1.82,234.43,7.89,117.1,93.12,694.1,88.0,38.61,631.9,18.86,124.78,35.99,33.62,34.04,,,58.34,,81.83,78.47,3.36,25.43,7.34
617,YA,F,3,12.38,88.46,149.67,287.72,15.81,65.08,265.8,15.53,21.93,28.29,144.9,153.71,12.99,49.28,10.57,24.2,0.0,9.08,3.34,0.87,80.28,85.94,15.6,0.62,26.34,1.16,,16.58,8.03,75.57,3.43,1.35,2.77,2.2,4.0,2.74,0.35,0.65,2.27,17.33,3.5,5.86,63.47,46.9,31.52,2.45,188.04,14.87,161.75,75.03,556.29,70.28,29.4,513.43,14.27,90.78,25.37,14.02,21.45,15.98,18.25,45.11,3.55,61.92,59.29,2.63,18.2,4.83
620,YA,T,3,14.38,96.95,143.26,314.93,17.58,73.47,279.05,16.73,35.89,84.26,157.65,158.86,9.87,53.19,8.36,21.66,0.0,8.48,3.75,3.4,97.66,110.65,15.41,0.68,45.55,3.05,,,,,3.38,2.79,2.73,3.15,3.58,2.5,1.3,0.74,1.92,13.52,3.51,4.55,45.47,47.55,32.2,2.14,211.24,11.38,139.43,84.08,625.2,79.14,34.01,572.66,16.57,107.78,30.68,23.82,27.75,,,51.73,,71.88,68.88,3.0,21.82,6.08
