,county,sex,xiang,d001,d002,d003,d004,d005,d006,d007,d008,d009,d010,d011,d012,d013,d014,d015,d016,d017,d018,d019,d020,d021,d022,d023,d024,d025,d026,d027,d033,d034,d035,d036,d037,d038,d039,d040,d041,d042,d043,d044,d045,d046,d047,d048,d049,d052,d056,d057,d059,d063,d064,d065,d066,d067,d068,d069,d070,d071,d072,d073,d074,d075,d076,d077,d078,d079,d080,d081,d082,d083,d084,d085,d086,d087,d088,d089,d090,d091,d092,d093,d094,d095,d096,d097,d098,d099,d100,d101,d102,d103,d104,d105,d106,d107,d108,d109,d110,d111,d112,d113,d114,d115,d116,d117,d118,d119,d120,d121,d122,d123,d124,d125,d126,d127,d128,d129,d130,d131,d132,d133,d134,d135,d136,d137,d138,d139,d140,d141,d142,d143,d144,d145,d146,d147,d148,d149,d150,d151,d152,d153,d154,d155,d156,d157,d158,d159,d160,d161
8,AA,T,3,2521.0,48.6,63.9,431.0,17.4,10.1,1.3,8.8,68.4,51.1,550.0,601.0,15.7,87.3,1.9,0.7,18.6,504.0,31.5,2.12,1541.0,317.0,8.7,11.28,5.74,29.6,11.32,55.6,8.3,87.0,13.0,490.0,17.1,0.0,94.3,17.7,120.7,113.5,11.4,0.0,1.8,0.0,12.0,44.9,23.2,0.2,14.1,9.3,3.16,4.19,5.37,1.16,10.5,2.61,1.31,2.75,4.56,2.71,1.12,2.28,3.03,2.69,2.69,2.13,1.01,2.48,3.22,13.78,10.42,10.64,131.6,0.65,39.6,29.9,30.5,0.98,1.32,1.0,9.29,13.25,2.9,26.7,38.0,0.36,0.4,11.3,1.91,65.6,0.36,0.33,4.3,8.4,2.34,7.52,0.52,83.9,17.8,9.7,2.55,13.17,9.23,0.95,25.54,73.5,43.9,22.6,0.41,52.6,24.1,39.0,37.0,0.5,6.39,6.66,34.9,0.001,0.001,0.032,0.005,0.188,0.001,0.955,0.012,0.024,0.007,21.59,1.48,0.241,0.051,0.028,7.33,37.8,26.48,2.71,0.073,0.211,0.126,0.065,0.0012,0.151,0.069,0.112,0.106,0.001,0.018,0.019,0.1
17,AB,T,3,2704.0,65.8,71.8,444.0,21.9,10.6,1.4,9.2,65.7,98.3,400.0,498.0,10.9,88.2,2.3,0.8,19.9,454.0,39.4,2.34,1645.0,320.0,9.4,13.49,7.24,30.2,12.39,62.4,9.4,86.9,13.1,513.5,22.0,0.0,65.5,21.8,132.3,80.1,22.1,0.0,0.2,0.0,12.6,62.5,11.2,4.0,15.9,10.4,3.46,4.64,5.9,1.28,11.8,2.88,1.45,3.02,5.04,2.95,1.17,2.45,3.29,3.09,3.0,2.31,1.1,2.68,3.51,21.16,12.14,16.47,140.4,0.64,42.5,24.4,33.1,0.74,1.74,1.02,10.92,20.3,2.0,21.9,40.8,0.52,0.5,29.0,3.27,153.5,0.52,0.56,1.3,3.9,0.96,11.36,0.85,143.5,8.4,5.7,4.16,20.22,10.84,0.98,32.34,147.7,69.6,58.0,0.52,73.6,10.8,15.1,5.0,0.8,9.17,5.1,25.6,0.001,0.001,0.058,0.007,0.308,0.001,1.118,0.003,0.008,0.002,22.83,1.7,0.288,0.017,0.011,8.36,40.63,21.77,1.98,0.065,0.297,0.14,0.117,0.001,0.148,0.022,0.03,0.01,0.002,0.018,0.01,0.051
26,AC,T,3,2416.0,45.0,64.9,425.0,16.8,10.7,1.4,9.3,70.4,42.4,183.0,225.0,8.6,42.5,2.2,0.7,18.1,369.0,34.2,2.12,1358.0,285.0,8.8,12.6,6.19,29.1,10.98,56.2,8.7,86.7,13.3,532.0,3.8,0.0,23.2,4.0,212.6,31.6,7.1,0.0,0.0,0.0,10.0,24.0,32.4,0.1,16.3,8.6,3.18,4.27,5.33,1.15,10.18,2.6,1.27,2.6,4.51,2.63,1.12,2.27,2.9,2.46,2.68,2.1,1.0,2.43,3.18,10.76,7.88,8.34,109.9,0.62,39.9,29.2,30.9,0.94,1.36,0.72,7.12,10.36,2.7,26.4,38.4,0.28,0.3,6.1,3.73,44.6,0.28,0.3,6.1,13.2,1.57,6.07,0.39,53.3,22.5,11.4,1.78,10.32,7.05,0.58,6.33,59.6,22.5,12.0,0.29,44.4,43.2,10.4,18.0,0.3,15.32,17.77,94.2,0.001,0.001,0.023,0.014,0.165,0.001,1.11,0.023,0.049,0.006,22.49,1.43,0.198,0.084,0.042,6.58,38.24,26.11,2.16,0.023,0.221,0.083,0.044,0.0011,0.165,0.16,0.039,0.066,0.001,0.057,0.066,0.349
35,BA,T,3,2656.0,32.9,82.3,514.0,11.1,12.4,0.1,12.3,77.4,0.1,750.0,750.0,26.2,61.4,2.9,0.9,17.8,807.0,59.3,3.73,2882.0,641.0,10.9,13.18,2.41,38.5,14.84,81.9,0.4,99.5,0.5,4.5,400.2,257.9,4.9,0.0,177.8,198.0,2.6,0.0,0.0,0.0,0.0,4.4,0.0,1.6,27.4,37.4,4.29,3.99,5.31,2.05,23.43,3.46,1.9,3.3,7.33,2.75,1.27,3.32,4.12,7.89,3.87,2.73,1.05,2.81,4.33,12.09,18.31,9.37,24.7,0.69,30.4,46.0,23.6,1.95,0.66,1.42,16.63,10.71,3.6,41.8,26.9,0.4,0.4,2.8,0.4,15.0,0.4,0.28,0.4,40.4,16.0,7.18,1.55,12.7,8.8,8.8,1.79,10.41,16.62,1.42,3.57,38.8,54.3,5.3,0.4,5.3,0.4,46.5,248.0,0.4,0.4,0.4,0.4,0.001,0.001,0.007,0.001,0.038,0.001,0.711,0.001,0.102,0.04,18.06,3.9,0.032,0.022,0.022,4.51,26.18,41.8,3.56,0.009,0.098,0.137,0.013,0.001,0.013,0.001,0.117,0.624,0.001,0.001,0.001,0.001
44,BB,T,3,1855.0,22.6,45.6,361.0,11.0,9.8,0.1,9.7,77.8,5.1,3001.0,3006.0,18.5,61.3,2.3,1.0,13.6,465.0,34.4,1.79,1962.0,408.0,5.0,8.77,0.31,20.2,7.91,45.1,0.5,98.9,1.1,6.1,125.8,342.1,14.1,3.7,127.6,690.9,0.0,2.2,1.2,0.0,1.4,0.0,0.0,0.6,21.5,23.1,2.93,2.18,3.44,1.12,11.04,1.72,1.07,1.83,4.56,1.51,0.84,1.96,2.29,3.78,2.1,1.54,0.61,1.59,2.42,6.77,10.09,5.39,135.0,0.69,30.4,45.3,24.2,1.87,0.67,1.04,8.94,6.26,4.7,40.2,28.1,0.22,0.5,0.5,1.41,2.7,0.22,0.1,0.5,15.6,4.62,4.16,0.59,0.3,11.6,8.8,1.06,6.1,8.93,1.01,0.22,14.3,47.7,11.0,0.78,2.6,18.5,23.4,112.0,0.2,9.11,0.5,11.3,0.001,0.002,0.002,0.006,0.012,0.001,0.471,0.002,0.07,0.021,18.71,2.64,0.002,0.052,0.04,4.76,27.42,40.14,4.53,0.001,0.064,0.214,0.05,0.0035,0.012,0.083,0.105,0.501,0.001,0.041,0.002,0.051
53,BC,T,3,2549.0,32.8,84.7,480.0,11.6,13.3,0.7,12.6,75.3,17.0,467.0,484.0,22.5,127.1,2.7,0.7,16.8,509.0,35.6,3.4,2450.0,586.0,10.8,6.58,2.93,45.3,14.14,80.4,4.2,95.0,5.0,6.3,396.2,229.5,6.1,5.2,153.8,189.8,27.0,15.3,0.6,0.0,3.1,1.2,5.8,0.1,9.3,30.5,4.14,4.31,5.26,2.06,25.06,3.51,1.93,3.4,7.31,2.85,1.34,3.4,4.23,8.33,3.96,2.79,1.05,2.88,4.36,12.19,17.53,10.39,83.8,0.66,30.4,43.7,25.9,1.69,0.69,1.68,15.76,11.47,4.2,39.3,28.6,0.41,1.8,3.1,1.48,12.1,0.41,0.24,1.8,24.7,18.67,7.78,0.75,7.0,38.8,28.0,2.13,11.21,15.71,1.51,2.39,50.5,129.4,56.6,3.14,10.0,107.0,54.7,131.0,0.6,35.07,4.62,70.1,0.001,0.004,0.008,0.004,0.03,0.001,0.6,0.004,0.062,0.047,19.39,1.86,0.018,0.097,0.07,5.31,27.94,39.17,3.75,0.006,0.126,0.323,0.141,0.0078,0.025,0.267,0.136,0.327,0.001,0.087,0.012,0.175
62,CB,T,3,2398.0,26.1,64.9,476.0,9.8,10.8,0.1,10.7,79.4,5.7,533.0,539.0,25.7,82.4,3.3,1.0,14.5,454.0,49.3,3.04,2977.0,638.0,6.7,20.17,8.25,30.2,12.09,64.3,0.6,99.1,0.9,1.3,89.0,538.4,250.2,0.5,328.2,48.7,0.0,0.0,0.0,0.0,1.5,0.0,0.0,2.0,30.3,20.7,4.28,2.56,5.28,1.39,13.87,1.99,1.26,2.53,6.49,1.77,1.46,2.85,3.12,4.61,2.83,2.18,1.02,1.88,3.22,4.96,12.28,6.47,54.4,0.69,20.9,51.8,27.3,1.9,0.4,2.96,9.29,4.75,12.5,39.2,20.0,0.24,0.2,0.2,1.66,6.0,0.24,0.03,0.2,3.1,4.27,5.45,0.21,0.7,3.7,2.7,0.96,4.7,9.29,2.96,1.47,17.7,15.2,0.2,0.24,3.1,0.2,24.2,30.0,0.2,3.56,0.24,0.2,0.001,0.001,0.001,0.007,0.025,0.001,0.114,0.001,0.013,0.018,22.97,0.88,0.003,0.015,0.011,4.07,19.84,39.15,12.47,0.006,0.074,0.064,0.001,0.001,0.013,0.001,0.102,0.125,0.001,0.015,0.001,0.001
71,CC,T,3,2276.0,20.6,61.5,453.0,8.1,10.8,0.1,10.7,79.6,1.8,267.0,269.0,19.9,63.0,2.7,0.5,15.1,387.0,34.8,2.56,1613.0,359.0,9.4,9.91,4.37,33.8,10.17,61.0,0.5,99.3,0.7,0.5,517.3,39.2,104.0,1.6,130.5,13.3,10.1,4.1,0.0,0.0,0.5,4.3,0.0,2.7,14.1,15.2,2.54,3.03,3.65,1.52,21.44,2.61,1.39,2.5,4.86,1.87,0.91,2.43,3.17,6.82,3.07,1.93,0.83,2.06,3.19,5.81,10.11,5.47,16.7,0.62,27.2,47.3,25.6,1.85,0.57,0.89,9.14,5.49,4.2,42.7,25.6,0.22,0.2,2.1,0.39,11.9,0.22,0.14,0.6,10.4,19.51,4.33,0.3,13.8,12.4,11.5,0.93,5.37,9.14,0.89,2.68,38.6,64.2,4.0,0.22,5.6,1.9,46.5,54.0,0.2,0.63,0.22,0.4,0.001,0.001,0.01,0.002,0.056,0.001,0.641,0.003,0.049,0.091,20.24,1.4,0.065,0.058,0.054,4.33,25.1,42.72,4.17,0.013,0.18,0.3,0.019,0.001,0.026,0.009,0.217,0.253,0.001,0.003,0.001,0.002
80,CD,T,3,3335.0,32.5,79.6,656.0,8.8,9.5,0.0,9.5,78.7,0.0,1000.0,1000.0,28.0,183.7,3.7,1.0,19.6,608.0,42.4,3.4,2710.0,576.0,11.1,12.98,6.65,37.6,13.64,79.3,0.3,99.7,0.3,0.6,348.8,343.0,493.4,33.9,226.6,12.4,3.0,0.0,0.0,0.0,0.0,0.4,0.0,0.2,16.1,30.5,3.92,3.76,4.99,1.91,22.92,3.07,1.75,3.09,6.9,2.43,1.21,3.13,3.93,7.53,3.66,2.47,0.99,2.6,4.02,6.9,12.69,5.8,19.8,0.65,27.2,50.0,22.8,2.19,0.54,1.08,11.59,6.68,4.2,45.7,26.3,0.26,2.3,1.0,0.58,12.3,3.25,0.11,0.3,8.4,16.35,4.81,0.18,4.1,10.1,9.9,0.81,6.58,11.59,1.08,1.07,29.0,77.8,1.8,0.26,2.4,0.3,31.9,18.0,0.3,1.01,0.26,0.3,0.001,0.009,0.004,0.002,0.049,0.013,0.414,0.001,0.033,0.064,18.94,0.71,0.016,0.04,0.039,3.21,25.93,45.64,4.24,0.004,0.114,0.307,0.007,0.001,0.01,0.001,0.126,0.069,0.001,0.004,0.001,0.001
89,DA,T,3,2897.0,48.5,85.5,536.0,15.1,11.8,0.3,11.5,74.0,2.9,550.0,553.0,32.1,122.9,3.2,0.7,18.7,591.0,38.4,3.39,2279.0,538.0,11.0,11.81,5.4,41.9,13.66,83.3,2.1,97.5,2.5,0.0,462.8,150.2,215.6,12.3,244.9,1.7,0.0,9.5,0.0,0.0,0.2,41.1,0.0,4.9,16.3,27.3,3.78,4.21,5.43,1.99,25.36,3.41,1.9,3.35,6.88,2.82,1.24,3.22,4.2,8.19,3.99,2.66,1.08,2.8,4.25,14.15,16.52,11.19,28.6,0.67,33.8,39.5,26.7,1.48,0.86,1.14,15.23,13.57,2.7,36.4,32.4,0.43,0.5,11.9,0.58,63.3,0.43,0.3,0.4,10.2,19.85,8.1,0.57,58.5,17.3,17.2,2.57,13.4,15.21,1.14,32.41,80.5,104.0,23.5,0.43,23.9,0.4,38.3,67.0,0.4,0.82,0.43,0.4,0.001,0.001,0.028,0.001,0.151,0.001,0.72,0.001,0.024,0.047,19.36,1.36,0.14,0.041,0.041,6.13,32.02,36.33,2.71,0.077,0.192,0.249,0.056,0.001,0.057,0.001,0.092,0.16,0.001,0.002,0.001,0.001
98,DB,T,3,2951.0,29.3,70.9,602.0,8.9,9.6,0.1,9.5,81.6,7.2,1634.0,1641.0,29.3,321.4,3.1,0.9,18.1,658.0,34.4,3.79,3027.0,556.0,9.1,15.0,7.29,33.9,12.51,70.2,0.7,99.1,0.9,61.7,247.2,202.5,710.6,9.6,417.1,3.6,3.8,0.2,8.0,0.1,1.8,1.5,0.0,1.4,19.6,34.6,3.32,3.3,4.79,1.53,16.78,2.52,1.45,2.51,5.54,2.25,1.01,2.54,3.22,5.52,3.01,2.12,0.83,2.15,3.31,6.91,10.71,5.16,28.0,0.68,30.4,47.0,22.6,2.08,0.65,0.77,9.92,6.73,3.4,43.5,29.5,0.23,0.2,2.4,2.08,31.9,0.23,0.09,0.2,5.4,10.03,4.16,0.14,11.2,5.8,5.3,0.82,6.69,9.91,0.77,2.46,33.6,30.9,4.6,0.23,5.9,0.2,35.5,5.0,0.2,1.79,0.23,0.2,0.001,0.001,0.011,0.009,0.14,0.001,0.404,0.001,0.024,0.044,18.27,0.62,0.049,0.025,0.023,3.59,29.38,43.5,3.39,0.011,0.147,0.136,0.02,0.001,0.026,0.001,0.156,0.022,0.001,0.008,0.001,0.001
107,DC,T,3,2720.0,17.9,76.2,567.0,5.9,11.2,0.1,11.1,83.4,0.6,1217.0,1218.0,15.7,206.1,2.7,0.8,15.4,652.0,43.9,3.13,2259.0,601.0,11.8,15.65,6.76,36.5,15.1,75.7,0.4,99.4,0.6,47.8,342.1,229.2,290.0,6.0,240.6,182.2,0.2,2.6,0.0,0.0,0.1,1.9,0.0,0.3,22.6,39.2,3.62,3.6,4.79,1.74,20.28,2.88,1.65,2.81,6.27,2.44,1.09,2.83,3.62,6.63,3.35,2.32,0.91,2.44,3.71,5.49,7.23,4.97,10.9,0.68,31.0,40.9,28.1,1.45,0.76,0.67,6.55,5.28,3.8,37.0,29.8,0.18,0.4,1.0,0.96,17.7,0.44,0.13,0.2,6.7,13.22,3.83,0.18,4.1,16.2,16.2,0.95,5.2,6.55,0.67,0.97,15.7,73.3,1.8,0.18,1.8,0.2,7.5,8.0,0.2,0.25,0.18,0.2,0.001,0.002,0.006,0.005,0.1,0.003,0.707,0.001,0.038,0.075,21.67,1.04,0.023,0.092,0.091,5.39,29.36,37.0,3.78,0.005,0.088,0.414,0.01,0.001,0.01,0.001,0.042,0.047,0.001,0.001,0.001,0.001
116,EA,T,3,2982.0,82.8,76.9,452.0,25.0,10.3,1.5,8.8,60.6,32.8,934.0,967.0,25.6,185.6,2.3,0.9,17.3,752.0,47.8,2.62,2678.0,605.0,6.9,10.89,4.95,39.9,12.21,65.4,11.5,85.1,14.9,161.2,112.1,202.1,189.2,37.6,202.1,227.6,0.7,12.2,0.0,0.0,7.1,94.6,7.7,13.2,15.1,22.1,3.94,4.17,6.4,1.5,15.26,3.02,1.78,3.25,6.36,3.55,1.21,2.71,3.83,4.53,3.34,2.58,1.03,2.64,3.94,34.23,16.9,28.26,141.5,0.85,43.1,21.3,35.6,0.6,2.03,1.62,14.93,32.44,2.0,18.8,40.9,0.82,1.5,41.0,4.71,214.5,1.72,0.91,0.9,3.7,4.89,18.18,1.69,203.5,67.6,66.4,8.6,32.04,14.84,1.61,51.13,177.0,338.2,81.8,0.82,87.9,2.4,84.3,59.0,1.1,5.33,1.56,4.8,0.001,0.002,0.052,0.006,0.27,0.002,1.15,0.001,0.005,0.006,22.91,2.13,0.256,0.085,0.084,10.83,40.36,18.69,2.03,0.064,0.223,0.426,0.103,0.001,0.111,0.003,0.106,0.074,0.001,0.007,0.002,0.006
125,FA,T,3,2650.0,44.8,68.7,463.0,15.2,10.4,0.1,10.2,69.9,22.2,283.0,305.0,36.0,53.1,2.6,1.0,14.4,414.0,35.0,2.86,2535.0,651.0,5.4,7.72,3.99,28.9,10.91,67.7,0.9,98.6,1.4,0.0,61.7,537.0,54.6,0.4,532.0,10.0,0.5,0.8,0.8,0.0,6.0,3.6,0.0,0.5,9.5,31.6,4.43,2.86,4.96,1.57,13.85,2.25,1.44,2.65,6.89,2.09,1.29,2.86,3.25,4.72,2.86,2.2,0.84,2.08,3.38,14.16,17.53,11.8,41.6,0.73,32.6,40.3,27.1,1.49,0.81,2.14,15.32,13.58,4.9,35.2,31.2,0.44,3.6,2.2,1.77,12.2,5.24,0.18,0.4,2.1,2.61,8.49,0.51,9.4,36.9,36.0,2.98,13.34,15.31,2.14,7.96,66.2,180.4,3.9,0.44,7.6,0.4,87.4,57.0,0.4,3.55,0.44,0.4,0.001,0.008,0.005,0.004,0.028,0.012,0.421,0.001,0.005,0.006,19.53,1.18,0.022,0.085,0.083,6.86,30.68,35.2,4.92,0.018,0.152,0.415,0.009,0.001,0.018,0.001,0.201,0.13,0.001,0.008,0.001,0.001
134,GA,T,3,2605.0,72.2,63.6,401.0,24.9,9.8,1.3,8.5,61.6,67.8,517.0,585.0,49.0,125.0,2.5,0.9,24.0,733.0,46.1,2.51,2179.0,436.0,8.8,8.78,4.93,40.7,11.2,55.3,8.3,87.0,13.0,38.3,385.7,14.9,97.1,2.2,391.6,86.9,64.0,25.1,10.5,19.1,14.0,49.0,15.8,5.6,9.8,17.5,2.78,3.36,4.46,1.36,18.56,2.7,1.41,2.59,4.67,2.38,0.98,2.34,3.05,5.61,3.0,2.13,0.83,2.09,3.24,23.43,30.7,17.93,142.9,0.71,32.5,42.6,24.9,1.71,0.76,2.99,27.32,22.16,4.1,37.9,30.7,1.55,5.7,30.2,25.31,117.1,3.2,0.47,17.2,18.0,15.63,12.51,1.25,97.8,18.9,14.2,4.47,21.79,27.25,2.97,20.03,227.8,113.2,38.5,0.91,56.0,6.0,233.6,255.0,0.8,8.82,3.07,12.4,0.002,0.008,0.042,0.035,0.163,0.004,0.656,0.024,0.025,0.022,17.37,1.73,0.136,0.026,0.02,6.2,30.24,37.82,4.12,0.028,0.316,0.157,0.053,0.0013,0.078,0.008,0.324,0.353,0.001,0.012,0.004,0.017
143,HA,T,3,2152.0,48.9,55.4,352.0,20.5,10.3,1.1,9.2,65.4,37.5,350.0,388.0,18.0,115.8,1.9,0.6,14.3,618.0,29.4,1.98,1635.0,355.0,7.6,8.67,4.7,33.1,10.08,49.3,6.0,89.1,10.9,13.0,280.1,145.5,121.7,6.5,364.8,3.1,17.9,2.4,4.7,0.0,1.2,27.1,45.4,0.7,10.1,23.0,2.61,2.69,3.58,1.24,14.62,2.19,1.21,2.06,4.38,2.01,0.85,2.09,2.53,4.74,2.42,1.75,0.67,1.76,2.76,17.62,12.47,14.7,67.3,0.75,39.3,27.8,32.8,0.85,1.41,0.94,11.26,16.88,2.1,25.1,37.7,0.46,0.5,14.8,1.37,76.5,0.46,0.44,0.5,8.1,12.1,9.88,0.8,72.8,45.0,44.6,4.14,16.51,11.22,0.93,27.04,69.9,203.2,29.5,0.68,34.9,4.0,48.0,165.0,0.6,1.43,1.52,5.9,0.001,0.001,0.033,0.003,0.171,0.001,0.973,0.001,0.018,0.027,22.05,1.78,0.163,0.1,0.1,9.25,36.86,25.06,2.08,0.06,0.156,0.454,0.066,0.0015,0.078,0.009,0.107,0.368,0.001,0.003,0.003,0.013
152,IA,T,3,3046.0,34.4,67.3,604.0,10.2,8.8,0.3,8.6,79.3,8.3,1200.0,1208.0,21.4,254.7,2.8,0.8,20.4,719.0,36.9,3.29,2480.0,416.0,10.1,12.95,5.05,29.8,11.88,65.3,2.1,97.0,3.0,328.3,201.4,34.4,540.7,13.3,452.0,1.5,2.9,0.0,1.2,0.0,1.4,17.6,4.7,5.5,20.1,19.7,0.06,0.07,0.09,0.03,0.28,0.05,0.02,0.05,0.09,0.04,0.02,0.04,0.06,0.08,0.05,0.04,0.02,0.04,0.06,21.15,21.56,16.28,0.5,0.63,35.9,36.5,27.6,1.32,0.98,1.77,19.59,20.4,3.0,33.2,34.6,0.61,0.7,18.7,0.61,119.0,0.61,0.45,2.8,10.9,15.11,11.84,0.71,114.3,17.0,12.5,3.67,20.25,19.55,1.75,24.71,116.0,90.5,37.0,0.65,44.0,10.0,66.4,58.0,0.6,0.63,0.7,2.0,0.001,0.001,0.032,0.001,0.202,0.001,0.759,0.005,0.018,0.026,20.07,1.21,0.194,0.029,0.021,6.22,34.33,33.14,2.97,0.042,0.197,0.153,0.063,0.0011,0.075,0.017,0.113,0.099,0.001,0.001,0.001,0.003
161,IB,T,3,3009.0,46.9,66.8,573.0,14.0,8.9,0.3,8.6,76.2,26.0,1100.0,1126.0,10.0,199.8,2.6,0.9,22.9,654.0,37.1,2.64,1869.0,328.0,9.8,13.66,6.98,23.3,12.96,64.6,2.2,96.7,3.3,611.5,25.4,0.0,250.5,6.0,255.4,167.6,31.1,0.0,0.0,0.0,0.8,20.3,2.9,1.0,17.0,12.0,3.1,4.21,5.07,1.21,10.65,2.46,1.23,2.38,4.33,2.25,1.12,2.34,2.87,2.72,2.69,2.01,1.03,2.27,3.21,16.34,8.71,13.13,38.3,0.53,42.8,22.8,34.4,0.66,1.88,0.68,7.88,15.85,1.8,20.6,41.5,0.39,0.4,8.2,0.58,49.3,0.39,0.36,0.4,1.3,1.26,8.99,0.54,40.0,41.8,41.7,3.62,15.58,7.86,0.68,24.64,33.4,168.8,16.2,0.42,18.6,0.6,7.3,96.0,0.4,0.85,0.44,0.6,0.001,0.001,0.022,0.002,0.129,0.001,0.947,0.001,0.003,0.003,23.53,1.41,0.105,0.109,0.109,9.48,40.81,20.59,1.78,0.065,0.087,0.442,0.043,0.0011,0.049,0.001,0.019,0.251,0.001,0.002,0.001,0.002
170,IC,T,3,2960.0,51.6,73.5,517.0,15.7,9.9,1.0,8.9,69.9,23.2,1200.0,1223.0,17.6,185.7,2.3,1.0,19.8,731.0,39.8,3.19,2659.0,418.0,9.8,11.23,5.92,40.5,12.74,65.9,7.6,89.7,10.3,429.8,65.5,1.0,351.7,54.8,62.6,258.1,34.2,0.3,0.0,0.0,5.1,45.7,6.6,6.6,13.5,15.0,3.53,4.66,6.64,1.36,12.98,3.0,1.54,3.28,5.27,3.17,1.16,2.52,3.56,3.91,3.12,2.44,1.11,2.85,3.7,15.95,10.54,12.54,95.7,0.68,40.9,27.0,32.1,0.84,1.51,1.1,9.16,15.4,2.8,23.5,39.5,0.4,0.5,18.1,2.95,102.2,0.49,0.38,0.8,3.8,2.59,8.64,0.65,89.7,14.5,12.8,3.25,15.17,9.11,1.09,34.51,84.7,80.8,36.3,1.04,44.5,4.9,27.5,148.0,2.3,6.11,2.97,10.2,0.001,0.001,0.046,0.008,0.262,0.001,0.986,0.002,0.01,0.007,22.15,1.66,0.23,0.037,0.033,8.32,38.89,23.34,2.79,0.088,0.217,0.207,0.093,0.0027,0.114,0.013,0.07,0.379,0.006,0.016,0.008,0.026
179,ID,T,3,3167.0,42.2,69.0,620.0,12.0,8.7,0.1,8.6,78.3,3.5,850.0,854.0,9.5,133.1,3.1,1.0,24.4,753.0,34.3,2.7,1658.0,312.0,10.8,12.43,6.97,21.4,12.9,68.4,0.6,99.2,0.8,785.6,25.6,0.0,4.0,5.1,86.3,341.5,19.7,0.0,0.0,0.0,0.4,8.1,0.8,0.0,13.9,11.3,3.42,4.82,5.37,1.29,11.42,2.67,1.32,2.56,4.79,2.37,1.25,2.54,3.11,3.09,2.91,2.24,1.17,2.55,3.49,8.99,7.9,6.45,23.4,0.49,38.5,33.9,27.6,1.23,1.14,0.71,7.17,8.89,3.1,30.7,38.1,0.24,0.3,2.6,0.31,12.8,0.24,0.14,0.2,1.7,2.86,5.28,0.08,12.6,1.6,1.6,0.98,8.88,7.17,0.71,6.5,12.6,11.8,5.1,0.24,5.3,0.3,2.0,0.0,0.2,0.42,0.25,0.3,0.001,0.001,0.011,0.001,0.055,0.001,0.619,0.001,0.007,0.012,22.63,0.36,0.054,0.007,0.007,4.21,38.07,30.71,3.05,0.028,0.054,0.051,0.022,0.001,0.023,0.001,0.008,0.002,0.001,0.002,0.001,0.001
188,IE,T,3,3209.0,58.4,84.3,563.0,16.4,10.5,0.2,10.3,70.2,3.5,1634.0,1638.0,30.9,231.0,2.9,1.2,21.1,923.0,48.0,3.6,3456.0,630.0,8.5,12.76,5.76,27.4,13.59,82.5,1.8,97.8,2.2,227.9,12.6,384.7,269.0,48.5,213.4,323.4,35.8,0.0,12.5,0.0,0.5,7.4,8.3,5.3,17.8,36.2,4.43,5.04,6.97,1.6,14.19,3.24,1.84,3.32,7.0,3.45,1.21,2.81,3.91,4.5,3.55,2.76,1.05,2.81,4.05,11.91,18.7,7.41,32.9,0.69,31.3,49.2,19.5,2.52,0.64,1.79,16.9,11.63,4.7,44.4,30.6,0.38,0.4,2.8,0.67,26.3,0.38,0.11,0.9,2.0,0.95,5.76,0.12,12.7,2.4,1.7,1.31,11.62,16.88,1.77,4.05,188.3,12.6,5.5,0.45,8.2,4.9,152.5,4.0,0.4,2.15,2.54,11.8,0.001,0.001,0.007,0.002,0.069,0.001,0.285,0.002,0.005,0.003,15.16,0.32,0.033,0.006,0.004,3.44,30.55,44.4,4.66,0.011,0.495,0.033,0.014,0.0012,0.022,0.013,0.401,0.011,0.001,0.006,0.007,0.031
197,IF,T,3,2249.0,42.5,57.2,384.0,17.0,10.2,0.4,9.7,68.3,11.6,900.0,912.0,13.1,150.8,1.9,0.9,21.7,826.0,39.9,2.19,2030.0,399.0,7.9,8.97,2.52,22.9,10.43,54.7,2.4,95.8,4.2,250.6,83.3,86.7,99.2,12.7,470.3,131.3,35.4,0.0,0.7,0.0,2.9,7.1,8.7,4.2,16.4,22.3,2.82,3.3,4.97,1.1,10.23,2.21,1.2,2.48,4.32,2.3,0.85,1.95,2.72,2.91,2.44,1.86,0.8,2.18,2.83,7.66,8.41,5.72,50.0,0.7,35.2,38.6,26.3,1.47,0.91,0.86,7.52,7.42,4.0,34.5,34.1,0.22,1.1,4.6,1.73,32.7,1.46,0.15,1.3,4.4,2.06,4.31,0.2,22.8,6.7,4.5,1.12,7.39,7.49,0.82,5.72,66.2,29.1,9.1,0.22,15.3,10.3,32.5,6.0,0.2,6.16,5.51,28.3,0.001,0.005,0.021,0.008,0.15,0.007,0.699,0.006,0.02,0.009,19.78,0.94,0.105,0.031,0.021,5.15,33.91,34.38,3.78,0.026,0.304,0.134,0.042,0.001,0.07,0.047,0.149,0.026,0.001,0.028,0.025,0.13
206,IG,T,3,2965.0,33.6,56.5,583.0,10.2,7.6,0.2,7.4,78.7,6.4,2834.0,2840.0,20.7,429.4,2.9,1.1,17.2,907.0,30.8,3.33,2829.0,445.0,8.7,12.0,6.03,22.6,9.41,55.1,1.4,97.6,2.4,176.6,99.6,65.5,1077.0,8.4,72.9,269.7,15.8,0.0,3.2,0.0,0.7,8.2,14.7,0.6,15.2,20.3,2.38,3.02,4.98,1.06,10.17,2.07,1.06,2.1,3.56,2.15,0.82,1.88,2.52,3.43,2.33,1.78,0.8,1.82,2.55,10.29,9.73,7.31,29.9,0.71,37.6,35.6,26.7,1.33,1.06,1.06,8.59,9.89,3.9,31.4,36.2,0.28,17.7,4.9,0.28,42.6,26.34,0.14,0.3,1.9,3.38,5.38,0.28,23.6,7.0,7.0,1.52,9.6,8.58,1.06,9.6,162.2,247.0,9.7,0.38,9.6,0.9,157.7,44.0,1.1,0.7,0.41,0.4,0.001,0.065,0.018,0.001,0.156,0.096,0.506,0.001,0.007,0.012,19.67,1.01,0.086,0.026,0.025,5.55,35.12,31.39,3.89,0.035,0.593,0.904,0.036,0.0014,0.035,0.003,0.577,0.162,0.004,0.003,0.001,0.001
215,JA,T,3,2545.0,30.0,56.5,499.0,10.6,8.9,0.8,8.0,78.4,10.5,1450.0,1461.0,8.9,219.2,2.4,0.8,17.0,629.0,24.6,2.72,2108.0,311.0,8.0,8.99,5.45,20.5,9.78,51.1,5.4,90.5,9.5,397.9,70.0,0.0,483.7,2.5,74.1,143.6,99.9,0.0,0.2,0.0,0.6,11.0,25.3,6.1,9.0,13.1,2.56,3.43,4.39,0.96,8.87,2.03,1.01,1.94,3.54,2.08,0.94,1.91,2.32,2.52,2.2,1.8,0.84,1.86,2.61,8.4,6.29,6.52,37.2,0.6,39.6,29.6,30.8,0.96,1.34,0.75,5.51,8.15,3.6,26.0,38.4,0.22,0.2,3.1,0.36,27.5,0.22,0.16,0.3,2.3,1.38,4.82,0.23,15.1,14.2,13.6,1.46,8.09,5.5,0.72,8.23,17.0,55.5,6.6,0.27,7.6,10.5,8.3,8.0,1.1,2.35,5.02,25.6,0.001,0.001,0.015,0.002,0.13,0.001,0.744,0.001,0.011,0.007,22.75,1.07,0.071,0.067,0.064,6.87,38.15,25.92,3.39,0.039,0.08,0.262,0.031,0.0013,0.036,0.05,0.039,0.036,0.005,0.011,0.024,0.121
224,JB,T,3,2546.0,38.0,59.6,488.0,13.4,9.4,0.6,8.7,76.7,29.4,867.0,896.0,7.4,160.2,2.3,0.8,18.5,583.0,25.1,2.58,1942.0,305.0,9.2,10.87,6.98,20.3,11.53,55.5,4.0,93.2,6.8,535.9,7.3,0.0,221.0,1.1,132.0,148.0,114.9,0.5,0.5,0.0,2.1,25.9,6.9,3.0,9.9,12.4,2.89,4.03,4.6,1.06,9.28,2.24,1.1,2.16,3.93,2.13,1.05,2.11,2.55,2.47,2.4,2.02,0.95,2.11,2.94,14.86,7.98,11.74,53.7,0.53,43.0,23.1,33.9,0.68,1.86,0.85,7.04,14.37,2.5,20.4,41.5,0.36,0.4,11.9,1.13,65.1,0.36,0.33,0.4,2.0,0.64,8.25,0.48,59.2,22.1,21.4,2.99,14.25,7.0,0.84,12.92,41.7,103.6,23.7,0.36,29.4,4.2,6.2,13.0,0.7,2.78,2.21,10.3,0.001,0.001,0.034,0.003,0.188,0.001,0.965,0.001,0.006,0.002,23.85,1.39,0.171,0.064,0.062,8.65,41.21,20.25,2.43,0.037,0.121,0.3,0.069,0.001,0.085,0.012,0.018,0.038,0.002,0.008,0.006,0.03
233,KB,T,3,2987.0,47.6,74.2,537.0,14.3,9.9,2.0,7.9,71.9,69.0,2334.0,2403.0,19.0,339.8,2.5,1.1,17.9,645.0,27.2,3.45,2642.0,376.0,8.1,7.16,3.94,45.1,11.03,59.0,15.2,79.6,20.4,341.8,6.9,0.9,894.4,19.9,31.4,186.2,12.7,0.0,1.0,0.0,5.1,16.2,111.0,4.1,8.2,14.8,3.16,4.16,5.76,1.04,9.61,2.7,1.24,2.4,4.39,2.99,1.1,2.14,2.8,2.56,2.66,2.19,0.99,2.2,3.14,16.17,13.06,12.98,111.8,0.72,38.3,30.9,30.7,1.01,1.24,1.41,11.41,15.52,3.3,27.0,36.8,0.43,0.5,9.7,3.13,84.6,0.66,0.42,4.7,14.6,2.8,9.01,0.77,46.8,41.2,35.6,3.24,15.19,11.32,1.22,18.39,76.9,122.0,21.5,1.77,45.1,56.7,48.6,214.0,10.8,15.11,32.8,130.2,0.001,0.001,0.023,0.007,0.2,0.002,0.998,0.011,0.035,0.007,21.35,1.83,0.111,0.098,0.084,7.67,35.97,26.81,2.9,0.044,0.182,0.289,0.051,0.0042,0.107,0.134,0.115,0.506,0.026,0.036,0.078,0.309
242,KC,T,3,2580.0,57.1,64.2,417.0,19.9,9.9,0.9,9.0,64.7,35.0,333.0,368.0,10.5,61.9,2.7,0.9,22.1,539.0,36.7,2.38,1484.0,279.0,8.4,10.63,5.28,22.6,11.18,58.3,5.8,91.0,9.0,508.1,8.2,0.0,6.5,12.0,285.5,25.7,20.1,0.0,2.2,0.0,7.9,42.2,13.9,0.4,13.6,9.3,3.01,4.2,5.06,1.07,9.91,2.45,1.24,2.31,4.3,2.46,1.04,2.11,2.71,2.42,2.63,2.0,0.97,2.18,3.03,15.26,11.03,11.17,87.8,0.58,40.7,29.4,29.8,0.99,1.38,0.88,9.88,14.84,2.3,26.4,39.6,0.39,0.5,17.0,2.04,87.3,0.39,0.33,0.6,1.6,0.69,7.92,0.53,83.1,2.7,1.4,2.66,14.63,9.84,0.86,25.73,112.5,44.4,33.5,0.66,41.9,4.9,57.1,159.0,0.6,4.56,2.74,8.3,0.001,0.001,0.045,0.005,0.233,0.001,0.88,0.002,0.004,0.002,21.15,1.4,0.222,0.007,0.004,7.11,39.05,26.25,2.31,0.069,0.3,0.119,0.09,0.0018,0.112,0.013,0.152,0.423,0.001,0.012,0.007,0.022
251,LA,T,3,2560.0,55.0,59.3,452.0,19.3,9.3,0.7,8.5,70.6,9.3,1034.0,1043.0,24.7,229.9,2.1,0.8,17.3,540.0,35.5,2.3,1682.0,303.0,8.6,10.18,5.54,23.3,10.97,54.6,4.7,92.2,7.8,470.9,1.2,0.0,227.7,18.4,126.5,146.4,27.9,3.4,10.9,0.0,1.3,12.1,31.5,11.0,11.8,11.8,2.84,4.01,4.89,1.02,9.16,2.34,1.14,2.25,3.97,2.31,1.01,2.03,2.64,2.43,2.42,1.89,0.9,2.1,2.87,21.98,18.1,16.62,52.1,0.58,38.8,31.9,29.3,1.09,1.21,1.68,16.24,21.0,3.0,28.6,37.0,0.58,0.6,6.5,1.31,41.1,0.58,0.39,1.4,2.7,0.8,11.24,0.84,30.3,57.1,55.8,4.71,20.63,16.22,1.65,10.85,145.8,243.3,12.6,0.8,17.0,7.8,207.8,128.0,12.2,3.49,3.69,17.7,0.001,0.001,0.011,0.002,0.072,0.001,0.695,0.002,0.005,0.001,19.82,1.48,0.053,0.101,0.098,8.31,36.39,28.6,2.92,0.019,0.257,0.429,0.022,0.0014,0.03,0.014,0.367,0.226,0.021,0.006,0.007,0.031
260,LB,T,3,3578.0,37.7,48.8,740.0,9.5,5.5,0.2,5.3,82.7,6.1,1534.0,1540.0,11.2,231.9,2.2,0.7,15.3,468.0,28.6,2.77,1813.0,331.0,7.7,10.36,3.71,20.7,9.33,47.2,1.6,96.7,3.3,385.8,7.6,0.0,560.9,1.4,103.9,38.9,30.7,0.0,0.0,0.0,0.9,26.7,11.0,0.5,16.9,14.0,2.56,3.03,4.6,0.96,8.5,2.03,0.96,2.24,3.44,2.05,0.87,1.83,2.39,2.18,2.07,1.73,0.86,2.11,2.58,4.75,4.52,3.27,33.0,0.68,37.9,36.1,26.1,1.38,1.05,0.32,3.75,5.16,2.6,29.9,41.2,0.24,5.7,6.5,1.23,28.2,1.01,0.1,7.7,4.7,0.58,2.65,0.03,0.2,0.5,0.4,0.46,4.57,3.74,0.32,0.48,8.4,136.4,0.7,0.15,1.9,0.8,0.5,452.0,0.1,0.34,0.14,0.6,0.002,0.045,0.052,0.01,0.225,0.008,0.81,0.061,0.038,0.005,21.14,0.24,0.002,0.004,0.004,3.65,36.48,29.87,2.54,0.004,0.067,1.088,0.005,0.0012,0.015,0.006,0.004,3.609,0.001,0.003,0.001,0.005
269,LC,T,3,2537.0,60.9,50.9,399.0,21.6,8.0,2.0,6.0,62.9,112.1,350.0,462.0,36.0,65.1,1.3,0.6,16.1,241.0,17.1,1.67,1144.0,236.0,7.3,2.11,1.37,38.7,9.37,38.0,12.9,74.7,25.3,425.2,7.2,0.0,112.3,1.9,136.4,46.2,0.9,2.6,1.3,0.0,5.7,33.0,119.0,27.0,1.9,6.2,2.92,3.68,5.01,1.04,9.41,2.43,1.16,2.71,4.11,2.65,1.09,2.13,2.83,2.32,2.29,1.87,0.87,2.31,2.93,21.35,24.35,15.94,128.2,0.72,34.6,39.5,25.9,1.53,0.88,2.52,21.45,20.35,4.1,34.8,33.0,0.63,0.6,7.7,2.84,53.1,0.85,0.39,11.3,16.7,2.48,10.97,1.08,39.5,51.3,46.7,4.24,19.84,21.36,2.4,9.85,163.0,163.8,16.3,1.11,44.8,37.8,206.4,351.0,13.0,11.17,26.94,79.7,0.001,0.001,0.012,0.005,0.086,0.001,0.631,0.018,0.027,0.004,17.8,1.75,0.064,0.083,0.076,6.87,32.18,34.66,3.89,0.016,0.264,0.266,0.026,0.0018,0.073,0.061,0.335,0.57,0.021,0.018,0.044,0.129
278,LD,T,3,1814.0,11.9,42.2,335.0,5.9,9.3,1.9,7.4,73.9,24.8,500.0,525.0,8.1,15.4,1.1,0.4,12.5,420.0,21.1,1.29,829.0,256.0,6.4,6.48,3.06,27.2,7.23,33.6,8.5,79.7,20.3,387.6,9.9,0.0,35.3,1.4,26.5,10.2,2.0,0.0,1.2,0.0,0.8,5.5,45.3,2.3,8.7,4.8,2.3,2.88,3.75,0.88,8.14,1.92,0.88,2.12,3.18,1.86,0.86,1.74,2.18,2.13,1.74,1.49,0.7,1.89,2.28,8.02,5.78,6.29,80.2,0.65,39.9,28.8,31.3,0.92,1.39,0.52,5.14,7.77,2.6,25.6,38.7,0.21,0.2,5.0,1.31,31.6,0.22,0.22,3.2,8.9,2.17,4.5,0.31,40.2,16.3,10.6,1.43,7.61,5.09,0.42,8.46,34.1,59.6,10.5,0.5,26.0,38.0,24.8,102.0,2.7,7.64,13.26,63.0,0.001,0.001,0.025,0.007,0.157,0.001,1.08,0.016,0.044,0.011,22.41,1.57,0.2,0.081,0.053,7.11,37.87,25.34,2.1,0.042,0.17,0.297,0.052,0.0025,0.129,0.189,0.123,0.505,0.014,0.038,0.066,0.314
287,MB,T,3,2894.0,31.3,61.5,510.0,9.7,8.5,0.3,8.2,70.5,3.3,750.0,753.0,10.5,155.5,2.2,0.8,19.0,493.0,29.3,2.39,1533.0,287.0,9.6,10.66,5.12,21.5,11.67,59.3,2.2,96.4,3.6,568.2,3.5,0.0,173.5,14.1,426.9,38.2,26.6,0.0,0.0,0.0,0.5,16.2,1.0,0.3,14.1,11.4,2.99,4.12,4.98,1.15,10.43,2.35,1.15,2.51,4.18,2.15,1.06,2.22,2.84,2.39,2.5,1.9,1.0,2.37,3.07,13.48,9.12,10.4,27.9,0.52,40.9,27.6,31.5,0.88,1.48,0.72,8.34,13.06,2.2,25.3,39.6,0.34,0.3,5.6,0.56,30.4,0.34,0.27,3.6,2.3,0.78,7.38,0.39,28.1,28.9,27.2,2.63,12.94,8.33,0.72,6.44,41.3,103.8,10.9,0.34,12.7,1.4,20.3,19.0,0.4,0.88,0.66,1.2,0.001,0.001,0.017,0.002,0.092,0.001,0.816,0.011,0.007,0.002,22.37,1.17,0.085,0.087,0.082,7.97,39.22,25.24,2.17,0.02,0.125,0.315,0.033,0.001,0.038,0.004,0.061,0.058,0.001,0.003,0.002,0.004
296,MC,T,3,2853.0,43.4,66.9,541.0,13.7,9.4,0.5,8.9,75.8,9.9,350.0,360.0,8.0,90.4,2.5,0.8,19.3,615.0,41.4,2.84,1936.0,324.0,11.3,19.77,10.88,23.9,13.97,63.3,3.6,94.6,5.4,628.0,16.9,1.1,97.7,7.5,243.4,16.5,89.2,216.2,0.0,0.1,1.6,26.3,10.8,0.0,22.6,11.6,3.25,4.54,5.07,1.22,11.26,2.54,1.26,2.43,4.49,2.32,1.16,2.38,2.93,2.74,2.76,2.22,1.06,2.42,3.3,17.73,9.45,14.4,51.5,0.51,42.6,22.7,34.6,0.66,1.88,0.88,8.31,17.32,2.1,20.0,41.6,0.98,1.2,10.9,1.08,44.9,0.42,0.39,0.8,2.4,1.14,9.95,0.57,40.0,46.4,45.9,3.89,16.93,8.28,0.87,16.67,27.7,181.8,15.9,0.47,22.6,3.2,1.6,209.0,0.5,2.2,1.69,6.4,0.002,0.003,0.026,0.003,0.108,0.001,0.95,0.002,0.006,0.003,23.93,1.38,0.096,0.112,0.11,9.37,40.71,19.92,2.1,0.04,0.067,0.437,0.038,0.0011,0.054,0.008,0.004,0.504,0.001,0.005,0.004,0.015
305,MD,T,3,3015.0,48.9,60.3,517.0,14.6,8.0,1.0,7.0,68.6,20.4,733.0,753.0,21.9,170.4,2.4,0.7,18.0,543.0,41.2,2.59,1889.0,297.0,8.2,14.87,4.8,29.1,10.68,52.4,7.9,86.9,13.1,542.8,12.4,0.0,322.0,7.9,225.7,44.7,7.4,9.5,0.0,0.0,3.0,35.1,37.3,0.6,25.6,10.4,2.89,4.04,4.96,1.03,9.15,2.37,1.14,2.23,4.04,2.37,1.04,2.07,2.64,2.3,2.45,1.92,0.93,2.12,2.93,15.6,15.12,11.34,62.8,0.59,37.1,35.9,27.0,1.33,1.03,1.47,13.37,15.05,3.5,31.8,35.8,0.43,0.4,14.6,1.53,81.8,0.43,0.3,0.5,2.7,0.45,8.05,0.64,72.1,5.5,4.0,2.74,14.81,13.33,1.42,23.82,112.5,52.3,29.9,0.48,32.8,16.2,84.1,184.0,1.5,5.58,7.93,40.5,0.001,0.001,0.035,0.004,0.194,0.001,0.702,0.001,0.006,0.001,19.14,1.53,0.171,0.013,0.009,6.52,35.21,31.69,3.37,0.057,0.267,0.124,0.071,0.0011,0.078,0.038,0.2,0.437,0.004,0.013,0.019,0.096
314,,T,3,2427.0,28.2,56.6,465.0,10.5,9.3,0.6,8.7,76.6,3.5,917.0,921.0,15.1,184.0,1.6,0.6,17.1,435.0,25.4,1.85,1559.0,305.0,9.2,10.1,5.62,21.8,10.21,52.7,3.9,93.2,6.8,500.0,6.2,0.0,200.2,13.8,318.8,118.4,22.9,0.0,0.0,0.0,0.3,6.1,14.1,0.0,11.4,9.9,2.94,3.87,5.09,1.16,11.14,2.35,1.13,2.85,4.12,2.28,1.03,2.19,2.92,2.46,2.38,1.86,0.95,2.55,2.99,17.8,10.3,14.59,54.7,0.59,41.7,24.1,34.2,0.71,1.73,0.74,9.52,17.12,1.7,22.3,40.1,0.43,0.5,5.5,0.67,31.4,0.43,0.39,3.0,3.4,1.18,9.94,0.6,27.0,59.1,57.6,4.11,16.91,9.49,0.73,6.22,41.7,211.5,11.2,0.72,25.6,5.4,10.7,6.0,0.7,1.12,3.41,4.9,0.001,0.001,0.013,0.002,0.073,0.001,0.903,0.007,0.008,0.003,23.28,1.42,0.063,0.139,0.135,9.63,39.61,22.23,1.72,0.015,0.098,0.495,0.026,0.0017,0.06,0.013,0.025,0.014,0.002,0.003,0.008,0.012
323,NB,T,3,3028.0,52.9,63.2,566.0,15.7,8.3,0.8,7.5,74.8,11.7,750.0,762.0,12.2,164.3,2.0,0.8,22.1,470.0,33.2,2.0,1533.0,324.0,11.0,14.33,7.61,27.4,12.46,57.1,6.0,90.4,9.6,652.7,5.8,0.0,102.2,3.4,250.2,114.7,20.6,2.5,0.0,0.0,2.8,38.9,2.6,0.0,17.1,9.4,3.4,4.34,5.51,1.36,11.31,2.67,1.29,3.24,4.7,2.49,1.22,2.58,3.31,2.83,2.65,2.09,1.11,2.93,3.43,28.13,11.69,23.0,68.6,0.57,44.8,18.6,36.6,0.51,2.41,0.74,10.73,27.0,1.2,17.1,43.0,0.64,0.7,20.6,0.88,105.5,0.64,0.7,6.4,3.7,1.51,15.15,1.11,102.9,80.5,77.8,6.84,26.61,10.68,0.73,22.52,74.0,312.7,40.6,0.68,44.4,2.1,8.4,80.0,0.7,1.23,0.84,1.9,0.001,0.001,0.033,0.001,0.168,0.001,1.114,0.01,0.006,0.002,24.11,1.77,0.164,0.128,0.124,10.89,42.36,17.01,1.17,0.036,0.118,0.498,0.065,0.0011,0.071,0.003,0.013,0.127,0.001,0.002,0.001,0.003
332,NC,T,3,2676.0,32.3,63.5,511.0,10.9,9.5,0.8,8.7,76.4,21.2,633.0,654.0,17.7,145.5,1.8,0.8,19.4,399.0,28.9,2.12,1596.0,329.0,9.7,7.77,3.25,27.7,11.31,58.1,5.4,91.4,8.6,584.4,1.3,0.2,147.4,21.0,113.5,123.2,18.4,3.5,2.3,0.0,2.1,26.8,12.7,1.8,11.5,10.4,3.28,4.44,5.77,1.29,10.94,2.75,1.34,3.24,4.76,2.71,1.11,2.4,3.32,2.85,2.73,2.12,1.07,2.81,3.37,17.28,12.98,13.08,60.6,0.61,39.9,30.0,30.2,0.99,1.33,1.16,11.68,16.66,2.7,26.9,38.4,0.44,0.6,14.1,0.95,75.5,0.44,0.36,0.7,2.3,0.94,9.13,0.61,70.1,19.0,18.1,3.33,16.52,11.63,1.16,16.8,125.7,100.4,28.2,0.53,38.4,4.6,39.1,48.0,0.6,1.79,3.72,4.8,0.001,0.001,0.033,0.002,0.174,0.001,0.841,0.002,0.005,0.002,21.07,1.4,0.162,0.044,0.042,7.67,38.1,26.83,2.67,0.039,0.29,0.232,0.065,0.0012,0.089,0.011,0.09,0.111,0.001,0.004,0.009,0.011
341,ND,T,3,2403.0,67.8,50.1,386.0,25.4,8.3,1.6,6.7,64.3,280.3,617.0,897.0,9.4,199.1,1.5,0.6,16.8,306.0,29.6,1.47,1161.0,249.0,7.8,11.33,5.7,24.4,9.37,40.3,9.8,80.5,19.5,462.1,3.5,0.0,78.3,1.4,144.7,100.4,1.5,0.0,0.0,0.0,5.6,64.4,17.2,1.2,14.3,6.5,2.6,3.26,4.26,1.02,8.27,2.11,1.0,2.47,3.6,1.98,0.93,1.95,2.53,2.16,2.01,1.58,0.84,2.22,2.6,30.02,10.39,24.52,127.5,0.61,46.2,16.0,37.8,0.42,2.89,0.53,9.65,28.64,0.8,14.9,44.1,0.67,0.7,30.2,1.68,152.6,0.67,0.79,0.7,2.4,0.99,15.89,1.31,150.1,69.1,68.0,7.45,28.32,9.57,0.53,31.0,97.9,306.5,60.0,0.89,73.3,4.3,11.6,6.0,0.7,3.12,0.93,3.7,0.001,0.001,0.046,0.003,0.235,0.001,1.22,0.001,0.004,0.002,24.47,2.02,0.231,0.106,0.105,11.47,43.62,14.73,0.81,0.048,0.151,0.472,0.092,0.0014,0.113,0.007,0.018,0.01,0.001,0.005,0.001,0.006
350,OA,T,3,3492.0,47.7,78.2,664.0,12.3,9.0,0.2,8.8,76.1,27.0,1217.0,1244.0,31.2,255.0,2.7,1.0,22.5,694.0,49.3,3.2,2429.0,490.0,13.9,16.52,6.3,30.6,13.6,76.5,1.7,97.8,2.2,456.6,174.2,64.9,367.5,14.1,386.4,76.8,15.1,31.2,0.1,0.0,5.2,10.4,8.9,2.6,26.0,44.7,3.39,4.6,6.08,1.67,15.92,2.96,1.49,3.37,5.24,2.74,1.24,2.91,3.77,4.64,3.21,2.34,1.17,2.95,3.77,17.21,15.55,13.08,89.6,0.6,37.5,33.9,28.5,1.19,1.11,1.24,14.17,16.61,2.7,30.9,36.2,0.46,20.2,0.6,1.61,20.0,28.19,0.25,0.5,4.6,7.03,9.51,0.53,1.8,40.5,39.5,3.02,16.07,14.16,1.22,10.31,163.4,393.1,0.8,0.46,4.5,3.7,169.0,142.0,0.7,3.68,2.05,8.9,0.001,0.044,0.001,0.004,0.044,0.062,0.555,0.001,0.01,0.015,20.74,1.15,0.004,0.088,0.086,6.59,35.07,30.89,2.67,0.022,0.357,0.858,0.002,0.001,0.01,0.008,0.369,0.311,0.002,0.008,0.004,0.019
359,OB,T,3,2818.0,52.4,89.9,504.0,16.7,12.8,1.3,11.4,71.5,29.2,717.0,746.0,36.6,154.8,1.8,0.8,20.5,699.0,35.8,2.18,1812.0,392.0,10.9,23.69,17.6,41.3,12.17,80.6,9.3,89.7,10.3,553.9,33.6,0.0,84.7,30.3,191.7,185.2,33.4,0.6,0.2,0.0,4.0,30.4,38.5,2.4,15.5,14.1,3.51,4.47,6.02,1.37,54.33,2.93,1.4,3.34,5.02,2.99,1.24,2.61,3.44,3.32,2.89,2.31,1.11,2.92,3.58,19.79,23.59,14.51,119.2,0.67,34.2,40.7,25.1,1.63,0.84,2.58,20.72,18.94,4.5,35.8,32.7,0.59,1.5,15.4,2.01,81.5,0.69,0.35,1.9,6.4,1.91,10.34,0.9,71.0,13.8,11.3,3.46,18.64,20.66,2.46,31.42,169.2,87.0,30.0,0.8,40.0,33.2,150.2,215.0,3.0,8.7,16.3,83.7,0.001,0.003,0.027,0.003,0.141,0.001,0.608,0.003,0.011,0.003,17.87,1.55,0.123,0.024,0.019,5.98,32.2,35.68,4.26,0.054,0.292,0.15,0.052,0.0014,0.069,0.057,0.259,0.372,0.005,0.015,0.028,0.145
368,PA,T,3,2340.0,39.2,48.9,424.0,15.1,8.4,0.8,7.5,72.5,5.6,783.0,789.0,9.0,76.8,1.5,0.7,20.5,480.0,22.9,1.45,1102.0,255.0,8.2,5.11,2.04,22.8,8.88,44.1,4.8,90.1,9.9,494.8,6.8,0.0,77.3,9.0,120.6,115.2,41.2,13.6,0.2,0.0,0.0,32.0,11.2,0.5,7.8,7.1,2.57,3.3,4.3,1.01,8.51,2.1,0.99,2.47,3.61,1.95,0.9,1.91,2.54,2.2,2.04,1.58,0.85,2.21,2.6,17.08,15.7,13.34,55.5,0.59,37.0,34.0,28.9,1.18,1.09,1.91,13.56,16.38,4.1,29.4,35.5,0.47,3.2,17.0,1.01,79.0,0.47,0.38,4.2,19.8,0.71,9.24,0.81,70.9,34.4,13.8,3.25,16.04,13.45,1.58,15.25,113.7,133.2,131.9,5.75,33.3,187.1,81.7,209.0,0.6,62.23,9.28,138.8,0.001,0.007,0.037,0.002,0.171,0.001,0.826,0.009,0.043,0.002,20.04,1.76,0.154,0.075,0.03,7.04,34.77,29.17,3.43,0.033,0.247,0.289,0.286,0.0125,0.072,0.406,0.177,0.454,0.001,0.135,0.02,0.301
377,PC,T,3,2095.0,56.9,53.0,292.0,24.4,10.1,1.4,8.7,55.8,50.3,483.0,533.0,15.7,62.0,1.5,0.6,14.3,496.0,28.0,1.63,1508.0,303.0,6.5,8.7,3.87,23.2,9.19,45.6,7.4,86.0,14.0,280.1,11.4,45.0,0.0,57.1,10.7,143.6,10.3,56.9,5.5,0.0,0.5,75.1,6.7,2.1,12.3,11.5,2.71,3.49,4.75,1.0,9.13,2.25,1.24,2.51,4.21,2.54,0.91,1.91,2.72,2.6,2.34,1.85,0.82,2.16,2.81,22.82,12.83,18.33,81.8,0.73,42.3,23.8,34.0,0.7,1.78,1.15,11.42,21.76,2.1,21.2,40.3,7.11,9.9,59.4,3.35,179.9,0.56,0.7,5.5,13.7,1.04,11.96,0.98,144.6,29.5,28.0,5.16,21.53,11.35,1.14,36.0,161.5,169.8,53.3,0.64,63.6,3.9,104.4,61.0,0.8,0.82,3.37,7.0,0.013,0.018,0.11,0.006,0.333,0.001,1.295,0.01,0.025,0.002,22.16,1.82,0.268,0.055,0.052,9.56,39.89,21.03,2.11,0.067,0.299,0.315,0.099,0.0012,0.118,0.007,0.193,0.113,0.001,0.002,0.006,0.013
386,PD,T,3,2098.0,33.0,46.6,371.0,14.2,8.9,0.6,8.3,70.7,16.8,433.0,450.0,24.3,48.9,1.4,0.5,14.6,300.0,22.3,1.43,1056.0,255.0,7.5,7.74,2.71,20.1,8.53,43.7,2.9,93.8,6.2,426.4,4.2,29.3,15.3,16.3,100.3,51.4,0.2,9.6,6.5,0.0,0.5,17.0,15.7,0.2,12.8,8.1,2.5,3.23,4.21,0.99,8.27,2.01,0.99,2.35,3.63,1.88,0.87,1.86,2.5,2.14,2.02,1.54,0.79,2.12,2.53,13.21,15.76,8.97,28.1,0.58,34.8,41.5,23.6,1.76,0.84,1.47,14.06,12.79,3.9,37.1,33.7,0.39,0.4,7.7,0.49,37.8,0.39,0.18,0.4,1.3,0.59,6.59,0.45,37.2,2.6,2.6,2.02,12.54,14.04,1.46,13.8,112.3,65.7,15.1,0.47,18.5,2.2,148.3,186.0,0.5,1.08,0.79,3.8,0.001,0.001,0.02,0.001,0.1,0.001,0.477,0.001,0.003,0.002,17.38,1.19,0.098,0.007,0.007,5.31,33.05,37.0,3.85,0.036,0.296,0.173,0.04,0.0012,0.049,0.006,0.391,0.491,0.001,0.003,0.002,0.01
395,PE,T,3,2105.0,42.8,52.5,365.0,18.3,10.0,1.0,8.9,69.4,9.6,867.0,877.0,10.9,76.7,1.9,0.7,15.6,399.0,29.9,1.84,1287.0,235.0,7.2,9.64,4.33,18.1,8.84,47.1,5.4,89.8,10.2,452.8,7.5,0.0,66.0,13.7,131.4,219.7,10.0,4.3,1.1,0.0,1.6,37.7,1.4,0.2,13.5,8.5,2.38,3.34,4.14,0.86,7.98,1.94,0.99,1.82,3.42,1.91,0.82,1.68,2.16,2.04,2.09,1.59,0.81,1.75,2.42,18.26,9.69,14.81,65.1,0.57,42.7,22.7,34.6,0.65,1.88,0.81,8.71,17.55,1.9,20.4,41.0,0.44,0.5,13.6,1.1,69.5,0.44,0.45,3.9,3.2,1.52,9.88,0.72,68.0,44.9,42.8,4.26,17.3,8.68,0.81,16.81,67.4,177.2,27.2,0.44,32.4,0.5,23.8,71.0,0.5,2.33,0.44,0.5,0.001,0.001,0.032,0.003,0.162,0.001,1.05,0.009,0.007,0.004,23.12,1.67,0.159,0.105,0.1,9.96,40.45,20.29,1.89,0.039,0.158,0.414,0.064,0.001,0.076,0.001,0.056,0.166,0.001,0.005,0.001,0.001
404,QA,T,3,2393.0,31.9,63.8,442.0,12.0,10.7,0.1,10.6,73.9,2.8,683.0,686.0,11.7,84.8,2.1,0.6,16.0,386.0,24.4,2.39,1425.0,305.0,8.9,6.44,3.21,18.6,10.72,63.3,0.5,99.2,0.8,520.2,10.0,39.3,3.5,23.9,259.0,114.4,2.9,0.0,0.3,0.0,0.0,6.5,0.0,0.2,8.2,13.0,3.05,4.32,5.04,1.14,10.53,2.39,1.24,2.37,4.42,2.31,1.07,2.21,2.86,2.58,2.67,2.01,1.0,2.24,3.09,11.51,8.88,8.84,21.1,0.53,39.4,30.4,30.3,1.0,1.3,0.7,8.16,11.22,2.4,27.9,38.4,0.3,0.3,3.5,0.43,17.1,0.3,0.21,0.3,0.7,0.68,6.4,0.26,16.7,22.3,22.3,2.13,11.13,8.15,0.7,16.74,39.6,87.7,6.8,0.3,7.1,0.3,8.7,0.0,0.3,0.6,0.3,0.3,0.001,0.001,0.012,0.001,0.058,0.001,0.735,0.001,0.002,0.002,21.89,0.9,0.057,0.076,0.076,7.28,38.07,27.87,2.38,0.057,0.135,0.3,0.023,0.001,0.024,0.001,0.03,0.001,0.001,0.002,0.001,0.001
413,QB,T,3,2543.0,33.9,52.8,489.0,12.0,8.3,0.2,8.1,76.9,17.5,1584.0,1602.0,8.1,240.5,2.3,0.7,15.2,450.0,24.1,2.6,1928.0,278.0,8.0,11.95,6.68,16.2,9.37,51.3,1.5,97.1,2.9,407.6,22.4,1.1,556.9,3.3,164.1,56.3,47.8,0.0,0.0,0.0,4.2,10.5,0.0,0.0,13.4,13.3,2.36,3.29,4.12,0.92,8.21,1.86,0.94,1.81,3.3,1.79,0.86,1.78,2.21,2.14,2.11,1.67,0.81,1.77,2.47,14.22,7.14,11.6,50.9,0.54,43.1,21.7,35.2,0.62,1.99,0.52,6.55,13.75,1.6,19.9,41.7,0.34,0.3,4.1,1.14,32.4,0.34,0.3,0.3,1.0,1.13,7.88,0.47,19.4,46.2,45.6,3.3,13.51,6.53,0.52,4.8,25.1,190.5,7.9,0.34,13.4,0.3,3.3,51.0,0.3,2.16,0.34,0.3,0.001,0.001,0.012,0.003,0.098,0.001,0.912,0.001,0.003,0.003,23.91,1.43,0.059,0.14,0.138,10.03,40.98,19.81,1.57,0.015,0.076,0.578,0.024,0.001,0.041,0.001,0.01,0.155,0.001,0.007,0.001,0.001
422,QC,T,3,2619.0,61.8,64.4,440.0,21.2,9.8,0.8,9.1,67.2,11.6,800.0,812.0,13.3,109.3,2.3,0.7,16.9,409.0,27.4,2.52,1551.0,284.0,8.7,11.63,6.59,22.8,11.1,59.5,5.0,92.3,7.7,479.9,15.1,0.0,180.4,16.5,188.1,45.2,21.6,0.6,0.0,0.0,2.5,44.6,1.7,0.0,12.8,9.5,2.88,4.03,4.79,1.07,10.48,2.33,1.17,2.21,4.07,2.25,1.03,2.1,2.66,2.42,2.51,1.91,0.95,2.12,2.94,24.61,10.6,19.99,85.7,0.56,44.6,19.2,36.2,0.53,2.32,0.75,9.68,23.56,1.4,17.5,42.7,0.57,0.6,23.7,1.77,123.2,0.57,0.62,1.1,1.6,1.32,13.2,0.99,117.5,51.0,50.0,5.82,23.33,9.62,0.75,50.5,85.6,225.8,48.0,0.58,50.2,0.7,8.3,2.0,0.6,3.37,0.61,0.8,0.001,0.001,0.043,0.003,0.223,0.001,1.129,0.002,0.003,0.002,23.92,1.8,0.213,0.092,0.091,10.55,42.27,17.43,1.35,0.091,0.155,0.409,0.087,0.0011,0.091,0.001,0.015,0.004,0.001,0.006,0.001,0.001
431,RA,T,3,1707.0,40.3,43.6,353.0,21.3,10.2,0.8,9.5,82.7,49.0,200.0,249.0,14.7,81.8,1.6,0.7,9.8,486.0,22.8,2.82,2695.0,360.0,4.2,4.91,2.04,19.1,7.76,40.3,3.3,92.5,7.5,63.2,1.4,253.0,648.2,14.8,229.9,27.9,0.0,0.0,0.0,0.0,2.4,28.6,0.0,0.8,7.3,19.2,2.86,2.82,4.49,1.04,8.46,2.03,1.11,2.03,4.45,2.04,0.74,1.78,2.42,2.65,2.29,1.73,0.69,1.87,2.51,17.48,10.9,13.93,58.7,0.72,41.3,25.8,32.9,0.78,1.6,0.69,10.12,16.75,1.6,23.9,39.6,0.43,0.5,13.4,1.17,73.5,0.43,0.39,0.4,1.7,0.47,9.12,0.68,65.8,44.3,44.0,4.17,16.56,10.08,0.69,16.79,86.5,186.6,26.8,0.45,33.5,0.9,13.4,4.0,0.4,1.73,0.44,0.8,0.001,0.001,0.032,0.003,0.174,0.001,0.925,0.001,0.004,0.001,21.56,1.6,0.156,0.105,0.104,9.86,39.13,23.83,1.62,0.04,0.204,0.441,0.063,0.0011,0.079,0.002,0.032,0.009,0.001,0.004,0.001,0.002
440,SA,T,3,3041.0,59.5,68.4,536.0,17.6,9.0,1.0,8.0,70.5,30.6,683.0,714.0,26.0,144.5,2.1,0.9,22.4,631.0,44.3,2.2,2177.0,434.0,10.5,8.92,5.23,29.6,12.35,60.9,7.6,88.9,11.1,579.8,18.6,0.0,117.3,35.3,316.0,79.6,37.3,0.8,2.0,0.0,5.9,62.4,0.0,4.4,9.4,16.4,3.51,4.75,6.22,1.39,12.46,2.89,1.48,3.4,5.07,2.95,1.2,2.6,3.56,3.35,2.97,2.31,1.1,2.92,3.64,19.4,17.25,14.46,84.1,0.62,38.0,33.7,28.3,1.19,1.13,1.61,15.41,18.65,3.2,30.2,36.5,0.53,0.9,21.6,1.94,113.9,0.53,0.41,0.5,1.6,1.51,10.12,0.74,107.1,3.8,2.8,3.58,18.52,15.36,1.61,22.94,177.5,60.5,42.8,0.53,48.2,0.5,86.1,69.0,0.5,3.72,0.53,0.5,0.001,0.002,0.042,0.004,0.223,0.001,0.81,0.001,0.003,0.003,19.8,1.44,0.21,0.007,0.005,7.01,36.23,30.05,3.16,0.045,0.347,0.118,0.084,0.001,0.094,0.001,0.168,0.135,0.001,0.007,0.001,0.001
449,SB,T,3,3105.0,29.8,53.4,634.0,8.6,6.9,0.0,6.8,81.7,1.4,2167.0,2168.0,16.0,309.0,2.5,0.9,20.2,615.0,33.3,2.65,2216.0,400.0,7.6,13.57,8.78,22.4,9.27,53.0,0.3,99.4,0.6,294.1,72.8,96.8,905.2,0.3,84.4,14.0,313.8,0.8,2.5,0.0,0.0,3.7,2.1,0.4,12.2,19.3,2.7,3.0,4.37,1.12,9.92,1.96,1.02,2.24,3.86,1.9,0.86,1.98,2.51,2.92,2.17,1.81,0.75,2.03,2.66,7.1,8.22,5.07,15.1,0.63,34.8,40.3,24.9,1.62,0.86,0.7,7.5,6.94,3.4,36.8,34.1,0.21,0.3,0.9,0.22,24.7,0.21,0.08,0.3,1.4,2.42,3.94,0.13,3.9,7.8,7.8,0.99,6.89,7.5,0.69,1.08,18.1,34.1,1.7,0.21,1.7,0.2,27.6,20.0,0.3,0.27,0.21,0.2,0.001,0.001,0.005,0.001,0.121,0.001,0.416,0.001,0.007,0.012,19.34,0.66,0.019,0.038,0.038,4.85,33.79,36.78,3.41,0.005,0.089,0.167,0.008,0.001,0.008,0.001,0.135,0.099,0.001,0.001,0.001,0.001
458,SC,T,3,2693.0,31.0,98.7,526.0,10.4,14.7,1.1,13.6,78.1,0.5,1500.0,1501.0,31.8,238.8,2.2,0.7,17.2,544.0,29.0,4.2,3928.0,550.0,12.1,14.54,9.39,38.1,16.07,91.4,7.3,92.6,7.4,299.3,138.0,23.5,597.4,6.2,179.6,83.8,42.2,0.0,2.8,0.0,0.0,18.5,0.0,1.7,13.1,23.2,4.64,6.11,8.83,1.76,18.7,3.87,2.0,4.31,7.1,4.43,1.49,3.24,4.85,5.23,4.27,3.28,1.41,3.59,4.91,22.53,16.58,17.76,148.6,0.73,39.6,29.2,31.2,0.93,1.36,2.09,14.31,21.61,3.7,25.2,38.0,0.58,3.0,24.4,3.5,144.6,4.21,0.53,0.6,3.7,4.88,12.16,0.83,120.3,23.2,21.3,4.67,21.41,14.24,2.09,27.31,154.7,186.3,48.3,0.58,63.1,0.6,79.3,14.0,0.6,7.39,0.58,0.6,0.001,0.005,0.043,0.006,0.254,0.007,0.928,0.001,0.006,0.009,21.39,1.46,0.212,0.041,0.037,8.22,37.64,25.04,3.67,0.048,0.272,0.328,0.085,0.001,0.111,0.001,0.14,0.025,0.001,0.013,0.001,0.001
467,TA,T,3,2833.0,23.5,65.6,574.0,7.5,9.3,0.0,9.2,81.0,0.2,1300.0,1300.0,20.6,280.1,2.7,0.8,15.2,587.0,39.4,3.05,2329.0,541.0,7.9,13.8,5.55,29.5,10.84,65.4,0.2,99.7,0.3,92.5,219.6,246.2,491.9,9.7,395.7,36.3,0.8,5.5,0.0,0.0,0.0,6.9,0.0,0.0,21.0,26.8,3.23,3.12,4.4,1.5,16.32,2.42,1.4,2.4,5.43,2.11,0.97,2.47,3.08,5.37,2.83,2.05,0.78,2.09,3.21,6.27,9.9,4.73,12.7,0.68,30.0,47.4,22.6,2.09,0.63,0.56,9.3,6.13,2.7,44.5,29.3,0.21,0.2,1.5,0.21,20.6,0.21,0.09,0.2,5.4,9.84,3.83,0.14,6.8,7.6,7.5,0.76,6.06,9.3,0.56,3.56,12.0,43.1,2.8,0.21,2.8,0.2,10.6,28.0,0.2,0.21,0.21,0.2,0.001,0.001,0.007,0.001,0.098,0.001,0.419,0.001,0.026,0.047,18.32,0.66,0.032,0.036,0.036,3.64,29.0,44.48,2.7,0.017,0.057,0.206,0.014,0.001,0.014,0.001,0.051,0.133,0.001,0.001,0.001,0.001
476,TC,T,3,2202.0,28.9,75.3,411.0,11.8,13.7,0.2,13.4,74.7,2.9,1000.0,1003.0,25.4,,2.5,0.8,13.4,467.0,34.1,2.93,3815.0,560.0,6.2,11.71,6.75,27.1,13.2,73.9,1.3,98.2,1.8,1.4,104.8,243.6,355.6,58.1,180.7,164.1,2.6,252.5,0.0,0.1,0.6,12.5,0.0,1.1,12.6,27.0,4.01,3.98,8.01,1.45,15.42,2.75,1.66,3.17,6.5,3.21,1.35,2.79,3.88,6.98,3.41,2.58,1.0,2.33,3.83,10.54,11.97,9.75,26.9,0.81,32.7,37.1,30.2,1.23,0.88,1.79,10.13,10.03,5.5,31.4,31.1,2.55,5.0,14.0,1.71,36.4,2.14,0.25,5.1,10.3,5.75,6.78,0.45,34.4,38.7,30.4,2.55,9.88,10.11,1.78,3.69,41.8,124.1,3.9,0.33,12.5,8.8,41.0,26.0,0.3,1.44,0.33,1.4,0.008,0.015,0.044,0.005,0.113,0.007,0.768,0.016,0.032,0.018,21.03,1.4,0.107,0.12,0.094,7.91,30.63,31.35,5.51,0.011,0.13,0.385,0.012,0.001,0.039,0.027,0.127,0.079,0.001,0.004,0.001,0.004
485,TD,T,3,2707.0,27.2,75.3,541.0,9.0,11.1,0.1,11.0,79.9,0.2,350.0,350.0,18.6,84.7,3.3,0.6,19.0,524.0,44.6,3.01,2156.0,466.0,12.8,13.76,5.74,40.9,13.22,74.6,0.7,99.0,1.0,0.0,628.6,75.1,32.7,2.4,186.1,32.4,0.0,5.4,0.1,0.0,0.0,6.1,0.0,0.0,20.4,22.6,3.25,3.69,4.35,1.9,25.52,3.21,1.72,3.03,6.12,2.29,1.1,3.0,3.83,8.24,3.68,2.37,0.98,2.53,3.91,6.33,9.02,6.05,16.9,0.62,29.6,42.1,28.3,1.49,0.7,0.57,8.4,6.04,2.7,39.3,28.2,0.22,0.3,4.7,0.22,24.4,0.22,0.19,0.2,11.2,22.33,4.82,0.27,22.7,12.0,12.0,0.97,5.95,8.39,0.57,4.94,18.1,70.8,9.2,0.22,9.2,0.2,5.7,14.0,0.2,0.22,0.22,0.2,0.001,0.001,0.022,0.001,0.114,0.001,0.876,0.001,0.052,0.104,22.51,1.25,0.106,0.056,0.056,4.53,27.82,39.22,2.66,0.023,0.085,0.331,0.043,0.001,0.043,0.001,0.027,0.065,0.001,0.001,0.001,0.001
494,UA,T,3,2864.0,49.7,68.0,511.0,15.6,9.5,1.6,7.9,71.4,34.5,1034.0,1069.0,31.7,153.5,2.0,1.2,25.3,739.0,34.3,2.1,1917.0,373.0,10.9,10.64,5.45,34.9,12.63,56.6,11.5,83.2,16.8,574.7,8.4,0.0,105.3,7.7,82.4,310.0,9.5,4.6,1.6,0.0,5.3,44.9,70.6,6.8,13.2,12.2,3.68,4.58,6.25,1.41,11.72,3.0,1.45,3.54,5.1,3.07,1.33,2.73,3.53,3.37,2.87,2.33,1.17,3.02,3.66,22.33,20.98,16.27,109.1,0.67,37.5,35.2,27.3,1.29,1.06,2.12,18.56,21.39,3.6,31.2,35.9,0.61,0.7,18.4,2.51,97.2,0.61,0.42,1.8,4.2,0.96,11.46,0.94,90.4,14.1,13.1,4.08,21.12,18.51,2.1,22.72,151.7,109.5,37.6,0.93,44.8,7.8,149.9,167.0,6.8,6.52,2.68,12.7,0.001,0.001,0.031,0.004,0.163,0.001,0.698,0.003,0.007,0.002,19.24,1.57,0.152,0.024,0.022,6.84,35.44,31.06,3.53,0.038,0.255,0.184,0.063,0.0016,0.075,0.013,0.252,0.28,0.011,0.011,0.004,0.021
503,UB,T,3,2635.0,60.6,60.8,427.0,20.7,9.2,1.9,7.4,64.8,54.2,400.0,454.0,21.6,71.4,2.2,0.8,21.1,464.0,26.8,2.12,1269.0,240.0,7.6,8.37,4.32,23.2,10.23,48.6,12.2,79.9,20.1,528.7,0.0,0.0,21.2,3.9,284.8,93.1,24.1,1.2,6.0,0.1,7.0,36.9,69.7,12.3,10.3,7.6,2.87,3.99,4.62,0.99,9.0,2.37,1.13,2.13,3.97,2.43,1.1,2.08,2.47,2.13,2.36,1.87,0.91,2.02,2.83,18.08,17.49,13.09,103.9,0.61,37.2,35.9,26.9,1.34,1.03,1.75,15.53,17.28,3.6,31.9,35.5,0.7,0.8,15.8,2.3,78.4,0.5,0.34,2.3,5.4,0.51,9.26,0.78,73.0,10.8,10.5,3.19,17.08,15.47,1.69,17.37,145.7,75.7,31.7,1.42,46.9,22.7,132.7,125.0,0.9,5.18,3.26,33.0,0.001,0.002,0.032,0.005,0.161,0.001,0.694,0.005,0.011,0.001,19.04,1.6,0.15,0.022,0.022,6.56,35.1,31.8,3.48,0.036,0.299,0.155,0.065,0.0029,0.096,0.047,0.273,0.258,0.002,0.011,0.007,0.068
512,UC,T,3,2611.0,56.3,74.8,418.0,19.4,11.5,2.8,8.6,64.0,56.0,217.0,273.0,26.4,47.0,2.0,0.7,24.7,436.0,31.7,2.65,1670.0,304.0,8.7,9.62,5.05,35.8,12.34,56.2,18.6,75.2,24.8,480.9,14.7,0.2,132.6,3.1,98.7,49.3,49.0,45.5,13.8,0.0,7.6,37.5,103.0,10.8,11.6,8.6,3.66,5.04,6.11,1.23,11.36,3.22,1.46,2.69,5.04,3.18,1.36,2.58,3.14,2.86,2.99,2.39,1.1,2.56,3.57,26.22,22.24,18.45,137.1,0.63,39.2,33.2,27.6,1.21,1.18,1.99,19.91,24.93,3.0,29.8,37.3,0.69,0.9,26.3,2.38,137.0,0.69,0.53,3.5,10.9,1.15,12.85,1.22,129.2,9.1,7.7,4.58,24.66,19.83,1.91,31.52,234.7,88.3,56.1,5.4,65.3,35.5,244.5,184.0,5.5,10.65,8.02,44.7,0.001,0.001,0.039,0.004,0.205,0.001,0.793,0.005,0.016,0.002,19.21,1.82,0.193,0.014,0.011,6.84,36.85,29.63,2.85,0.047,0.351,0.132,0.084,0.0081,0.098,0.053,0.365,0.275,0.008,0.016,0.012,0.067
521,UD,T,3,1816.0,31.3,50.4,322.0,15.5,11.1,1.9,9.2,70.9,15.2,200.0,215.0,11.4,25.2,1.6,0.5,13.7,254.0,19.4,1.56,892.0,172.0,6.2,6.51,3.52,20.4,7.95,41.8,8.6,82.9,17.1,418.9,0.0,0.0,0.0,8.2,87.7,27.9,19.9,1.3,0.6,0.0,1.9,29.2,27.4,0.0,7.6,5.7,2.19,3.05,3.54,0.79,6.94,1.76,0.86,1.66,3.06,1.71,0.8,1.59,1.96,1.64,1.85,1.44,0.72,1.58,2.22,11.41,10.63,8.24,48.5,0.56,37.7,35.1,27.2,1.29,1.07,1.03,9.46,10.96,3.4,31.3,36.2,0.31,0.3,9.6,1.22,49.0,0.31,0.22,2.2,4.2,0.47,5.95,0.46,47.9,6.6,4.4,1.88,10.83,9.42,0.96,14.2,76.8,43.2,20.1,0.33,23.4,21.4,70.4,87.0,2.2,6.17,10.38,54.3,0.001,0.001,0.032,0.004,0.162,0.001,0.724,0.007,0.014,0.002,19.67,1.51,0.158,0.022,0.014,6.21,35.76,31.12,3.16,0.047,0.254,0.143,0.066,0.0011,0.077,0.071,0.232,0.287,0.007,0.02,0.034,0.179
530,UE,T,3,2138.0,51.1,56.3,315.0,21.5,10.5,2.7,7.8,58.9,45.6,50.0,96.0,20.6,56.1,1.7,0.6,15.2,305.0,22.2,1.77,1322.0,216.0,6.5,9.75,4.64,27.1,9.44,41.7,14.6,74.0,26.0,398.8,5.0,0.0,9.9,1.6,256.0,2.1,5.2,22.6,8.6,0.0,0.9,56.1,90.8,1.2,13.0,6.8,2.69,3.6,4.28,0.86,8.43,2.27,1.06,1.95,3.61,2.34,1.0,1.86,2.21,2.01,2.12,1.75,0.81,1.83,2.6,18.73,17.09,13.32,88.8,0.65,38.1,34.8,27.1,1.28,1.1,1.65,15.2,17.8,3.4,30.9,36.2,0.51,0.5,19.0,1.05,95.4,0.51,0.37,2.9,6.8,1.2,9.29,0.85,94.1,6.2,5.5,3.31,17.62,15.14,1.59,21.48,168.3,62.0,40.6,1.53,50.8,21.7,189.9,117.0,4.5,7.09,7.16,38.5,0.001,0.001,0.039,0.002,0.194,0.001,0.751,0.006,0.014,0.002,18.91,1.73,0.192,0.013,0.011,6.74,35.86,30.8,3.24,0.044,0.343,0.126,0.083,0.0031,0.103,0.044,0.387,0.239,0.009,0.014,0.015,0.078
539,UF,T,3,2108.0,39.2,53.5,371.0,16.7,10.1,0.6,9.6,70.4,2.8,117.0,120.0,8.8,90.0,1.9,0.6,17.4,519.0,32.0,2.0,2223.0,228.0,7.0,17.5,9.32,18.1,9.71,50.5,2.9,94.6,5.4,410.6,1.3,0.0,0.4,10.1,616.7,32.3,18.4,7.6,0.3,0.0,0.3,14.4,6.3,0.0,20.8,9.4,2.24,3.16,4.02,0.81,7.53,1.75,0.87,1.62,3.04,1.69,0.79,1.6,1.95,1.72,1.92,1.43,0.74,1.6,2.24,18.14,7.38,15.07,39.3,0.53,44.7,18.2,37.1,0.49,2.46,0.55,6.71,17.4,1.4,16.5,42.9,0.41,0.4,10.3,0.41,55.3,0.41,0.45,2.1,3.5,1.36,9.87,0.71,66.0,60.5,57.2,4.56,17.14,6.69,0.53,13.56,36.0,224.8,20.7,0.49,25.9,11.1,1.1,35.0,0.7,1.11,2.59,12.9,0.001,0.001,0.025,0.001,0.136,0.001,1.111,0.005,0.009,0.003,24.32,1.75,0.163,0.149,0.141,11.23,42.23,16.47,1.3,0.033,0.089,0.554,0.051,0.0012,0.064,0.027,0.003,0.087,0.002,0.003,0.006,0.032
548,VA,T,3,2144.0,26.3,65.9,404.0,11.0,12.3,0.5,11.8,75.4,12.0,483.0,495.0,10.9,49.9,2.5,0.6,20.3,433.0,45.1,2.01,1545.0,267.0,7.1,8.22,3.94,35.1,8.37,63.2,2.7,95.9,4.1,5.2,381.2,123.9,71.4,12.2,111.7,56.2,0.0,15.1,0.9,0.0,3.2,15.7,0.0,0.9,10.9,24.6,2.95,3.76,4.74,1.62,22.11,3.16,1.54,2.84,5.34,2.41,1.16,2.77,3.69,6.63,3.43,2.25,1.01,2.31,3.58,4.64,5.38,4.99,77.5,0.64,30.9,35.9,33.2,1.08,0.86,0.42,4.92,4.34,2.8,32.8,28.9,0.15,0.2,0.9,2.6,9.8,0.15,0.18,3.2,14.7,20.16,3.79,0.27,34.4,23.0,15.3,0.95,4.27,4.9,0.41,0.93,7.3,55.5,2.7,0.15,16.2,12.3,3.1,8.0,0.2,5.88,0.15,1.7,0.001,0.001,0.006,0.017,0.065,0.001,1.183,0.021,0.098,0.134,25.26,1.78,0.229,0.153,0.102,6.32,28.48,32.67,2.72,0.006,0.048,0.37,0.018,0.001,0.108,0.082,0.021,0.053,0.001,0.039,0.001,0.011
557,VB,T,3,2490.0,37.3,70.6,461.0,13.5,11.3,0.7,10.7,74.1,7.4,517.0,524.0,24.8,128.3,2.3,0.7,18.6,429.0,37.3,3.52,2163.0,368.0,8.9,11.26,4.73,53.5,11.47,66.4,4.2,94.1,5.9,6.5,555.9,29.0,0.0,4.8,399.9,61.3,0.0,344.0,31.2,0.9,1.9,40.9,0.0,0.0,16.6,16.9,2.92,3.67,4.32,1.58,24.39,3.07,1.63,2.99,5.53,2.48,1.19,2.76,3.81,7.03,3.42,2.28,0.98,2.31,3.69,10.38,14.53,10.31,119.7,0.68,29.5,41.3,29.3,1.41,0.71,1.45,12.87,9.73,4.1,36.5,27.6,0.35,0.4,1.7,1.15,8.8,0.35,0.38,16.5,33.8,25.93,6.82,0.6,169.6,62.8,29.7,2.87,9.55,12.82,1.37,2.87,67.3,75.3,3.0,0.35,53.3,65.4,84.2,107.0,0.4,2.22,0.36,8.4,0.001,0.001,0.005,0.003,0.025,0.001,1.089,0.047,0.096,0.074,19.36,1.7,0.482,0.178,0.084,8.14,27.11,36.38,3.9,0.008,0.191,0.214,0.008,0.001,0.151,0.186,0.239,0.305,0.001,0.006,0.001,0.024
566,VC,T,3,2470.0,30.7,64.6,469.0,11.2,10.5,0.3,10.2,76.0,0.4,817.0,817.0,18.0,151.3,2.8,0.9,17.7,423.0,38.6,2.49,2936.0,461.0,7.9,11.46,4.74,28.5,10.87,62.8,1.8,97.2,2.8,100.9,242.5,195.6,476.8,10.3,164.8,33.8,11.1,0.0,0.0,0.0,0.0,14.1,0.0,0.0,17.1,26.5,2.96,3.28,5.21,1.43,16.46,2.46,1.38,2.56,5.08,2.25,0.98,2.4,3.08,5.1,2.81,1.98,0.87,2.2,3.21,10.85,9.37,9.06,24.8,0.69,37.1,32.0,30.9,1.03,1.16,0.69,8.64,10.41,2.4,29.5,35.5,0.3,4.1,5.5,0.3,32.3,6.03,0.24,0.6,5.7,10.3,6.43,0.38,29.4,28.1,27.5,2.25,10.24,8.63,0.69,5.87,63.1,162.9,10.7,0.3,11.6,1.5,30.3,6.0,0.3,0.3,0.3,0.4,0.001,0.014,0.019,0.001,0.11,0.021,0.808,0.002,0.019,0.035,21.94,1.31,0.1,0.096,0.094,7.67,34.96,29.45,2.34,0.02,0.215,0.556,0.037,0.001,0.04,0.005,0.103,0.02,0.001,0.001,0.001,0.002
620,YA,T,3,2217.0,41.2,67.2,361.0,16.7,12.1,4.0,8.1,65.1,179.2,250.0,429.0,15.2,10.4,2.1,1.0,14.5,779.0,48.5,3.03,1645.0,327.0,11.6,10.64,4.74,43.8,11.88,45.1,22.1,67.2,32.8,66.2,344.1,33.8,2.1,0.0,14.8,1.1,7.9,28.1,0.0,147.0,14.8,42.3,0.0,5.5,15.0,13.9,3.17,3.51,4.82,1.41,19.85,2.81,1.65,3.03,5.96,3.26,1.28,2.69,3.52,6.73,3.53,2.59,0.99,2.62,3.88,12.74,8.59,17.09,164.1,0.93,33.2,22.4,44.5,0.5,1.48,1.06,6.97,11.93,2.8,18.1,31.1,4.68,26.4,132.0,16.65,339.2,13.34,1.87,81.1,125.9,26.39,9.49,1.09,180.5,83.6,44.1,4.82,11.4,6.89,0.98,3.11,86.6,78.9,0.4,0.39,63.4,70.3,20.9,452.0,0.4,11.92,0.39,9.0,0.012,0.069,0.343,0.043,0.883,0.035,4.869,0.211,0.328,0.069,24.71,2.83,0.47,0.218,0.115,12.55,29.68,17.95,2.54,0.008,0.225,0.205,0.001,0.001,0.165,0.183,0.054,1.176,0.001,0.031,0.001,0.024
