,county,sex,xiang,m001,m002,m003,m004,m005,m006,m007,m008,m009,m010,m011,m012,m013,m014,m015,m016,m017,m018,m019,m020,m021,m022,m023,m024,m025,m026,m027,m028,m029,m030,m031,m032,m033,m034,m035,m036,m037,m038,m040,m041,m042,m043,m044,m045,m046,m047,m048,m049,m050,m051,m052,m053,m054,m055,m056,m057,m058,m059,m060,m061,m062,m063,m064,m065,m066,m067,m068,m069,m070,m071,m072,m073,m074,m075,m076,m077,m078,m079,m080,m081,m082,m083,m084,m085,m086,m087,m088,m089,m090,m091,m092,m093,m094,m095,m096,m097,m098,m099,m100,m101,m102,m103,m104,m105,m106,m107,m108,m109,m110,m111,m112,m113,m114,m115,m116,m117,m118,m119
2,ZA,M,3,1.47,32.93,126.73,102.77,9.7,50.75,45.37,8.66,57.4,104.47,1.98,34.93,0.62,0.75,0.28,21.89,0.09,0.85,0.03,0.54,0.0,10.1,2.84,5.93,17.27,13.13,11.72,33.54,21.18,2.72,75.25,9.46,4.05,2.69,58.32,,,,7.2,2.15,6.56,0.48,34.65,32.47,0.11,0.47,0.4,1.98,0.28,3.33,3.19,6.06,0.4,1.46,0.59,0.75,5.57,2.9,0.14,2.68,29.74,58.54,2.06,149.0,3.51,141.21,3.09,51.08,2.48,17.53,26.83,3.66,85.16,6.69,0.1,1.13,2.98,62.11,5.71,137.37,2.36,23.18,23.18,,21.43,,,1.57,1.79,4.29,32.51,49.8,86.07,24.16,45.11,8.67,7.19,4.39,14.05,3.06,3.89,5.4,,7.33,5.57,1.76,0.5,0.21,2.05,0.18,1.33,1.01,0.43,0.06,0.12,0.0,0.01,0.24
5,ZA,F,3,1.28,20.17,56.51,56.34,6.23,42.35,35.02,5.78,21.32,45.56,1.75,14.79,0.33,0.25,0.35,6.87,0.07,0.86,0.02,0.21,0.0,7.68,1.94,0.65,5.09,4.61,1.53,17.44,17.44,0.58,21.2,5.53,2.07,0.43,,35.89,19.63,25.44,5.03,1.86,4.85,0.59,52.19,50.79,0.0,0.41,0.46,1.02,0.18,0.51,2.4,5.07,0.52,0.85,0.48,0.37,3.11,1.89,0.31,3.56,20.56,31.23,1.35,104.63,1.77,84.86,2.92,26.64,2.14,9.61,15.56,1.12,37.9,3.14,0.11,0.67,0.81,25.64,1.39,46.84,2.44,24.37,,24.37,23.22,0.37,0.06,1.9,1.97,2.94,15.68,16.81,35.14,7.37,20.78,1.59,3.14,3.11,8.68,1.15,1.67,5.01,0.12,6.4,5.08,1.32,0.52,0.11,1.83,0.15,1.05,0.95,0.45,0.06,0.14,0.0,0.0,0.11
8,ZA,T,3,1.38,26.55,91.62,79.56,7.96,46.55,40.2,7.22,39.36,75.02,1.86,24.86,0.48,0.5,0.32,14.38,0.08,0.85,0.03,0.38,0.0,8.89,2.39,3.29,11.18,8.87,6.63,25.49,19.31,1.65,48.23,7.5,3.06,1.56,,,,,6.12,2.0,5.71,0.54,43.42,41.63,0.06,0.44,0.43,1.5,0.23,1.92,2.79,5.57,0.46,1.16,0.54,0.56,4.34,2.4,0.23,3.12,25.15,44.88,1.71,126.81,2.64,113.04,3.0,38.86,2.31,13.57,21.2,2.39,61.53,4.92,0.11,0.9,1.9,43.88,3.55,92.11,2.4,23.78,,,22.32,,,1.74,1.88,3.62,24.09,33.3,60.6,15.77,32.95,5.13,5.17,3.75,11.37,2.1,2.78,5.21,,6.87,5.33,1.54,0.51,0.16,1.94,0.17,1.19,0.98,0.44,0.06,0.13,0.0,0.01,0.17
11,ZB,M,3,1.8,42.42,146.06,121.35,11.21,58.36,50.72,9.87,70.63,133.42,2.45,39.98,0.88,0.43,0.27,28.94,0.0,0.59,0.09,0.49,0.0,10.43,2.95,9.88,16.64,12.62,11.76,33.26,22.1,2.47,84.75,7.54,4.09,2.8,61.91,,,,6.3,2.34,4.55,0.7,42.99,40.3,0.17,0.57,0.83,2.49,0.35,2.09,3.72,7.5,0.47,1.41,0.71,0.65,5.42,3.54,0.17,3.26,41.28,53.06,1.67,179.07,3.75,175.13,4.49,58.72,3.45,18.89,35.66,3.31,102.3,5.71,0.09,1.79,2.73,78.1,5.2,162.84,2.79,24.48,24.48,,22.22,,,1.03,1.73,4.88,34.55,61.26,113.93,33.27,62.2,9.5,9.87,5.68,16.02,3.5,3.48,6.98,,9.02,6.88,2.13,0.78,0.29,2.03,0.14,1.34,1.42,0.78,0.03,0.21,0.0,0.0,0.42
14,ZB,F,3,1.49,22.27,62.24,63.18,7.46,46.53,38.81,6.82,24.37,63.69,2.38,15.42,0.46,0.37,0.49,7.49,0.05,0.47,0.0,0.2,0.0,7.91,1.94,1.48,4.64,4.32,1.54,18.98,19.27,0.44,24.63,4.78,1.79,0.22,,29.61,17.73,28.48,5.38,1.99,3.64,0.59,58.0,55.03,0.09,0.65,0.73,1.67,0.23,1.27,2.47,7.03,0.32,0.9,0.45,1.05,3.39,2.48,0.14,4.13,28.25,27.77,1.26,133.35,2.13,114.35,3.07,30.87,2.42,11.86,17.58,1.87,50.28,2.42,0.0,0.47,1.11,34.39,1.56,59.01,4.39,29.83,,29.83,28.05,0.25,0.24,1.93,4.0,3.29,24.11,20.74,48.34,9.29,26.04,3.02,3.56,2.87,13.76,0.76,1.5,6.02,0.1,7.44,5.76,1.68,0.57,0.15,1.79,0.2,1.25,1.34,0.77,0.07,0.13,0.0,0.0,0.26
17,ZB,T,3,1.65,32.34,104.15,92.27,9.34,52.45,44.77,8.35,47.5,98.55,2.42,27.7,0.67,0.4,0.38,18.21,0.03,0.53,0.04,0.35,0.0,9.17,2.45,5.68,10.64,8.47,6.65,26.12,20.69,1.46,54.69,6.16,2.94,1.51,,,,,5.84,2.17,4.09,0.65,50.5,47.66,0.13,0.61,0.78,2.08,0.29,1.68,3.1,7.27,0.4,1.16,0.58,0.85,4.41,3.01,0.16,3.69,34.77,40.41,1.47,156.21,2.94,144.74,3.78,44.8,2.94,15.38,26.62,2.59,76.29,4.07,0.04,1.13,1.92,56.24,3.38,110.92,3.59,27.16,,,25.14,,,1.48,2.87,4.08,29.33,41.0,81.14,21.28,44.12,6.26,6.71,4.28,14.89,2.13,2.49,6.5,,8.23,6.32,1.91,0.68,0.22,1.91,0.17,1.3,1.38,0.78,0.05,0.17,0.0,0.0,0.34
20,ZC,M,3,1.77,41.51,144.27,119.54,10.92,61.29,48.01,9.54,71.53,138.39,2.43,40.37,0.6,0.62,0.34,28.14,0.16,1.01,0.11,0.38,0.0,9.94,2.8,6.26,18.45,13.66,13.15,35.75,17.99,2.32,74.77,8.6,2.95,2.82,58.44,,,,7.17,2.61,4.11,0.57,38.62,35.69,0.03,1.06,0.48,1.91,0.27,3.13,4.01,8.46,0.4,1.49,0.54,1.38,5.53,3.49,0.34,4.2,34.75,63.47,2.16,181.52,3.37,167.18,4.44,63.82,3.27,21.45,35.98,3.96,97.37,7.95,0.0,1.35,3.09,70.91,5.41,145.68,2.91,23.2,23.2,,21.04,,,1.93,2.23,3.5,26.6,63.58,116.21,34.02,68.53,11.36,7.14,5.56,18.92,2.32,2.97,6.35,,8.83,6.35,2.49,0.84,0.2,1.98,0.2,1.27,1.29,0.58,0.07,0.21,0.0,0.0,0.71
23,ZC,F,3,1.43,27.36,64.83,65.3,7.05,45.49,37.68,6.43,27.61,61.99,1.27,16.53,0.4,0.26,0.11,7.91,0.0,0.47,0.0,0.15,0.0,7.68,1.87,0.99,6.1,5.49,1.63,17.96,18.72,0.47,22.03,4.64,1.67,0.35,,31.62,15.79,28.26,5.29,1.91,4.17,0.49,56.69,54.86,0.06,0.59,0.51,1.7,0.23,2.55,2.88,6.47,0.39,0.87,0.38,0.76,3.86,2.39,0.18,6.34,25.34,35.99,1.62,133.95,2.24,105.49,3.32,32.49,2.25,12.23,17.81,1.15,41.37,3.24,0.0,1.13,0.68,26.06,1.15,48.09,3.06,23.48,,23.48,21.86,0.31,0.0,2.34,3.45,2.59,15.0,22.71,49.13,11.38,28.31,2.82,4.08,4.01,12.08,0.79,0.72,5.49,0.07,7.15,5.35,1.8,0.53,0.11,1.93,0.15,1.18,1.24,0.74,0.03,0.16,0.0,0.02,0.28
26,ZC,T,3,1.6,34.44,104.55,92.42,8.98,53.39,42.84,7.98,49.57,100.19,1.85,28.45,0.5,0.44,0.23,18.03,0.08,0.74,0.06,0.27,0.0,8.81,2.33,3.63,12.28,9.58,7.39,26.86,18.36,1.4,48.4,6.62,2.31,1.58,,,,,6.23,2.26,4.14,0.53,47.66,45.27,0.04,0.83,0.49,1.8,0.25,2.84,3.44,7.47,0.4,1.18,0.46,1.07,4.7,2.94,0.26,5.27,30.05,49.73,1.89,157.74,2.81,136.34,3.88,48.16,2.76,16.84,26.89,2.56,69.37,5.6,0.0,1.24,1.89,48.48,3.28,96.89,2.99,23.34,,,21.45,,,2.13,2.84,3.04,20.8,43.15,82.67,22.7,48.42,7.09,5.61,4.79,15.5,1.55,1.85,5.92,,7.99,5.85,2.15,0.69,0.15,1.96,0.18,1.23,1.27,0.66,0.05,0.18,0.0,0.01,0.49
29,ZD,M,3,2.86,65.84,201.97,175.04,9.97,51.76,65.93,8.34,109.11,162.7,6.93,26.15,3.6,0.0,2.05,14.48,0.0,0.0,0.0,0.94,0.0,9.39,2.22,1.75,14.69,14.69,6.02,34.76,14.16,1.5,63.25,7.15,5.57,4.1,34.52,,,,12.41,1.69,7.73,1.14,25.36,25.36,0.0,0.0,0.54,6.99,0.0,4.64,1.66,2.13,1.06,0.0,0.0,0.0,6.42,3.5,0.0,4.96,25.01,76.18,3.19,174.2,3.23,175.35,7.16,50.12,6.66,17.05,34.14,4.83,78.44,3.96,0.0,0.0,3.83,58.46,5.33,121.71,0.0,22.74,22.74,,22.74,,,0.0,3.8,7.45,25.46,98.61,132.02,61.77,69.82,13.7,7.6,7.09,28.75,3.41,1.93,9.49,,14.29,11.55,2.73,1.89,1.26,1.68,0.21,0.42,3.57,2.31,0.21,0.42,0.0,0.0,1.26
32,ZD,F,3,2.13,61.44,93.88,101.68,7.08,48.88,54.67,6.38,47.01,70.62,2.2,16.05,1.33,2.37,0.0,6.98,0.0,0.0,0.0,0.0,0.0,5.71,1.57,1.26,4.49,4.49,1.31,18.93,16.6,0.88,13.95,8.62,1.75,0.0,,20.48,9.09,31.76,8.44,1.98,2.93,0.0,45.91,44.16,0.0,0.0,0.64,0.0,0.0,0.0,3.97,7.63,0.0,0.0,0.0,0.0,5.31,3.1,0.0,2.74,18.29,39.12,1.54,198.49,3.77,111.96,7.29,22.78,5.75,10.74,9.23,1.3,27.5,1.75,0.0,0.0,1.3,19.5,2.18,33.45,0.0,18.97,,18.97,18.97,0.0,0.0,4.12,1.43,6.66,18.0,38.01,58.43,14.31,32.96,7.4,2.4,6.99,10.88,1.47,1.31,7.99,0.0,10.67,8.81,1.86,1.16,0.46,2.55,0.23,1.16,2.32,1.16,0.0,0.46,0.0,0.0,0.0
35,ZD,T,3,2.5,63.64,147.93,138.36,8.53,50.32,60.3,7.36,78.06,116.66,4.57,21.1,2.47,1.19,1.02,10.73,0.0,0.0,0.0,0.47,0.0,7.55,1.9,1.51,9.59,9.59,3.67,26.84,15.38,1.19,38.6,7.88,3.66,2.05,,,,,10.43,1.83,5.33,0.57,35.63,34.76,0.0,0.0,0.59,3.5,0.0,2.32,2.81,4.88,0.53,0.0,0.0,0.0,5.87,3.3,0.0,3.85,21.65,57.65,2.37,186.34,3.5,143.66,7.23,36.45,6.21,13.9,21.69,3.06,52.97,2.85,0.0,0.0,2.56,38.98,3.76,77.58,0.0,20.86,,,20.86,,,2.06,2.61,7.06,21.73,68.31,95.23,38.04,51.39,10.55,5.0,7.04,19.82,2.44,1.62,8.74,,12.48,10.18,2.29,1.52,0.86,2.11,0.22,0.79,2.94,1.74,0.1,0.44,0.0,0.0,0.63
38,ZE,M,3,2.2,64.69,179.04,152.25,10.52,57.93,61.78,8.61,90.47,190.71,2.91,32.36,1.4,1.4,0.0,15.4,0.0,0.0,0.0,1.48,0.0,8.86,2.07,5.21,27.39,25.52,5.49,17.36,19.1,1.58,50.44,1.4,4.01,0.0,30.86,,,,5.31,0.96,5.31,0.89,31.0,27.52,0.0,3.49,0.89,1.4,0.0,2.78,3.68,4.27,0.79,0.0,0.61,2.79,9.17,3.48,0.0,1.4,8.49,78.07,2.39,178.2,6.78,170.21,9.57,66.27,7.31,17.91,55.15,5.39,100.31,23.59,0.0,0.0,3.88,68.5,5.46,118.94,0.0,12.66,12.66,,10.05,,,0.0,3.73,2.02,27.53,80.88,153.24,48.16,88.76,12.34,6.26,8.02,34.87,1.57,2.6,6.42,,11.01,7.71,3.3,1.65,0.28,2.2,0.83,0.55,2.75,0.55,0.0,0.83,0.0,0.0,1.38
41,ZE,F,3,2.19,39.69,94.27,96.53,7.19,39.24,57.02,6.43,39.51,75.81,4.02,8.1,1.69,0.0,0.0,0.0,0.81,0.0,0.0,0.0,0.0,14.76,1.62,0.0,6.06,6.06,0.0,24.26,15.3,0.0,15.25,3.22,4.38,0.0,,26.04,11.28,24.46,6.45,4.72,3.22,0.0,57.17,50.95,0.0,0.0,1.52,2.77,0.0,1.7,2.45,4.84,0.0,0.0,0.0,2.77,2.07,2.67,0.0,6.45,13.69,44.99,1.23,143.2,0.85,123.96,6.96,21.91,2.54,16.37,8.31,3.68,48.48,6.93,0.0,5.54,3.68,28.39,3.68,43.64,0.0,28.97,,28.97,28.97,1.23,0.0,0.0,1.64,2.5,25.17,26.84,51.76,9.27,40.45,8.04,3.25,11.83,24.05,0.85,0.0,7.03,0.15,10.96,8.3,2.67,0.89,0.59,3.56,0.0,2.67,1.19,0.3,0.0,0.59,0.0,0.0,0.89
44,ZE,T,3,2.2,52.19,136.66,124.39,8.86,48.59,59.4,7.52,64.99,133.26,3.46,20.23,1.54,0.7,0.0,7.7,0.41,0.0,0.0,0.74,0.0,11.81,1.84,2.6,16.73,15.79,2.75,20.81,17.2,0.79,32.84,2.31,4.2,0.0,,,,,5.88,2.84,4.26,0.45,44.09,39.23,0.0,1.75,1.21,2.08,0.0,2.24,3.07,4.55,0.4,0.0,0.3,2.78,5.62,3.08,0.0,3.93,11.09,61.53,1.81,160.7,3.81,147.09,8.27,44.09,4.92,17.14,31.73,4.54,74.39,15.26,0.0,2.77,3.78,48.45,4.57,81.29,0.0,20.82,,,19.51,,,0.0,2.69,2.26,26.35,53.86,102.5,28.71,64.61,10.19,4.75,9.93,29.46,1.21,1.3,6.73,,10.99,8.01,2.98,1.27,0.43,2.88,0.41,1.61,1.97,0.43,0.0,0.71,0.0,0.0,1.14
47,ZF,M,3,2.8,41.52,215.79,175.22,16.63,83.39,85.88,15.17,89.34,146.66,4.21,51.55,2.1,0.0,0.0,37.34,0.0,1.63,0.0,0.0,0.0,19.62,5.74,4.14,24.47,20.25,21.0,30.79,29.56,5.97,109.4,14.03,68.42,0.0,149.6,,,,8.72,2.12,8.09,0.0,64.96,57.9,0.0,1.76,0.73,0.0,0.0,0.0,3.34,15.97,1.76,7.09,0.0,0.0,7.93,4.57,1.14,17.3,23.72,97.22,1.39,218.28,6.54,238.9,11.67,87.5,10.94,22.1,63.92,10.09,154.85,14.73,0.0,0.0,7.36,124.98,13.33,234.38,0.0,20.32,20.32,,13.23,,,0.0,0.0,2.91,37.72,82.8,123.04,53.06,65.5,12.32,9.26,4.66,14.83,1.87,8.79,8.86,,14.02,11.5,2.52,2.52,0.36,3.23,0.36,2.88,3.23,1.44,0.0,0.72,0.0,0.0,0.72
50,ZF,F,3,3.39,33.71,68.79,97.32,11.43,67.83,65.03,11.13,32.29,30.72,3.52,23.82,1.21,0.0,0.0,13.02,0.0,0.0,0.0,0.0,0.0,11.7,4.1,1.89,12.84,10.92,0.0,10.67,9.84,0.0,34.7,8.91,68.19,0.0,,119.02,14.84,30.57,5.74,2.33,6.24,1.21,96.41,80.51,0.0,10.48,2.18,4.38,0.0,0.0,5.93,13.05,2.31,5.18,0.0,1.92,3.78,3.53,1.1,9.07,24.27,42.71,0.97,217.93,2.81,134.79,11.88,44.16,11.88,21.42,22.7,1.19,64.46,13.98,0.0,1.92,0.0,32.05,0.0,66.75,2.46,25.54,,25.54,25.54,0.0,0.0,1.68,0.0,1.21,36.74,22.89,27.22,6.31,19.59,9.43,0.0,8.43,3.49,0.97,0.0,8.89,0.0,16.93,13.12,3.81,3.39,0.42,3.81,0.42,2.12,1.69,1.69,0.0,0.0,0.0,0.0,1.27
53,ZF,T,3,3.1,37.62,142.29,136.27,14.03,75.61,75.45,13.15,60.82,88.69,3.87,37.69,1.66,0.0,0.0,25.18,0.0,0.81,0.0,0.0,0.0,15.66,4.92,3.01,18.66,15.59,10.5,20.73,19.7,2.98,72.05,11.47,68.31,0.0,,,,,7.23,2.23,7.17,0.6,80.69,69.2,0.0,6.12,1.46,2.19,0.0,0.0,4.63,14.51,2.04,6.13,0.0,0.96,5.85,4.05,1.12,13.19,24.0,69.97,1.18,218.11,4.67,186.84,11.78,65.83,11.41,21.76,43.31,5.64,109.66,14.36,0.0,0.96,3.68,78.52,6.67,150.56,1.23,22.93,,,19.39,,,0.84,0.0,2.06,37.23,52.84,75.13,29.69,42.55,10.88,4.63,6.54,9.16,1.42,4.39,8.88,,15.47,12.31,3.17,2.96,0.39,3.52,0.39,2.5,2.46,1.56,0.0,0.36,0.0,0.0,0.99
56,ZG,M,3,2.6,68.0,182.06,160.66,12.38,63.15,89.94,11.04,70.72,133.41,1.41,36.86,3.99,0.0,0.0,22.55,0.0,0.0,0.0,0.0,0.0,13.23,3.42,3.17,15.65,15.65,8.07,24.18,12.31,2.4,157.93,9.35,6.34,1.73,71.92,,,,7.0,4.22,0.0,1.11,53.61,46.24,0.0,5.27,1.11,0.0,0.0,5.57,5.87,7.58,1.33,3.17,0.0,2.68,12.48,3.08,0.0,7.0,18.91,69.67,5.02,162.86,7.46,144.67,10.92,74.23,8.93,17.24,46.42,7.63,157.02,7.66,0.0,0.0,5.23,104.69,7.63,262.62,2.47,19.76,19.76,,17.66,,,0.0,3.17,6.67,56.93,64.7,105.17,24.98,40.54,16.87,29.11,5.24,28.24,0.78,0.0,10.18,,13.02,11.16,1.86,0.93,1.39,2.32,0.46,1.39,4.18,1.39,0.46,1.86,0.0,0.0,1.39
59,ZG,F,3,1.92,43.11,92.67,92.72,6.44,40.44,60.88,6.04,31.83,40.71,6.42,28.13,1.27,0.0,0.0,17.21,1.09,0.0,0.0,0.0,0.0,5.25,1.82,0.0,7.73,7.73,5.84,20.69,8.1,0.0,33.11,5.32,0.0,0.0,,25.61,13.77,23.14,4.8,1.09,2.25,1.09,64.06,64.06,0.0,0.0,0.0,2.92,0.0,0.0,5.26,0.0,0.0,0.0,2.37,0.0,12.76,2.05,0.95,6.41,29.81,18.57,5.2,103.41,7.56,102.04,4.74,22.32,4.74,2.25,16.19,0.0,35.65,0.0,0.0,0.0,0.0,21.53,0.0,54.64,2.4,19.07,,19.07,14.42,1.27,0.0,3.49,5.17,3.89,24.29,24.06,35.33,8.84,16.87,9.5,5.27,6.83,5.37,0.95,0.0,5.76,0.25,9.61,8.59,1.01,1.01,0.0,3.54,1.01,1.01,1.52,0.51,0.0,0.0,0.0,0.0,0.0
62,ZG,T,3,2.26,55.55,137.37,126.69,9.41,51.8,75.41,8.54,51.27,87.06,3.92,32.49,2.63,0.0,0.0,19.88,0.55,0.0,0.0,0.0,0.0,9.24,2.62,1.58,11.69,11.69,6.96,22.44,10.21,1.2,95.52,7.33,3.17,0.86,,,,,5.9,2.65,1.13,1.1,58.84,55.15,0.0,2.63,0.56,1.46,0.0,2.79,5.57,3.79,0.67,1.58,1.19,1.34,12.62,2.56,0.47,6.71,24.36,44.12,5.11,133.14,7.51,123.36,7.83,48.28,6.83,9.74,31.31,3.81,96.34,3.83,0.0,0.0,2.62,63.11,3.81,158.63,2.44,19.42,,,16.04,,,1.75,4.17,5.28,40.61,44.38,70.25,16.91,28.71,13.19,17.19,6.04,16.8,0.86,0.0,7.97,,11.31,9.88,1.44,0.97,0.69,2.93,0.73,1.2,2.85,0.95,0.23,0.93,0.0,0.0,0.69
65,ZH,M,3,4.39,150.79,682.51,495.74,22.32,77.09,177.9,17.78,317.84,453.49,33.88,186.05,3.66,8.22,21.81,145.05,4.76,9.64,0.0,0.0,0.0,13.75,2.84,2.5,12.17,7.17,14.29,63.52,29.42,3.49,55.85,9.14,0.0,2.5,50.55,,,,14.14,3.26,4.32,2.44,13.05,6.2,1.2,0.0,5.11,0.0,3.51,10.59,12.07,12.09,1.2,7.57,5.08,2.16,18.41,6.11,0.0,5.03,54.21,64.12,5.68,333.01,12.74,277.63,28.81,117.03,19.74,38.81,74.18,34.31,323.17,28.2,0.0,4.86,26.45,242.97,29.94,298.82,7.11,50.04,50.04,,47.54,,,8.56,13.24,9.04,124.59,263.19,364.35,119.09,149.84,39.26,26.01,46.56,79.22,6.84,9.92,10.98,,21.93,13.07,8.86,3.8,0.84,1.69,0.42,0.84,1.69,0.84,0.0,0.0,0.0,0.42,5.06
68,ZH,F,3,6.21,99.8,291.12,283.52,12.41,59.12,141.1,10.7,142.42,170.79,17.57,74.25,6.68,0.0,8.34,63.46,0.0,0.0,0.0,0.0,0.0,7.81,1.62,0.0,6.28,6.28,0.0,46.03,3.57,0.0,11.28,8.11,0.0,0.0,,36.02,0.0,14.43,8.11,4.15,3.6,1.32,64.28,51.27,1.32,6.28,0.0,0.0,3.86,4.58,10.53,6.28,2.71,6.28,1.2,0.0,21.31,5.13,0.0,6.28,61.62,34.22,10.87,336.14,10.44,176.66,17.25,60.72,15.73,33.31,21.13,14.72,78.21,3.65,0.0,0.0,10.77,63.23,10.77,74.52,0.0,26.87,,26.87,20.59,0.0,3.17,6.28,0.0,9.65,54.77,93.31,117.0,25.41,56.47,21.53,3.17,43.47,49.21,4.43,4.58,17.13,0.25,31.03,24.54,6.48,4.17,1.85,5.56,0.46,3.24,4.63,1.85,0.93,0.46,0.0,0.46,2.32
71,ZH,T,3,5.3,125.3,486.81,389.63,17.37,68.11,159.5,14.24,230.13,312.14,25.73,130.15,5.17,4.11,15.07,104.26,2.38,4.82,0.0,0.0,0.0,10.78,2.23,1.25,9.22,6.73,7.14,54.78,16.5,1.75,33.56,8.63,0.0,1.25,,,,,11.13,3.71,3.96,1.88,38.66,28.74,1.26,3.14,2.56,0.0,3.69,7.58,11.3,9.19,1.96,6.93,3.14,1.08,19.86,5.62,0.0,5.66,57.91,49.17,8.28,334.57,11.59,227.15,23.03,88.88,17.73,36.06,47.66,24.52,200.69,15.92,0.0,2.43,18.61,153.1,20.36,186.67,3.56,38.45,,,34.06,,,7.42,6.62,9.35,89.68,178.25,240.68,72.25,103.16,30.39,14.59,45.02,64.22,5.63,7.25,14.05,,26.48,18.8,7.67,3.98,1.34,3.63,0.44,2.04,3.16,1.34,0.47,0.23,0.0,0.44,3.69
74,ZI,M,3,4.84,44.92,628.41,441.11,24.5,75.22,170.84,18.53,270.27,596.72,15.56,131.82,6.29,8.4,6.4,99.03,3.07,0.0,0.0,6.95,0.0,15.33,4.47,4.34,53.41,53.41,8.4,149.09,14.46,4.43,112.68,8.4,11.29,4.64,50.3,,,,4.34,1.82,12.42,2.68,49.77,38.24,0.0,4.3,3.26,0.0,3.65,4.64,11.63,24.1,3.14,12.55,5.48,6.91,25.15,5.14,1.82,18.33,49.74,47.98,10.71,206.14,14.44,308.03,24.09,145.05,24.09,54.83,87.33,31.94,355.43,25.44,0.0,0.0,26.91,304.37,31.35,417.04,3.87,43.71,43.71,,39.65,,,15.91,11.99,13.86,83.83,224.64,417.19,113.1,172.57,36.63,37.45,44.2,168.75,1.43,10.78,10.15,,24.22,19.26,4.95,7.15,2.2,2.2,1.1,0.0,2.75,1.1,0.0,0.0,0.0,0.0,2.75
77,ZI,F,3,4.03,65.28,257.18,223.15,15.96,61.62,118.68,13.49,104.48,247.42,10.33,83.88,3.38,0.0,0.0,79.33,1.69,0.0,0.0,0.0,0.0,12.14,3.51,17.22,13.66,13.66,0.0,86.75,0.0,0.0,67.82,18.76,8.61,0.0,,40.22,8.61,38.29,9.95,3.39,17.22,4.77,47.82,42.77,1.69,0.0,0.0,8.61,0.0,5.4,10.16,14.7,3.38,0.0,0.0,0.0,28.27,4.63,2.07,28.81,77.66,57.41,9.24,189.09,19.04,274.33,11.85,117.56,11.85,52.79,51.61,12.88,172.83,15.86,0.0,5.6,12.88,122.23,12.88,190.05,10.25,28.96,,28.96,28.96,1.54,0.0,0.0,0.0,3.38,45.27,66.86,145.4,19.1,44.44,4.77,9.7,35.92,96.63,1.69,5.4,13.85,0.33,20.14,16.59,3.55,3.55,1.18,3.55,0.0,2.96,2.96,0.59,0.0,1.18,0.0,0.59,0.59
80,ZI,T,3,4.44,55.1,442.8,332.13,20.23,68.42,144.76,16.01,187.38,422.07,12.95,107.85,4.83,4.2,3.2,89.18,2.38,0.0,0.0,3.48,0.0,13.74,3.99,10.78,33.53,33.53,4.2,117.92,7.23,2.21,90.25,13.58,9.95,2.32,,,,,7.14,2.6,14.82,3.73,48.8,40.51,0.84,2.15,1.63,4.3,1.82,5.02,10.9,19.4,3.26,6.28,2.74,3.46,26.71,4.88,1.95,23.57,63.7,52.7,9.98,197.62,16.74,291.18,17.97,131.31,17.97,53.81,69.47,22.41,264.13,20.65,0.0,2.8,19.89,213.3,22.12,303.55,7.06,36.34,,,34.3,,,7.96,6.0,8.62,64.55,145.75,281.3,66.1,108.5,20.7,23.58,40.06,132.69,1.56,8.09,12.0,,22.18,17.93,4.25,5.35,1.69,2.88,0.55,1.48,2.85,0.85,0.0,0.59,0.0,0.29,1.67
83,ZJ,M,3,3.39,123.53,507.78,373.88,23.89,72.12,148.51,19.93,225.37,395.92,17.16,131.75,7.97,0.0,7.79,116.35,0.0,3.75,0.0,0.0,0.0,16.56,3.97,13.21,35.58,28.38,16.65,67.94,34.22,3.32,138.88,7.19,0.0,0.0,30.86,,,,4.73,4.09,0.0,0.0,47.42,17.37,0.0,9.46,4.08,4.73,5.4,8.57,8.25,12.22,1.94,3.75,6.32,4.73,22.7,5.24,0.0,14.39,25.91,51.49,14.38,268.25,8.32,255.79,28.2,176.36,16.04,64.27,103.81,29.81,447.31,24.14,0.0,0.0,26.45,355.1,29.77,493.98,19.14,40.39,40.39,,40.39,,,0.0,18.13,3.34,140.43,204.73,363.34,125.65,148.62,26.94,33.22,15.91,25.65,4.72,6.92,8.72,,16.95,12.2,4.75,3.39,2.03,1.36,0.0,0.68,2.03,0.68,0.0,0.68,0.0,0.0,2.71
86,ZJ,F,3,2.78,74.99,139.88,141.05,14.28,68.47,79.89,13.24,61.16,104.3,14.86,165.6,7.01,13.97,3.69,126.16,0.0,7.24,0.0,0.0,0.0,4.24,3.08,4.55,57.69,57.69,0.0,47.8,0.0,0.0,44.27,0.0,0.0,0.0,,37.04,10.55,41.55,0.0,2.4,0.0,3.69,21.28,10.3,0.0,0.0,0.0,7.7,0.0,0.0,4.67,5.03,4.67,0.0,0.0,0.0,12.11,3.47,0.0,0.0,21.73,21.1,6.09,189.63,6.02,157.74,4.7,182.64,4.7,35.18,153.67,6.09,162.63,24.73,0.0,0.0,2.4,100.35,2.4,144.63,7.24,37.28,,37.28,37.28,3.69,0.0,0.0,12.52,8.94,40.24,53.66,104.3,28.72,27.1,18.3,10.73,3.69,0.0,3.81,0.0,9.19,0.45,13.89,10.63,3.27,0.82,2.45,0.82,0.0,0.82,1.63,0.82,0.0,0.82,0.0,0.0,2.45
89,ZJ,T,3,3.08,99.26,323.83,257.47,19.09,70.3,114.2,16.59,143.27,250.11,16.01,148.68,7.49,6.99,5.74,121.25,0.0,5.5,0.0,0.0,0.0,10.4,3.53,8.88,46.63,43.03,8.32,57.87,17.11,1.66,91.58,3.6,0.0,0.0,,,,,2.37,3.25,0.0,1.84,34.35,13.84,0.0,4.73,2.04,6.22,2.7,4.29,6.46,8.63,3.31,1.88,3.16,2.37,17.41,4.36,0.0,7.2,23.82,36.3,10.24,228.94,7.17,206.77,16.45,179.5,10.37,49.73,128.74,17.95,304.97,24.44,0.0,0.0,14.42,227.73,16.09,319.31,13.19,38.84,,,38.84,,,0.0,15.32,6.14,90.34,129.19,233.82,77.19,87.86,22.62,21.98,9.8,12.82,4.26,3.46,8.96,,15.42,11.42,4.01,2.1,2.24,1.09,0.0,0.75,1.83,0.75,0.0,0.75,0.0,0.0,2.58
92,ZK,M,3,2.59,68.67,212.17,177.89,12.81,64.08,64.73,10.58,113.16,222.96,5.13,42.6,2.47,1.65,0.49,29.2,0.18,0.0,0.0,0.0,0.0,11.75,3.52,2.72,14.2,12.9,24.09,58.7,22.14,2.26,81.03,8.56,3.29,4.96,76.3,,,,12.12,4.67,11.44,0.35,28.96,26.18,0.15,1.3,0.66,3.01,0.0,8.01,4.57,6.52,0.85,0.75,1.2,2.19,7.03,3.34,0.2,2.26,29.67,44.06,2.06,179.55,4.97,153.96,7.83,89.92,6.19,19.74,45.77,5.0,105.54,8.23,0.0,1.83,4.39,72.57,6.65,153.6,1.93,25.03,25.03,,24.43,,,0.61,1.39,4.15,36.88,102.85,191.08,57.27,107.58,20.25,15.51,6.78,27.23,3.0,4.65,7.49,,12.96,8.85,4.11,1.14,0.7,2.78,0.38,1.71,1.77,0.63,0.06,0.63,0.0,0.0,1.45
95,ZK,F,3,2.02,41.66,92.46,93.64,7.18,48.12,53.54,6.47,40.11,71.4,3.73,12.78,0.93,0.0,0.94,8.84,0.35,0.77,0.0,0.0,0.0,9.51,1.79,0.0,6.09,5.07,1.32,23.38,20.14,0.5,18.55,3.49,1.17,0.0,,22.69,20.06,29.22,4.85,2.14,4.19,1.06,46.87,44.97,0.42,0.0,0.65,3.19,0.73,1.13,4.54,5.38,0.75,1.17,0.85,0.77,5.02,2.75,0.17,6.67,21.82,28.29,1.14,152.35,3.88,122.22,7.23,24.12,5.87,5.33,17.32,1.88,38.09,3.79,0.0,0.57,1.51,25.36,2.01,43.91,2.0,20.32,,20.32,16.21,0.34,0.0,3.01,1.38,2.28,21.34,33.78,55.27,14.83,31.7,6.22,7.0,5.28,15.67,1.05,0.46,6.69,0.07,10.12,8.16,1.96,1.28,0.34,2.7,0.4,1.21,1.48,0.74,0.13,0.13,0.0,0.07,0.4
98,ZK,T,3,2.31,55.16,152.31,135.76,10.0,56.1,59.14,8.53,76.64,147.18,4.43,27.69,1.7,0.82,0.71,19.02,0.27,0.39,0.0,0.0,0.0,10.63,2.66,1.36,10.14,8.99,12.71,41.04,21.14,1.38,49.79,6.03,2.23,2.48,,,,,8.48,3.41,7.82,0.71,37.91,35.58,0.28,0.65,0.66,3.1,0.36,4.57,4.56,5.95,0.8,0.96,1.02,1.48,6.03,3.04,0.19,4.46,25.75,36.18,1.6,165.95,4.42,138.09,7.53,57.02,6.03,12.54,31.55,3.44,71.82,6.01,0.0,1.2,2.95,48.96,4.33,98.75,1.97,22.68,,,20.32,,,1.81,1.39,3.22,29.11,68.31,123.18,36.05,69.64,13.23,11.26,6.03,21.45,2.02,2.56,7.09,,11.54,8.51,3.04,1.21,0.52,2.74,0.39,1.46,1.63,0.69,0.1,0.38,0.0,0.04,0.93
101,ZL,M,3,2.43,65.47,183.47,158.2,12.77,65.36,59.48,10.86,98.72,191.46,3.87,48.09,1.28,0.25,0.69,34.36,0.0,0.52,0.17,0.33,0.0,12.29,3.47,8.69,20.85,15.07,17.56,43.98,19.26,3.86,105.01,6.93,4.35,4.09,66.67,,,,6.69,1.88,5.63,1.25,40.73,38.7,0.08,0.94,0.59,2.49,0.83,3.97,3.77,8.24,0.92,1.95,0.71,1.01,5.21,3.36,0.36,3.43,29.14,48.67,2.01,180.71,3.2,155.5,6.72,67.65,5.18,23.49,44.02,6.27,137.48,14.16,0.0,3.21,4.98,95.64,8.84,200.65,6.31,23.81,23.81,,21.98,,,2.67,2.66,4.1,39.73,88.13,166.2,47.07,93.45,19.94,17.31,7.71,21.76,2.8,2.9,6.89,,12.13,7.52,4.61,1.31,0.39,2.22,0.2,1.6,1.21,0.36,0.07,0.26,0.0,0.0,1.96
104,ZL,F,3,2.07,34.71,72.7,81.04,7.57,52.33,47.31,6.84,33.73,73.14,2.9,20.87,1.16,0.45,0.7,10.15,0.0,1.85,0.0,0.28,0.0,9.38,1.88,5.12,8.71,7.44,1.69,19.36,12.16,0.45,30.53,4.13,2.82,0.97,,26.37,14.22,28.04,5.7,2.45,5.07,1.03,59.43,54.97,0.18,2.22,0.85,3.85,0.09,2.93,2.95,7.16,0.49,1.6,0.27,0.78,3.62,2.44,0.55,4.43,23.1,22.89,1.04,150.99,2.57,92.7,5.66,33.89,4.63,13.9,16.9,2.13,59.52,5.43,0.35,0.44,1.38,41.04,1.83,71.58,3.23,25.76,,25.76,25.48,0.87,0.0,2.18,4.58,4.0,19.25,28.74,60.06,13.58,33.76,6.23,8.46,4.07,11.88,0.92,1.0,7.04,0.15,10.35,7.38,2.97,1.33,0.31,1.92,0.21,1.15,1.4,0.66,0.07,0.24,0.0,0.0,0.8
107,ZL,T,3,2.25,50.09,128.09,119.62,10.17,58.84,53.4,8.85,66.22,132.3,3.39,34.48,1.22,0.35,0.69,22.25,0.0,1.19,0.09,0.31,0.0,10.84,2.68,6.91,14.78,11.26,9.63,31.67,15.71,2.15,67.77,5.53,3.58,2.53,,,,,6.2,2.17,5.35,1.14,50.08,46.84,0.13,1.58,0.72,3.17,0.46,3.45,3.36,7.7,0.71,1.78,0.49,0.9,4.42,2.9,0.46,3.93,26.12,35.78,1.52,165.85,2.89,124.1,6.19,50.77,4.91,18.7,30.46,4.2,98.5,9.79,0.17,1.82,3.18,68.34,5.33,136.12,4.77,24.79,,,23.73,,,2.43,3.62,4.05,29.49,58.43,113.13,30.32,63.61,13.09,12.88,5.89,16.82,1.86,1.95,6.96,,11.24,7.45,3.79,1.32,0.35,2.07,0.21,1.38,1.3,0.51,0.07,0.25,0.0,0.0,1.38
110,ZM,M,3,3.57,76.26,358.08,277.34,17.08,67.88,78.01,13.39,199.32,369.11,3.67,81.78,2.0,7.06,1.67,51.8,0.0,1.67,0.0,1.67,0.0,12.38,3.38,10.27,19.81,17.26,20.74,47.37,9.3,3.17,91.27,8.57,4.11,7.74,69.09,,,,9.41,6.27,5.46,0.0,37.61,30.78,0.0,1.67,0.0,4.35,0.53,25.18,3.71,9.94,0.0,1.27,1.18,1.34,10.82,4.31,0.0,8.72,50.89,53.55,4.4,248.1,6.41,183.38,9.33,98.85,7.04,32.38,63.23,8.35,204.54,19.54,0.0,2.85,4.82,145.4,7.99,236.67,1.58,22.7,22.7,,21.03,,,1.67,8.59,8.55,56.68,178.46,306.61,95.48,178.11,35.71,23.36,17.65,59.56,3.22,2.95,9.89,,17.83,9.44,8.39,1.75,0.7,2.45,0.0,2.1,2.1,0.7,0.0,0.0,0.0,0.0,2.1
113,ZM,F,3,3.58,49.71,145.26,148.38,10.85,61.15,80.97,9.86,67.41,99.07,6.37,58.9,0.0,6.45,1.4,34.19,0.0,1.76,0.0,0.0,0.0,11.81,2.45,5.6,18.11,12.97,0.0,51.47,8.46,2.78,26.1,4.99,5.0,0.0,,32.84,15.38,34.91,3.68,0.0,3.22,1.95,50.28,46.12,0.0,1.78,3.17,5.0,2.12,4.16,2.85,18.23,0.0,3.55,1.76,5.72,2.68,3.43,0.86,5.6,43.91,55.16,0.0,184.41,2.68,158.43,8.75,84.85,4.67,31.61,53.24,4.66,81.64,17.25,0.0,0.0,4.66,56.06,7.44,82.16,3.53,29.98,,29.98,24.74,0.0,1.58,2.37,12.04,6.06,26.17,51.76,60.3,23.93,24.26,15.1,3.96,15.65,37.19,0.0,1.58,14.13,0.22,17.91,12.57,5.33,1.14,0.0,6.1,0.0,2.67,2.29,1.14,0.0,0.76,0.0,0.0,1.52
116,ZM,T,3,3.58,62.99,251.67,212.86,13.96,64.52,79.49,11.63,133.37,234.09,5.02,70.34,1.0,6.75,1.53,42.99,0.0,1.72,0.0,0.83,0.0,12.1,2.92,7.93,18.96,15.12,10.37,49.42,8.88,2.98,58.69,6.78,4.56,3.87,,,,,6.54,3.13,4.34,0.97,43.95,38.45,0.0,1.73,1.58,4.67,1.33,14.67,3.28,14.09,0.0,2.41,1.47,3.53,6.75,3.87,0.43,7.16,47.4,54.35,2.2,216.25,4.54,170.91,9.04,91.85,5.86,32.0,58.23,6.5,143.09,18.39,0.0,1.43,4.74,100.73,7.72,159.41,2.56,26.34,,,22.89,,,2.02,10.31,7.31,41.43,115.11,183.46,59.71,101.19,25.41,13.66,16.65,48.38,1.61,2.27,12.01,,17.87,11.01,6.86,1.45,0.35,4.28,0.0,2.39,2.2,0.92,0.0,0.38,0.0,0.0,1.81
119,ZN,M,3,2.35,53.98,183.17,153.67,12.29,60.58,55.65,10.27,98.01,201.78,4.74,31.39,2.79,1.16,0.73,17.45,0.57,0.0,0.73,0.0,0.0,11.05,3.14,1.44,28.72,26.69,17.74,50.74,19.7,1.25,71.37,10.42,5.22,1.44,63.3,,,,13.62,3.51,3.51,0.0,31.4,31.4,0.0,0.0,0.0,2.6,0.73,7.52,5.11,9.88,0.0,3.47,1.82,1.12,3.98,3.7,0.0,2.4,27.37,52.9,0.73,183.16,3.25,187.27,3.82,75.69,1.89,20.82,50.48,4.54,107.67,6.62,0.0,3.15,4.7,82.14,5.96,153.51,4.63,26.67,26.67,,23.19,,,0.0,1.44,1.89,22.31,84.35,179.45,50.25,93.53,14.8,12.64,9.45,20.19,4.21,2.14,7.64,,11.75,7.91,3.84,0.48,0.72,2.16,0.48,0.72,2.88,0.72,0.24,0.0,0.0,0.0,1.44
122,ZN,F,3,2.22,30.69,76.39,84.15,8.17,50.48,51.86,7.08,32.29,109.06,4.07,11.2,0.83,1.59,0.87,6.82,0.0,0.0,0.0,0.0,0.0,5.73,2.05,3.34,8.41,5.59,2.25,20.59,28.69,0.68,26.26,10.16,0.0,0.0,,28.69,11.49,44.59,0.0,0.0,5.07,0.0,62.53,60.94,0.0,0.0,0.83,1.46,0.0,4.57,1.4,4.97,1.4,1.13,0.0,1.59,6.22,2.75,0.0,7.88,29.19,37.66,3.94,118.92,2.27,155.71,6.27,32.94,3.34,9.61,22.0,1.52,39.97,5.63,0.0,2.25,0.83,30.33,1.52,56.59,0.0,29.21,,29.21,26.39,0.0,0.0,1.75,2.82,4.43,15.1,22.51,78.21,9.31,46.78,3.2,2.92,7.78,29.52,2.0,1.33,9.12,0.0,11.1,9.06,2.05,1.17,0.29,2.92,0.58,2.05,2.63,0.88,0.58,0.29,0.0,0.0,0.29
125,ZN,T,3,2.29,42.34,129.78,118.91,10.23,55.53,53.76,8.68,65.15,155.42,4.41,21.3,1.81,1.38,0.8,12.13,0.28,0.0,0.36,0.0,0.0,8.39,2.6,2.39,18.57,16.14,9.99,35.66,24.2,0.97,48.82,10.29,2.61,0.72,,,,,6.81,1.75,4.29,0.0,46.97,46.17,0.0,0.0,0.41,2.03,0.36,6.04,3.26,7.43,0.7,2.3,0.91,1.36,5.1,3.23,0.0,5.14,28.28,45.28,2.33,151.04,2.76,171.49,5.04,54.31,2.61,15.21,36.24,3.03,73.82,6.13,0.0,2.7,2.77,56.23,3.74,105.05,2.31,27.94,,,24.79,,,0.88,2.13,3.16,18.7,53.43,128.83,29.78,70.16,9.0,7.78,8.62,24.86,3.1,1.74,8.38,,11.43,8.49,2.94,0.82,0.51,2.54,0.53,1.39,2.75,0.8,0.41,0.14,0.0,0.0,0.86
128,ZO,M,3,2.31,55.8,177.54,150.38,12.51,72.07,57.55,10.63,92.84,188.5,2.9,50.13,0.9,1.34,0.31,35.44,0.0,1.2,0.0,0.56,0.0,11.05,3.17,12.36,28.87,19.9,25.67,33.71,19.74,2.54,69.59,5.52,5.33,2.48,72.1,,,,5.92,3.51,6.12,0.93,33.99,30.25,0.0,2.14,1.53,3.98,0.46,1.78,2.53,6.21,0.38,1.68,0.75,1.22,4.62,3.52,0.12,5.71,33.94,43.21,1.92,183.93,2.71,167.88,5.54,82.41,4.35,28.24,50.75,6.84,121.17,12.27,0.0,2.29,5.5,85.13,8.03,154.72,4.55,32.64,32.64,,32.0,,,5.65,4.9,4.22,25.66,83.39,159.54,52.85,101.32,10.92,4.89,6.28,26.19,2.56,2.48,7.11,,11.55,7.8,3.74,0.95,0.32,2.84,0.18,1.98,1.13,0.36,0.05,0.14,0.0,0.0,1.13
131,ZO,F,3,1.79,34.66,65.71,72.98,6.84,49.97,41.69,6.14,31.29,70.02,3.1,19.88,0.68,2.09,0.49,9.91,0.0,0.31,0.0,0.0,0.0,9.65,1.6,1.54,5.29,4.5,1.9,16.73,19.49,1.25,21.04,3.75,0.31,0.0,,26.31,11.89,20.46,3.71,1.64,4.3,1.05,42.18,39.19,0.12,1.49,0.51,2.34,0.14,1.32,2.53,5.42,0.14,1.83,0.52,0.32,2.36,2.38,0.0,5.87,12.75,27.38,1.12,140.4,1.25,97.57,6.2,28.16,5.29,12.25,13.8,1.74,46.33,4.79,0.0,1.67,1.19,29.04,2.44,50.08,4.64,30.79,,30.79,30.09,0.45,0.0,0.89,4.45,2.33,20.55,25.91,53.42,14.75,36.15,3.17,1.77,4.71,14.97,0.53,1.63,5.72,0.08,8.94,6.42,2.52,1.28,0.24,1.95,0.14,1.28,0.76,0.24,0.0,0.14,0.0,0.0,0.67
134,ZO,T,3,2.05,45.23,121.63,111.68,9.68,61.02,49.62,8.38,62.07,129.26,3.0,35.01,0.79,1.72,0.4,22.68,0.0,0.76,0.0,0.28,0.0,10.35,2.39,6.95,17.08,12.2,13.79,25.22,19.61,1.9,45.32,4.63,2.82,1.24,,,,,4.82,2.57,5.21,0.99,38.09,34.72,0.06,1.82,1.02,3.16,0.3,1.55,2.53,5.82,0.26,1.76,0.64,0.77,3.49,2.95,0.06,5.79,23.34,35.3,1.52,162.17,1.98,132.72,5.87,55.28,4.82,20.25,32.27,4.29,83.75,8.53,0.0,1.98,3.35,57.09,5.23,102.4,4.59,31.71,,,31.05,,,3.27,4.68,3.27,23.11,54.65,106.48,33.8,68.73,7.04,3.33,5.5,20.58,1.55,2.06,6.42,,10.25,7.11,3.13,1.11,0.28,2.4,0.16,1.63,0.94,0.3,0.03,0.14,0.0,0.0,0.9
137,ZP,M,3,2.14,59.67,176.71,148.66,11.62,64.94,57.94,9.72,90.72,190.16,2.56,36.99,1.31,1.91,0.13,22.4,0.2,1.05,0.0,0.76,0.0,10.21,2.54,5.46,14.11,11.47,5.72,31.1,15.94,2.67,75.83,5.16,7.1,2.36,45.5,,,,9.65,1.91,8.17,1.15,44.67,38.72,0.23,3.37,0.57,2.63,0.49,6.66,3.52,7.06,1.1,1.73,0.54,0.52,7.77,3.57,0.23,1.87,32.5,45.72,2.53,195.47,5.24,161.4,5.99,58.82,4.7,17.48,48.05,4.32,123.06,11.89,0.22,1.75,3.29,86.45,5.96,162.28,7.11,30.13,30.13,,28.4,,,4.05,3.71,3.4,26.58,80.13,152.8,46.93,105.09,14.46,7.5,6.82,35.17,3.77,2.19,7.21,,10.72,7.7,3.02,0.94,0.33,2.5,0.28,1.56,1.51,0.71,0.05,0.24,0.0,0.0,1.04
140,ZP,F,3,1.86,34.8,72.43,77.84,7.02,49.54,44.69,6.3,33.14,72.13,3.4,13.43,1.13,0.25,1.4,7.91,0.0,0.99,0.0,0.26,0.0,8.83,1.67,1.09,5.58,5.29,0.84,14.19,10.46,0.58,21.2,5.59,2.73,0.79,,27.05,10.83,25.19,3.31,2.39,4.3,1.04,50.73,45.2,0.14,2.75,0.55,2.02,0.0,2.41,3.04,4.1,0.29,1.21,0.41,0.19,4.36,2.51,0.0,5.42,20.21,32.83,1.49,138.06,2.86,112.65,5.34,27.98,4.37,9.1,21.45,1.53,47.36,2.19,0.0,1.21,1.01,34.9,1.59,56.09,1.96,26.12,,26.12,25.17,0.64,0.0,2.23,3.46,3.17,18.21,25.61,48.88,12.95,29.36,4.87,3.62,6.61,22.31,0.93,0.93,6.03,0.13,9.28,6.79,2.48,1.12,0.3,2.03,0.35,1.22,1.17,0.46,0.1,0.15,0.0,0.05,0.66
143,ZP,T,3,2.0,47.23,124.57,113.25,9.32,57.24,51.31,8.01,61.93,131.15,2.98,25.21,1.22,1.08,0.77,15.15,0.1,1.02,0.0,0.51,0.0,9.52,2.1,3.27,9.85,8.38,3.28,22.64,13.2,1.63,48.52,5.38,4.92,1.57,,,,,6.48,2.15,6.24,1.09,47.7,41.96,0.19,3.06,0.56,2.33,0.24,4.54,3.28,5.58,0.7,1.47,0.48,0.36,6.07,3.04,0.12,3.65,26.36,39.27,2.01,166.77,4.05,137.03,5.67,43.4,4.54,13.29,34.75,2.93,85.21,7.04,0.11,1.48,2.15,60.68,3.77,109.19,4.54,28.13,,,26.79,,,3.14,3.58,3.29,22.39,52.87,100.84,29.94,67.23,9.67,5.56,6.72,28.74,2.35,1.56,6.62,,10.0,7.25,2.75,1.03,0.32,2.27,0.32,1.39,1.34,0.58,0.08,0.2,0.0,0.03,0.85
